sample_ID	filtered_reads_in_sample	kingdom	phylum	tclass	order	family	genus	species	subspecies	read_count	RPKMF	avg_read_identity	assembly_list
25-000493-54A2-SAD01-01-01-EC01-03-01.p2113_noHost_removal	23304172	k__Viruses	p__unclassified_Viruses	c__unclassified_Viruses	o__unclassified_Viruses	f__Anelloviridae	g__unclassified_Anelloviridae	s__SEN virus	t__SEN virus	173	1.93321965411744	0.9584513156983258	set:KM593802
25-000493-54A2-SAD01-01-01-EC01-03-01.p2113_noHost_removal	23304172	k__Viruses	p__Cressdnaviricota	c__Arfiviricetes	o__Cirlivirales	f__Circoviridae	g__unclassified_Circoviridae	s__Human respiratory circovirus-like 1	t__Human respiratory circovirus-like 1	41	0.5762665024722196	0.9523501857535135	acc:MK674279.1
25-000493-54A2-SAD01-01-01-EC01-03-01.p2113_noHost_removal	23304172	k__Viruses	p__Peploviricota	c__Herviviricetes	o__Herpesvirales	f__Orthoherpesviridae	g__Roseolovirus	s__Roseolovirus humanbeta6b	t__Human betaherpesvirus 6B	581	0.15378781751891332	0.99335291446555	GCF_000846365.1
25-000493-54A2-SAD01-01-01-EC01-03-01.p2113_noHost_removal	23304172	k__Viruses	p__Peploviricota	c__Herviviricetes	o__Herpesvirales	f__Orthoherpesviridae	g__Roseolovirus	s__Roseolovirus humanbeta7	t__Human betaherpesvirus 7	4902	1.3741089754277627	0.9978072291511598	GCF_000848125.1
25-000493-54A2-SAD01-01-01-EC01-03-01.p2113_noHost_removal	23304172	k__Viruses	p__Negarnaviricota	c__Insthoviricetes	o__Articulavirales	f__Orthomyxoviridae	g__Alphainfluenzavirus	s__Alphainfluenzavirus influenzae	t__H3N2	21	0.06703810458120238	0.9690949227373074	GCA_052872965.1
25-000493-54A2-SAD01-01-01-EC01-03-01.p2113_noHost_removal	23304172	k__Viruses	p__Cossaviricota	c__Papovaviricetes	o__Zurhausenvirales	f__Papillomaviridae	g__Gammapapillomavirus	s__Gammapapillomavirus 10	t__Human papillomavirus 133	22	0.1283007574468443	0.9837283498589083	set:GU117633
25-000493-54A2-SAD01-01-01-EC01-03-01.p2113_noHost_removal	23304172	k__Viruses	p__Artverviricota	c__Revtraviricetes	o__Ortervirales	f__Retroviridae	g__Gammaretrovirus	s__Gammaretrovirus porConc	t__Porcine type-C oncovirus	6	0.03189601450447835	0.9735099337748344	set:AF356697
25-000519-54A2-DPD01-08-01-FA03-01-74.p2113_noHost_removal	29842686	k__Viruses	p__unclassified_Viruses	c__unclassified_Viruses	o__unclassified_Viruses	f__Anelloviridae	g__Alphatorquevirus	s__unclassified_Alphatorquevirus	t__unclassified_Alphatorquevirus	16	0.1749819743062842	0.850993377483444	GCF_002818245.1
25-000519-54A2-DPD01-08-01-FA03-01-74.p2113_noHost_removal	29842686	k__Viruses	p__unclassified_Viruses	c__unclassified_Viruses	o__unclassified_Viruses	f__Anelloviridae	g__Betatorquevirus	s__TTV-like mini virus	t__TTV-like mini virus	10	0.11343618171852884	0.9857142857142858	acc:MN771257.1
25-000519-54A2-DPD01-08-01-FA03-01-74.p2113_noHost_removal	29842686	k__Viruses	p__unclassified_Viruses	c__unclassified_Viruses	o__unclassified_Viruses	f__Anelloviridae	g__Betatorquevirus	s__TTV-like mini virus	t__unclassified_TTV-like mini virus	3	0.03413485373139568	0.9099756690997567	acc:MN770204.1
25-000519-54A2-DPD01-08-01-FA03-01-74.p2113_noHost_removal	29842686	k__Viruses	p__unclassified_Viruses	c__unclassified_Viruses	o__unclassified_Viruses	f__Anelloviridae	g__Betatorquevirus	s__unclassified_Betatorquevirus	t__unclassified_Betatorquevirus	24	0.28343530471923434	0.8633710611417489	acc:MN769544.1,acc:MN770696.1
25-000519-54A2-DPD01-08-01-FA03-01-74.p2113_noHost_removal	29842686	k__Viruses	p__unclassified_Viruses	c__unclassified_Viruses	o__unclassified_Viruses	f__Anelloviridae	g__unclassified_Anelloviridae	s__Anellovirus D_HF7_66	t__unclassified_Anellovirus D_HF7_66	6941	61.38461407254537	0.9439472715881929	acc:OR148955.1
25-000519-54A2-DPD01-08-01-FA03-01-74.p2113_noHost_removal	29842686	k__Viruses	p__unclassified_Viruses	c__unclassified_Viruses	o__unclassified_Viruses	f__Anelloviridae	g__unclassified_Anelloviridae	s__Torque teno virus	t__Torque teno virus	217	2.1676825449899226	0.9536684926252945	set:AB064597,set:KP343840
25-000519-54A2-DPD01-08-01-FA03-01-74.p2113_noHost_removal	29842686	k__Viruses	p__unclassified_Viruses	c__unclassified_Viruses	o__unclassified_Viruses	f__Anelloviridae	g__unclassified_Anelloviridae	s__Torque teno virus	t__unclassified_Torque teno virus	368	3.978142579623077	0.9234712933664775	set:KP343843,set:MK820646,acc:MN768561.1
25-000519-54A2-DPD01-08-01-FA03-01-74.p2113_noHost_removal	29842686	k__Viruses	p__Peploviricota	c__Herviviricetes	o__Herpesvirales	f__Orthoherpesviridae	g__Lymphocryptovirus	s__Lymphocryptovirus humangamma4	t__Human herpesvirus 4 type 2	228	0.04422254035656144	0.9916443553729494	GCF_000872045.1
25-000519-54A2-DPD01-08-01-FA03-01-74.p2113_noHost_removal	29842686	k__Viruses	p__Peploviricota	c__Herviviricetes	o__Herpesvirales	f__Orthoherpesviridae	g__Roseolovirus	s__Roseolovirus humanbeta7	t__Human betaherpesvirus 7	201	0.04399868476620288	0.9966229596479809	GCF_000848125.1
25-000519-54A2-DPD01-08-01-FA03-01-74.p2113_noHost_removal	29842686	k__Viruses	p__Cossaviricota	c__Papovaviricetes	o__Zurhausenvirales	f__Papillomaviridae	g__Betapapillomavirus	s__Betapapillomavirus 1	t__human papillomavirus 21	10	0.043076292684989616	0.9980132450331126	set:U31779
25-000519-54A2-DPD01-08-01-FA03-01-74.p2113_noHost_removal	29842686	k__Viruses	p__Artverviricota	c__Revtraviricetes	o__Ortervirales	f__Retroviridae	g__unclassified_Retroviridae	s__Citrus blight-associated pararetrovirus	t__unclassified_Citrus blight-associated pararetrovirus	46	0.2128146088173488	0.9386756142134375	acc:MZ330114.1
26-000645-54A2-SAD01-01-01-EC01-03-37.p2113_noHost_removal	26248738	k__Viruses	p__unclassified_Viruses	c__unclassified_Viruses	o__unclassified_Viruses	f__Anelloviridae	g__Alphatorquevirus	s__Alphatorquevirus homin15	t__Torque teno virus 15	370	3.7221853111089898	0.954570594547883	GCF_000889875.1
26-000645-54A2-SAD01-01-01-EC01-03-37.p2113_noHost_removal	26248738	k__Viruses	p__unclassified_Viruses	c__unclassified_Viruses	o__unclassified_Viruses	f__Anelloviridae	g__Alphatorquevirus	s__Torque teno virus 16	t__Torque teno virus 16	376	3.7518329468604077	0.95890848320492	GCF_000889855.1
26-000645-54A2-SAD01-01-01-EC01-03-37.p2113_noHost_removal	26248738	k__Viruses	p__unclassified_Viruses	c__unclassified_Viruses	o__unclassified_Viruses	f__Anelloviridae	g__unclassified_Anelloviridae	s__Torque teno midi virus	t__Torque teno midi virus	2	0.024802779724749688	0.9744525547445255	acc:MN774937.1
26-000645-54A2-SAD01-01-01-EC01-03-37.p2113_noHost_removal	26248738	k__Viruses	p__unclassified_Viruses	c__unclassified_Viruses	o__unclassified_Viruses	f__Anelloviridae	g__unclassified_Anelloviridae	s__Torque teno virus	t__Torque teno virus	2121	20.798480027619405	0.9697739316242001	acc:PP374832.1,acc:MN765199.1,set:FR751497,set:FR751499
26-000645-54A2-SAD01-01-01-EC01-03-37.p2113_noHost_removal	26248738	k__Viruses	p__unclassified_Viruses	c__unclassified_Viruses	o__unclassified_Viruses	f__Anelloviridae	g__unclassified_Anelloviridae	s__Torque teno virus	t__unclassified_Torque teno virus	1363	14.509027812562632	0.9441530847867518	acc:MN768564.1,set:KP036971,set:MK820646
26-000645-54A2-SAD01-01-01-EC01-03-37.p2113_noHost_removal	26248738	k__Viruses	p__Peploviricota	c__Herviviricetes	o__Herpesvirales	f__Orthoherpesviridae	g__Lymphocryptovirus	s__Lymphocryptovirus humangamma4	t__Human gammaherpesvirus 4	218	0.04833556150965228	0.9971510310232078	GCF_002402265.1
26-000645-54A2-SAD01-01-01-EC01-03-37.p2113_noHost_removal	26248738	k__Viruses	p__Peploviricota	c__Herviviricetes	o__Herpesvirales	f__Orthoherpesviridae	g__Roseolovirus	s__Roseolovirus humanbeta6b	t__Human betaherpesvirus 6B	6	0.0014100103503910404	0.9933774834437087	GCF_000846365.1
26-000645-54A2-SAD01-01-01-EC01-03-37.p2113_noHost_removal	26248738	k__Viruses	p__Peploviricota	c__Herviviricetes	o__Herpesvirales	f__Orthoherpesviridae	g__Roseolovirus	s__Roseolovirus humanbeta7	t__Human betaherpesvirus 7	11269	2.804519714967087	0.9975424638384407	GCF_000848125.1
26-000645-54A2-SAD01-01-01-EC01-03-37.p2113_noHost_removal	26248738	k__Viruses	p__Cossaviricota	c__Papovaviricetes	o__Zurhausenvirales	f__Papillomaviridae	g__Betapapillomavirus	s__Betapapillomavirus 1	t__Human papillomavirus 19	257	1.2740334290051254	0.9979276141695291	set:X74470
26-000645-54A2-SAD01-01-01-EC01-03-37.p2113_noHost_removal	26248738	k__Viruses	p__Cossaviricota	c__Papovaviricetes	o__Zurhausenvirales	f__Papillomaviridae	g__Betapapillomavirus	s__Betapapillomavirus 1	t__human papillomavirus 118	207	1.038053628938214	0.9954105664946438	set:GQ246951
26-000645-54A2-SAD01-01-01-EC01-03-37.p2113_noHost_removal	26248738	k__Viruses	p__Cossaviricota	c__Papovaviricetes	o__Zurhausenvirales	f__Papillomaviridae	g__Betapapillomavirus	s__Betapapillomavirus 1	t__human papillomavirus 20	307	1.507773673425959	0.9803103195459851	set:U31778
26-000645-54A2-SAD01-01-01-EC01-03-37.p2113_noHost_removal	26248738	k__Viruses	p__Cossaviricota	c__Papovaviricetes	o__Zurhausenvirales	f__Papillomaviridae	g__Betapapillomavirus	s__Betapapillomavirus 1	t__human papillomavirus 24	560	2.8629037852979997	0.9943928927826212	set:U31782
26-000645-54A2-SAD01-01-01-EC01-03-37.p2113_noHost_removal	26248738	k__Viruses	p__Cossaviricota	c__Papovaviricetes	o__Zurhausenvirales	f__Papillomaviridae	g__Betapapillomavirus	s__Betapapillomavirus 2	t__Betapapillomavirus 2	3	0.015409358092442572	1.0	set:MF588680
26-000645-54A2-SAD01-01-01-EC01-03-37.p2113_noHost_removal	26248738	k__Viruses	p__Cossaviricota	c__Papovaviricetes	o__Zurhausenvirales	f__Papillomaviridae	g__Betapapillomavirus	s__Betapapillomavirus 2	t__Human papillomavirus 23	344	1.7893762919282004	0.9714268754162876	set:U31781
26-000645-54A2-SAD01-01-01-EC01-03-37.p2113_noHost_removal	26248738	k__Viruses	p__Cossaviricota	c__Papovaviricetes	o__Zurhausenvirales	f__Papillomaviridae	g__Betapapillomavirus	s__Betapapillomavirus 2	t__Human papillomavirus type 209	10	0.051489484602264525	0.9780490162904242	set:KY242583
26-000645-54A2-SAD01-01-01-EC01-03-37.p2113_noHost_removal	26248738	k__Viruses	p__Cossaviricota	c__Papovaviricetes	o__Zurhausenvirales	f__Papillomaviridae	g__Betapapillomavirus	s__Betapapillomavirus 3	t__human papillomavirus 76	14	0.07065293087839677	0.9706717123935669	set:Y15174
26-000668-54A2-SAD01-01-01-EC01-03-51.p2113_noHost_removal	25973834	k__Viruses	p__Cressdnaviricota	c__Arfiviricetes	o__Cirlivirales	f__Circoviridae	g__unclassified_Circoviridae	s__Human respiratory circovirus-like 1	t__unclassified_Human respiratory circovirus-like 1	42	0.5296468887439674	0.9318147972949301	acc:MK674279.1
26-000668-54A2-SAD01-01-01-EC01-03-51.p2113_noHost_removal	25973834	k__Viruses	p__Peploviricota	c__Herviviricetes	o__Herpesvirales	f__Orthoherpesviridae	g__Lymphocryptovirus	s__Lymphocryptovirus humangamma4	t__Human gammaherpesvirus 4	39898	8.939922787982134	0.9934839827166552	GCF_002402265.1
26-000668-54A2-SAD01-01-01-EC01-03-51.p2113_noHost_removal	25973834	k__Viruses	p__Peploviricota	c__Herviviricetes	o__Herpesvirales	f__Orthoherpesviridae	g__Roseolovirus	s__Roseolovirus humanbeta6b	t__Human betaherpesvirus 6B	32	0.007599646580673481	0.9987582781456954	GCF_000846365.1
26-000668-54A2-SAD01-01-01-EC01-03-51.p2113_noHost_removal	25973834	k__Viruses	p__Peploviricota	c__Herviviricetes	o__Herpesvirales	f__Orthoherpesviridae	g__Roseolovirus	s__Roseolovirus humanbeta7	t__Human betaherpesvirus 7	30219	7.600209687652022	0.9975096244414685	GCF_000848125.1
26-000668-54A2-SAD01-01-01-EC01-03-51.p2113_noHost_removal	25973834	k__Viruses	p__Cossaviricota	c__Papovaviricetes	o__Zurhausenvirales	f__Papillomaviridae	g__Alphapapillomavirus	s__Alphapapillomavirus 9	t__Human papillomavirus type 16	268190	1306.0196452020248	0.9960871868985459	GCF_000863945.3
26-000668-54A2-SAD01-01-01-EC01-03-51.p2113_noHost_removal	25973834	k__Viruses	p__Cossaviricota	c__Papovaviricetes	o__Zurhausenvirales	f__Papillomaviridae	g__Betapapillomavirus	s__Betapapillomavirus 1	t__Human papillomavirus 105	5	0.025107789588889495	0.9986754966887418	set:FM955841
26-000668-54A2-SAD01-01-01-EC01-03-51.p2113_noHost_removal	25973834	k__Viruses	p__Cossaviricota	c__Papovaviricetes	o__Zurhausenvirales	f__Papillomaviridae	g__Betapapillomavirus	s__Betapapillomavirus 1	t__Human papillomavirus type 196	16	0.08213394038528672	0.9830298013245033	set:KR816183
26-000668-54A2-SAD01-01-01-EC01-03-51.p2113_noHost_removal	25973834	k__Viruses	p__Cossaviricota	c__Papovaviricetes	o__Zurhausenvirales	f__Papillomaviridae	g__Betapapillomavirus	s__Betapapillomavirus 1	t__human papillomavirus 36	8	0.039886334685939544	1.0	set:U31785
26-000661-54A2-SAD01-01-01-EC01-03-47.p2113_noHost_removal	28990918	k__Viruses	p__unclassified_Viruses	c__unclassified_Viruses	o__unclassified_Viruses	f__Anelloviridae	g__Alphatorquevirus	s__Torque teno virus 11	t__unclassified_Torque teno virus 11	52	0.5617491934632535	0.9217315468269499	GCF_002818275.1
26-000661-54A2-SAD01-01-01-EC01-03-47.p2113_noHost_removal	28990918	k__Viruses	p__unclassified_Viruses	c__unclassified_Viruses	o__unclassified_Viruses	f__Anelloviridae	g__Gyrovirus	s__Gyrovirus chickenanemia	t__Chicken anemia virus	30	0.45089622290803627	0.9719646799117003	set:MH186137
26-000661-54A2-SAD01-01-01-EC01-03-47.p2113_noHost_removal	28990918	k__Viruses	p__unclassified_Viruses	c__unclassified_Viruses	o__unclassified_Viruses	f__Anelloviridae	g__unclassified_Anelloviridae	s__Torque teno virus	t__TT virus cyb/2019	2	0.018352519847015046	0.9668874172185431	acc:MT501648.1
26-000661-54A2-SAD01-01-01-EC01-03-47.p2113_noHost_removal	28990918	k__Viruses	p__unclassified_Viruses	c__unclassified_Viruses	o__unclassified_Viruses	f__Anelloviridae	g__unclassified_Anelloviridae	s__Torque teno virus	t__Torque teno virus	174	1.7391056036459198	0.9666795462455995	acc:OP985294.1,set:FR751497,set:KP343840,set:AJ620227
26-000661-54A2-SAD01-01-01-EC01-03-47.p2113_noHost_removal	28990918	k__Viruses	p__Peploviricota	c__Herviviricetes	o__Herpesvirales	f__Orthoherpesviridae	g__Lymphocryptovirus	s__Lymphocryptovirus humangamma4	t__Human gammaherpesvirus 4	358	0.07186869544113644	0.9903319467809528	GCF_002402265.1
26-000661-54A2-SAD01-01-01-EC01-03-47.p2113_noHost_removal	28990918	k__Viruses	p__Peploviricota	c__Herviviricetes	o__Herpesvirales	f__Orthoherpesviridae	g__Roseolovirus	s__Roseolovirus humanbeta6b	t__Human betaherpesvirus 6B	178	0.03787368066507969	0.9911054210450673	GCF_000846365.1
26-000661-54A2-SAD01-01-01-EC01-03-47.p2113_noHost_removal	28990918	k__Viruses	p__Peploviricota	c__Herviviricetes	o__Herpesvirales	f__Orthoherpesviridae	g__Roseolovirus	s__Roseolovirus humanbeta7	t__Human betaherpesvirus 7	76966	17.342771230493884	0.99701430570475	GCF_000848125.1
26-000661-54A2-SAD01-01-01-EC01-03-47.p2113_noHost_removal	28990918	k__Viruses	p__Cossaviricota	c__Papovaviricetes	o__Zurhausenvirales	f__Papillomaviridae	g__Betapapillomavirus	s__Betapapillomavirus 1	t__Betapapillomavirus 1	13	0.059392886580402926	0.9905180139143499	set:MF588677
26-000661-54A2-SAD01-01-01-EC01-03-47.p2113_noHost_removal	28990918	k__Viruses	p__Cossaviricota	c__Papovaviricetes	o__Zurhausenvirales	f__Papillomaviridae	g__Betapapillomavirus	s__Betapapillomavirus 1	t__Human papillomavirus 5	21	0.09351468914301062	0.9631031220435194	GCF_000866505.1
26-000661-54A2-SAD01-01-01-EC01-03-47.p2113_noHost_removal	28990918	k__Viruses	p__Cossaviricota	c__Papovaviricetes	o__Zurhausenvirales	f__Papillomaviridae	g__Betapapillomavirus	s__Betapapillomavirus 1	t__unclassified_Betapapillomavirus 1	4	0.01783534697645542	0.9188741721854304	set:JF304769
26-000661-54A2-SAD01-01-01-EC01-03-47.p2113_noHost_removal	28990918	k__Viruses	p__Cossaviricota	c__Quintoviricetes	o__Piccovirales	f__Parvoviridae	g__Copiparvovirus	s__Copiparvovirus ungulate2	t__Porcine parvovirus 4	31	0.18108389375553058	0.9790643024994664	GCF_000890295.1
26-000661-54A2-SAD01-01-01-EC01-03-47.p2113_noHost_removal	28990918	k__Viruses	p__Cossaviricota	c__Papovaviricetes	o__Sepolyvirales	f__Polyomaviridae	g__Alphapolyomavirus	s__Alphapolyomavirus quintihominis	t__Merkel cell polyomavirus	52	0.33296179222724487	0.9982170147733063	GCF_000874865.1
26-000661-54A2-SAD01-01-01-EC01-03-47.p2113_noHost_removal	28990918	k__Viruses	p__Artverviricota	c__Revtraviricetes	o__Ortervirales	f__Retroviridae	g__Gammaretrovirus	s__Gammaretrovirus porConc	t__unclassified_Gammaretrovirus porConc	130	0.5555206809737885	0.9435355417539367	set:AF356697
26-000661-54A2-SAD01-01-01-EC01-03-47.p2113_noHost_removal	28990918	k__Viruses	p__Pisuviricota	c__Pisoniviricetes	o__Picornavirales	f__Secoviridae	g__Fabavirus	s__Fabavirus betaviciae	t__unclassified_Fabavirus betaviciae	12	0.04332908328583453	0.9373519601682218	set:b8e4e4a2a60e1261bf0b8b1e58d193dfafdebe14
26-000658-54A2-SAD01-01-01-EC01-03-44.p2113_noHost_removal	26136400	k__Viruses	p__Cressdnaviricota	c__Arfiviricetes	o__Cirlivirales	f__Circoviridae	g__unclassified_Circoviridae	s__Human respiratory circular DNA virus	t__Human respiratory circular DNA virus	2670	33.793046512906166	0.9702665858970828	acc:MN535740.1
26-000658-54A2-SAD01-01-01-EC01-03-44.p2113_noHost_removal	26136400	k__Viruses	p__Peploviricota	c__Herviviricetes	o__Herpesvirales	f__Orthoherpesviridae	g__Lymphocryptovirus	s__Lymphocryptovirus humangamma4	t__Human herpesvirus 4 type 2	2	0.0004429257985781445	0.9668874172185431	GCF_000872045.1
26-000658-54A2-SAD01-01-01-EC01-03-44.p2113_noHost_removal	26136400	k__Viruses	p__Peploviricota	c__Herviviricetes	o__Herpesvirales	f__Orthoherpesviridae	g__Roseolovirus	s__Roseolovirus humanbeta7	t__Human betaherpesvirus 7	8513	2.1277392829953814	0.9969172410577787	GCF_000848125.1
26-000658-54A2-SAD01-01-01-EC01-03-44.p2113_noHost_removal	26136400	k__Viruses	p__Peploviricota	c__Herviviricetes	o__Herpesvirales	f__Orthoherpesviridae	g__Simplexvirus	s__Simplexvirus humanalpha1	t__Human alphaherpesvirus 1	32	0.008043161452673548	0.9902731788079471	GCF_000859985.2
26-000658-54A2-SAD01-01-01-EC01-03-44.p2113_noHost_removal	26136400	k__Viruses	p__Cossaviricota	c__Papovaviricetes	o__Zurhausenvirales	f__Papillomaviridae	g__Betapapillomavirus	s__Betapapillomavirus 1	t__Human papillomavirus type 8	36	0.1799568053279308	0.9993872549019608	set:M12737
26-000658-54A2-SAD01-01-01-EC01-03-44.p2113_noHost_removal	26136400	k__Viruses	p__Cossaviricota	c__Papovaviricetes	o__Zurhausenvirales	f__Papillomaviridae	g__Betapapillomavirus	s__Betapapillomavirus 2	t__Human papillomavirus 151	36	0.18648651340102654	0.9983443708609272	set:FN677756
26-000658-54A2-SAD01-01-01-EC01-03-44.p2113_noHost_removal	26136400	k__Viruses	p__Cossaviricota	c__Papovaviricetes	o__Zurhausenvirales	f__Papillomaviridae	g__Gammapapillomavirus	s__Gammapapillomavirus 10	t__Human papillomavirus 142	1	0.005188610839812487	0.9801324503311258	set:HM999994
26-000658-54A2-SAD01-01-01-EC01-03-44.p2113_noHost_removal	26136400	k__Viruses	p__Cossaviricota	c__Papovaviricetes	o__Zurhausenvirales	f__Papillomaviridae	g__unclassified_Papillomaviridae	s__Human papillomavirus	t__Human papillomavirus	23	0.11827230679974378	0.9865887155622255	set:KX781286,acc:OQ930234.1
25-000505-54A2-SAD01-01-01-EC01-03-13.p2113_noHost_removal	21240902	k__Viruses	p__unclassified_Viruses	c__unclassified_Viruses	o__unclassified_Viruses	f__Anelloviridae	g__Betatorquevirus	s__TTV-like mini virus	t__TTV-like mini virus	276	4.70075421415648	0.9721278541240674	acc:MN770259.1,acc:MN771452.1
25-000505-54A2-SAD01-01-01-EC01-03-13.p2113_noHost_removal	21240902	k__Viruses	p__unclassified_Viruses	c__unclassified_Viruses	o__unclassified_Viruses	f__Anelloviridae	g__unclassified_Anelloviridae	s__SEN virus	t__SEN virus	4185	51.308732086801214	0.9555426263570512	set:KM593802
25-000505-54A2-SAD01-01-01-EC01-03-13.p2113_noHost_removal	21240902	k__Viruses	p__unclassified_Viruses	c__unclassified_Viruses	o__unclassified_Viruses	f__Anelloviridae	g__unclassified_Anelloviridae	s__Torque teno virus	t__Torque teno virus	222	2.9828021641262064	0.9747497597546584	acc:MN768561.1,acc:MN768560.1
25-000505-54A2-SAD01-01-01-EC01-03-13.p2113_noHost_removal	21240902	k__Viruses	p__unclassified_Viruses	c__unclassified_Viruses	o__unclassified_Viruses	f__Anelloviridae	g__unclassified_Anelloviridae	s__unclassified_Anelloviridae	t__unclassified_Anelloviridae	51	0.6389111173346578	0.8815011211021174	set:FR751511
25-000505-54A2-SAD01-01-01-EC01-03-13.p2113_noHost_removal	21240902	k__Viruses	p__Peploviricota	c__Herviviricetes	o__Herpesvirales	f__Orthoherpesviridae	g__Lymphocryptovirus	s__Lymphocryptovirus humangamma4	t__Human gammaherpesvirus 4	652655	178.8254871488779	0.9918956930926242	GCF_002402265.1
25-000505-54A2-SAD01-01-01-EC01-03-13.p2113_noHost_removal	21240902	k__Viruses	p__Peploviricota	c__Herviviricetes	o__Herpesvirales	f__Orthoherpesviridae	g__Roseolovirus	s__Roseolovirus humanbeta6b	t__Human betaherpesvirus 6B	58	0.01684358438382036	0.9968029230417904	GCF_000846365.1
25-000505-54A2-SAD01-01-01-EC01-03-13.p2113_noHost_removal	21240902	k__Viruses	p__Peploviricota	c__Herviviricetes	o__Herpesvirales	f__Orthoherpesviridae	g__Roseolovirus	s__Roseolovirus humanbeta7	t__Human betaherpesvirus 7	4627	1.423010454430112	0.9975394060859181	GCF_000848125.1
25-000505-54A2-SAD01-01-01-EC01-03-13.p2113_noHost_removal	21240902	k__Viruses	p__Cossaviricota	c__Papovaviricetes	o__Zurhausenvirales	f__Papillomaviridae	g__Alphapapillomavirus	s__Alphapapillomavirus 2	t__Human papillomavirus 125	109	0.6571403275377511	0.9959292788140228	set:FN547152
25-000510-54A2-SAD01-01-01-EC01-03-18.p2113_noHost_removal	24397708	k__Viruses	p__Peploviricota	c__Herviviricetes	o__Herpesvirales	f__Orthoherpesviridae	g__Lymphocryptovirus	s__Lymphocryptovirus humangamma4	t__Human gammaherpesvirus 4	175	0.041745313030593575	0.9956817296455007	GCF_002402265.1
25-000510-54A2-SAD01-01-01-EC01-03-18.p2113_noHost_removal	24397708	k__Viruses	p__Cossaviricota	c__Papovaviricetes	o__Zurhausenvirales	f__Papillomaviridae	g__Betapapillomavirus	s__Betapapillomavirus 2	t__Human papillomavirus type 38b	19	0.10523806447587485	0.9992316557817902	set:DQ090005
25-000510-54A2-SAD01-01-01-EC01-03-18.p2113_noHost_removal	24397708	k__Viruses	p__Cossaviricota	c__Papovaviricetes	o__Zurhausenvirales	f__Papillomaviridae	g__Betapapillomavirus	s__Betapapillomavirus 2	t__unclassified_Betapapillomavirus 2	14	0.07834849722398339	0.9489120151371807	set:U31781
25-000510-54A2-SAD01-01-01-EC01-03-18.p2113_noHost_removal	24397708	k__Viruses	p__Cossaviricota	c__Papovaviricetes	o__Sepolyvirales	f__Polyomaviridae	g__Alphapolyomavirus	s__Alphapolyomavirus quintihominis	t__Merkel cell polyomavirus	24	0.18260608141349416	0.9994481236203091	GCF_000874865.1
26-000787-54A1-UBD01-00-01-DB01-02-80.p2113_noHost_removal	1026094	k__Viruses	p__Peploviricota	c__Herviviricetes	o__Herpesvirales	f__Orthoherpesviridae	g__Simplexvirus	s__Simplexvirus humanalpha1	t__Human alphaherpesvirus 1	483	3.092306682275524	0.9951328520002939	GCF_000859985.2
26-000787-54A1-UBD01-00-01-DB01-02-80.p2113_noHost_removal	1026094	k__Viruses	p__Cossaviricota	c__Papovaviricetes	o__Zurhausenvirales	f__Papillomaviridae	g__Betapapillomavirus	s__Betapapillomavirus 1	t__human papillomavirus 124	75	9.760010495504064	0.9857836644591613	set:GQ845446
26-000787-54A1-UBD01-00-01-DB01-02-80.p2113_noHost_removal	1026094	k__Viruses	p__Cossaviricota	c__Papovaviricetes	o__Zurhausenvirales	f__Papillomaviridae	g__Betapapillomavirus	s__Betapapillomavirus 2	t__Human papillomavirus 22	357	47.2205945358239	0.9795192889369623	set:U31780
26-000787-54A1-UBD01-00-01-DB01-02-80.p2113_noHost_removal	1026094	k__Viruses	p__Cossaviricota	c__Papovaviricetes	o__Zurhausenvirales	f__Papillomaviridae	g__Gammapapillomavirus	s__Gammapapillomavirus 1	t__Human papillomavirus 4	722	95.69417077800303	0.9983550506839367	GCF_000864845.1
26-000787-54A1-UBD01-00-01-DB01-02-80.p2113_noHost_removal	1026094	k__Viruses	p__Cossaviricota	c__Papovaviricetes	o__Zurhausenvirales	f__Papillomaviridae	g__unclassified_Papillomaviridae	s__Human papillomavirus	t__Human papillomavirus	70	9.431753172142672	0.9897824030274363	set:MH777156
26-000787-54A1-UBD01-00-01-DB01-02-80.p2113_noHost_removal	1026094	k__Viruses	p__Pisuviricota	c__Pisoniviricetes	o__Picornavirales	f__Picornaviridae	g__Enterovirus	s__Enterovirus A	t__Coxsackievirus A16	1592	209.18360165839067	0.9890155596458732	set:KC695830
26-000787-54A1-UBD01-00-01-DB01-02-80.p2113_noHost_removal	1026094	k__Viruses	p__Cossaviricota	c__Papovaviricetes	o__Sepolyvirales	f__Polyomaviridae	g__Alphapolyomavirus	s__Alphapolyomavirus quintihominis	t__Merkel cell polyomavirus	4099	741.5557293355656	0.9884535184565567	GCF_000874865.1
26-000787-54A1-UBD01-00-01-DB01-02-80.p2113_noHost_removal	1026094	k__Viruses	p__Cossaviricota	c__Papovaviricetes	o__Sepolyvirales	f__Polyomaviridae	g__Betapolyomavirus	s__Betapolyomavirus macacae	t__Betapolyomavirus macacae	143	26.58086021976904	0.9989534231217206	GCF_000837645.1
26-000789-54A1-UBD01-00-01-DB01-03-02.p2113_noHost_removal	319140	k__Viruses	p__Peploviricota	c__Herviviricetes	o__Herpesvirales	f__Orthoherpesviridae	g__Simplexvirus	s__Simplexvirus humanalpha1	t__Human alphaherpesvirus 1	435	8.877298492064856	0.9969160228456021	acc:ON783215.1
26-000789-54A1-UBD01-00-01-DB01-03-02.p2113_noHost_removal	319140	k__Viruses	p__Cossaviricota	c__Papovaviricetes	o__Zurhausenvirales	f__Papillomaviridae	g__Betapapillomavirus	s__Betapapillomavirus 1	t__human papillomavirus 25	243	98.71921688019634	0.9849904603144328	set:X74471
26-000789-54A1-UBD01-00-01-DB01-03-02.p2113_noHost_removal	319140	k__Viruses	p__Cossaviricota	c__Papovaviricetes	o__Sepolyvirales	f__Polyomaviridae	g__Alphapolyomavirus	s__Alphapolyomavirus quintihominis	t__Merkel cell polyomavirus	7764	4516.03511800131	0.9919841682284652	GCF_000874865.1
26-000784-54A1-UBD01-00-02-DB01-02-76.p2113_noHost_removal	625764	k__Viruses	p__Pisuviricota	c__Pisoniviricetes	o__Picornavirales	f__Dicistroviridae	g__Aparavirus	s__Aparavirus kashmirense	t__Kashmir bee virus	185	31.041433364287247	0.9804216623121764	GCF_000853385.1
26-000784-54A1-UBD01-00-02-DB01-02-76.p2113_noHost_removal	625764	k__Viruses	p__Pisuviricota	c__Pisoniviricetes	o__Picornavirales	f__Iflaviridae	g__Iflavirus	s__Iflavirus aladeformis	t__Deformed wing virus	176	27.70381500631893	0.9864859271523182	set:KJ437447,GCF_000852585.1
26-000784-54A1-UBD01-00-02-DB01-02-76.p2113_noHost_removal	625764	k__Viruses	p__Pisuviricota	c__Pisoniviricetes	o__Picornavirales	f__Iflaviridae	g__Iflavirus	s__Iflavirus sacbroodi	t__Sacbrood virus	277	49.95586206616157	0.9834463326582672	set:MG545286
26-000784-54A1-UBD01-00-02-DB01-02-76.p2113_noHost_removal	625764	k__Viruses	p__Peploviricota	c__Herviviricetes	o__Herpesvirales	f__Orthoherpesviridae	g__Roseolovirus	s__Roseolovirus humanbeta6b	t__Human betaherpesvirus 6B	370	3.647292786082285	0.9970646142831565	GCF_000846365.1
26-000784-54A1-UBD01-00-02-DB01-02-76.p2113_noHost_removal	625764	k__Viruses	p__Cossaviricota	c__Papovaviricetes	o__Zurhausenvirales	f__Papillomaviridae	g__Betapapillomavirus	s__Betapapillomavirus 1	t__human papillomavirus 25	893	185.01952123357498	0.9936192169915087	set:X74471
26-000784-54A1-UBD01-00-02-DB01-02-76.p2113_noHost_removal	625764	k__Viruses	p__Pisuviricota	c__Pisoniviricetes	o__Picornavirales	f__Picornaviridae	g__Enterovirus	s__Enterovirus A	t__Coxsackievirus A16	2796	603.1503979384413	0.9826717164884758	acc:OQ791560.1
26-000784-54A1-UBD01-00-02-DB01-02-76.p2113_noHost_removal	625764	k__Viruses	p__Cossaviricota	c__Papovaviricetes	o__Sepolyvirales	f__Polyomaviridae	g__Alphapolyomavirus	s__Alphapolyomavirus quintihominis	t__Merkel cell polyomavirus	1977	586.4744802669385	0.9891380600231446	GCF_000874865.1
26-000784-54A1-UBD01-00-02-DB01-02-76.p2113_noHost_removal	625764	k__Viruses	p__Duplornaviricota	c__Resentoviricetes	o__Reovirales	f__Sedoreoviridae	g__Rotavirus	s__Rotavirus alphagastroenteritidis	t__21	100	8.856387430169848	0.9798013245033117	set:82935e04980ac61890c9c3b0eb125bf3efc873ce
26-000784-54A1-UBD01-00-02-DB01-02-76.p2113_noHost_removal	625764	k__Viruses	p__Duplornaviricota	c__Resentoviricetes	o__Reovirales	f__Spinareoviridae	g__Aquareovirus	s__Aquareovirus salmonis	t__unclassified_Aquareovirus salmonis	146	10.137510145269507	0.9038356164383552	GCF_000866805.1
26-000663-54A2-SAD01-01-01-EC01-03-48.p2113_noHost_removal	25065232	k__Viruses	p__Cressdnaviricota	c__Arfiviricetes	o__Cirlivirales	f__Circoviridae	g__unclassified_Circoviridae	s__Human respiratory circular DNA virus	t__Human respiratory circular DNA virus	96	1.2669554881886087	0.9743781875618488	acc:MN535740.1
26-000663-54A2-SAD01-01-01-EC01-03-48.p2113_noHost_removal	25065232	k__Viruses	p__Cressdnaviricota	c__Arfiviricetes	o__Cirlivirales	f__Circoviridae	g__unclassified_Circoviridae	s__Human respiratory circular DNA virus	t__unclassified_Human respiratory circular DNA virus	10	0.15338677595132338	0.9401750567313483	acc:MN535743.1
26-000663-54A2-SAD01-01-01-EC01-03-48.p2113_noHost_removal	25065232	k__Viruses	p__Peploviricota	c__Herviviricetes	o__Herpesvirales	f__Orthoherpesviridae	g__Lymphocryptovirus	s__Lymphocryptovirus humangamma4	t__Human gammaherpesvirus 4	149	0.034596585808162716	0.9937330548024358	GCF_002402265.1
26-000663-54A2-SAD01-01-01-EC01-03-48.p2113_noHost_removal	25065232	k__Viruses	p__Peploviricota	c__Herviviricetes	o__Herpesvirales	f__Orthoherpesviridae	g__Roseolovirus	s__Roseolovirus humanbeta6b	t__Human betaherpesvirus 6B	20	0.0049219562067359035	0.9990066225165564	GCF_000846365.1
26-000663-54A2-SAD01-01-01-EC01-03-48.p2113_noHost_removal	25065232	k__Viruses	p__Peploviricota	c__Herviviricetes	o__Herpesvirales	f__Orthoherpesviridae	g__Roseolovirus	s__Roseolovirus humanbeta7	t__Human betaherpesvirus 7	29488	7.6851993188568555	0.9974080650342384	GCF_000848125.1
26-000663-54A2-SAD01-01-01-EC01-03-48.p2113_noHost_removal	25065232	k__Viruses	p__Cossaviricota	c__Papovaviricetes	o__Zurhausenvirales	f__Papillomaviridae	g__Betapapillomavirus	s__Betapapillomavirus 1	t__Human papillomavirus 19	119	0.6177764672176664	0.9957725966464306	set:X74470
26-000663-54A2-SAD01-01-01-EC01-03-48.p2113_noHost_removal	25065232	k__Viruses	p__Cossaviricota	c__Papovaviricetes	o__Zurhausenvirales	f__Papillomaviridae	g__Betapapillomavirus	s__Betapapillomavirus 2	t__Betapapillomavirus 2	8	0.043265176006440795	1.0	set:MF588681
26-000663-54A2-SAD01-01-01-EC01-03-48.p2113_noHost_removal	25065232	k__Viruses	p__Cossaviricota	c__Papovaviricetes	o__Zurhausenvirales	f__Papillomaviridae	g__Betapapillomavirus	s__Betapapillomavirus 3	t__Human papillomavirus type 49	92	0.4855056665468793	0.9840195796141668	GCF_000862825.1
26-000663-54A2-SAD01-01-01-EC01-03-48.p2113_noHost_removal	25065232	k__Viruses	p__Cossaviricota	c__Papovaviricetes	o__Zurhausenvirales	f__Papillomaviridae	g__unclassified_Papillomaviridae	s__Human papillomavirus	t__Human papillomavirus	36	0.1989273890751352	0.9812362030905079	set:MH777166,set:MH777340
25-000507-54A2-SAD01-01-01-EC01-03-15.p2113_noHost_removal	28127948	k__Viruses	p__Peploviricota	c__Herviviricetes	o__Herpesvirales	f__Orthoherpesviridae	g__Lymphocryptovirus	s__Lymphocryptovirus humangamma4	t__Human gammaherpesvirus 4	6	0.0012395819142565232	1.0	set:LN827548
25-000507-54A2-SAD01-01-01-EC01-03-15.p2113_noHost_removal	28127948	k__Viruses	p__Peploviricota	c__Herviviricetes	o__Herpesvirales	f__Orthoherpesviridae	g__Roseolovirus	s__Roseolovirus humanbeta7	t__Human betaherpesvirus 7	2723	0.6323989457608084	0.9967722493602844	GCF_000848125.1
25-000427-54A2-SAD02-01-01-EC01-02-16.p2113_noHost_removal	25193252	k__Viruses	p__Cressdnaviricota	c__Arfiviricetes	o__Cirlivirales	f__Circoviridae	g__unclassified_Circoviridae	s__Human PoSCV5-like circular virus	t__Human PoSCV5-like circular virus	1290	16.96626492181145	0.9738578469077841	GCF_013087445.1
25-000427-54A2-SAD02-01-01-EC01-02-16.p2113_noHost_removal	25193252	k__Viruses	p__Peploviricota	c__Herviviricetes	o__Herpesvirales	f__Orthoherpesviridae	g__Lymphocryptovirus	s__Lymphocryptovirus humangamma4	t__Human gammaherpesvirus 4	1199	0.27698334442189554	0.9950866452796326	GCF_002402265.1
25-000427-54A2-SAD02-01-01-EC01-02-16.p2113_noHost_removal	25193252	k__Viruses	p__Peploviricota	c__Herviviricetes	o__Herpesvirales	f__Orthoherpesviridae	g__Roseolovirus	s__Roseolovirus humanbeta6b	t__Human betaherpesvirus 6B	42	0.010283584900151766	0.9853358561967835	GCF_000846365.1
25-000427-54A2-SAD02-01-01-EC01-02-16.p2113_noHost_removal	25193252	k__Viruses	p__Peploviricota	c__Herviviricetes	o__Herpesvirales	f__Orthoherpesviridae	g__Roseolovirus	s__Roseolovirus humanbeta7	t__Human betaherpesvirus 7	191196	49.57652906701172	0.996788502506751	GCF_000848125.1
25-000427-54A2-SAD02-01-01-EC01-02-16.p2113_noHost_removal	25193252	k__Viruses	p__Cossaviricota	c__Papovaviricetes	o__Zurhausenvirales	f__Papillomaviridae	g__Betapapillomavirus	s__Betapapillomavirus 1	t__Human papillomavirus 19	6	0.030990112138734146	0.9966887417218544	set:X74470
25-000427-54A2-SAD02-01-01-EC01-02-16.p2113_noHost_removal	25193252	k__Viruses	p__Cossaviricota	c__Papovaviricetes	o__Sepolyvirales	f__Polyomaviridae	g__Alphapolyomavirus	s__Alphapolyomavirus quintihominis	t__Merkel cell polyomavirus	16096	118.60056474569095	0.9912132244976736	GCF_000874865.1
25-000635-54A2-SAD01-01-01-EC01-03-29.p2113_noHost_removal	25265142	k__Viruses	p__Cressdnaviricota	c__Arfiviricetes	o__Cirlivirales	f__Circoviridae	g__unclassified_Circoviridae	s__Human respiratory circular DNA virus	t__unclassified_Human respiratory circular DNA virus	569	7.3743116935208	0.9330342941626476	acc:MN535742.1
25-000635-54A2-SAD01-01-01-EC01-03-29.p2113_noHost_removal	25265142	k__Viruses	p__Peploviricota	c__Herviviricetes	o__Herpesvirales	f__Orthoherpesviridae	g__Lymphocryptovirus	s__Lymphocryptovirus humangamma4	t__Human gammaherpesvirus 4	804494	185.31892337696354	0.9902117996998001	GCF_002402265.1
25-000635-54A2-SAD01-01-01-EC01-03-29.p2113_noHost_removal	25265142	k__Viruses	p__Peploviricota	c__Herviviricetes	o__Herpesvirales	f__Orthoherpesviridae	g__Roseolovirus	s__Roseolovirus humanbeta6b	t__Human betaherpesvirus 6B	82	0.02002034638413151	0.9969310289129383	GCF_000846365.1
25-000635-54A2-SAD01-01-01-EC01-03-29.p2113_noHost_removal	25265142	k__Viruses	p__Peploviricota	c__Herviviricetes	o__Herpesvirales	f__Orthoherpesviridae	g__Roseolovirus	s__Roseolovirus humanbeta7	t__Human betaherpesvirus 7	42651	11.027803553734682	0.9967416989566216	GCF_000848125.1
25-000635-54A2-SAD01-01-01-EC01-03-29.p2113_noHost_removal	25265142	k__Viruses	p__Peploviricota	c__Herviviricetes	o__Herpesvirales	f__Orthoherpesviridae	g__Simplexvirus	s__Simplexvirus humanalpha2	t__Human alphaherpesvirus 2	28	0.0071649994791658875	0.9872280037842954	GCF_000858385.2
25-000635-54A2-SAD01-01-01-EC01-03-29.p2113_noHost_removal	25265142	k__Viruses	p__Cossaviricota	c__Quintoviricetes	o__Piccovirales	f__Parvoviridae	g__unclassified_Parvoviridae	s__Porcine partetravirus	t__Porcine partetravirus	8	0.0586048118473855	0.9958022168991594	GCF_000910935.1
25-000635-54A2-SAD01-01-01-EC01-03-29.p2113_noHost_removal	25265142	k__Viruses	p__Cossaviricota	c__Papovaviricetes	o__Sepolyvirales	f__Polyomaviridae	g__Alphapolyomavirus	s__Alphapolyomavirus quintihominis	t__Merkel cell polyomavirus	464	3.409174736933838	0.9911302874120115	GCF_000874865.1
25-000635-54A2-SAD01-01-01-EC01-03-29.p2113_noHost_removal	25265142	k__Viruses	p__Artverviricota	c__Revtraviricetes	o__Ortervirales	f__Retroviridae	g__Gammaretrovirus	s__Gammaretrovirus porConc	t__unclassified_Gammaretrovirus porConc	1829	8.968314068608992	0.9485245073769201	set:AF356697
25-000632-54A2-DPD01-08-01-FA03-02-02.p2113_noHost_removal	32711798	k__Viruses	p__Peploviricota	c__Herviviricetes	o__Herpesvirales	f__Orthoherpesviridae	g__Roseolovirus	s__Roseolovirus humanbeta7	t__Human betaherpesvirus 7	63	0.012581072938657522	0.9997897613791653	GCF_000848125.1
25-000632-54A2-DPD01-08-01-FA03-02-02.p2113_noHost_removal	32711798	k__Viruses	p__Cossaviricota	c__Papovaviricetes	o__Zurhausenvirales	f__Papillomaviridae	g__Betapapillomavirus	s__Betapapillomavirus 1	t__Betapapillomavirus 1	22	0.08907817554902399	0.9897652016857316	set:MF588677
25-000632-54A2-DPD01-08-01-FA03-02-02.p2113_noHost_removal	32711798	k__Viruses	p__Cossaviricota	c__Papovaviricetes	o__Zurhausenvirales	f__Papillomaviridae	g__Betapapillomavirus	s__Betapapillomavirus 1	t__Human papillomavirus type 195	6	0.024233064007319248	0.9657836644591611	set:KR816182
25-000632-54A2-DPD01-08-01-FA03-02-02.p2113_noHost_removal	32711798	k__Viruses	p__Cossaviricota	c__Papovaviricetes	o__Zurhausenvirales	f__Papillomaviridae	g__Gammapapillomavirus	s__Gammapapillomavirus 15	t__Human papillomavirus 146	12	0.050494166957026666	0.988362952022488	set:HM999998
25-000632-54A2-DPD01-08-01-FA03-02-02.p2113_noHost_removal	32711798	k__Viruses	p__Cossaviricota	c__Papovaviricetes	o__Zurhausenvirales	f__Papillomaviridae	g__unclassified_Papillomaviridae	s__Human papillomavirus	t__Human papillomavirus	4	0.016736934161091285	0.9917218543046358	set:MH777362
25-000632-54A2-DPD01-08-01-FA03-02-02.p2113_noHost_removal	32711798	k__Viruses	p__Cossaviricota	c__Papovaviricetes	o__Sepolyvirales	f__Polyomaviridae	g__Alphapolyomavirus	s__Alphapolyomavirus quintihominis	t__Merkel cell polyomavirus	392	2.2245116049993365	0.9909755887948721	GCF_000874865.1
25-000509-54A2-SAD01-01-01-EC01-03-17.p2113_noHost_removal	25596794	k__Viruses	p__unclassified_Viruses	c__unclassified_Viruses	o__unclassified_Viruses	f__Anelloviridae	g__unclassified_Anelloviridae	s__SEN virus	t__unclassified_SEN virus	517	5.259854678154878	0.9488307811862424	set:KM593802
25-000509-54A2-SAD01-01-01-EC01-03-17.p2113_noHost_removal	25596794	k__Viruses	p__unclassified_Viruses	c__unclassified_Viruses	o__unclassified_Viruses	f__Anelloviridae	g__unclassified_Anelloviridae	s__Torque teno virus	t__unclassified_Torque teno virus	112	1.1643288901051576	0.9362612558959466	set:AJ620222
25-000509-54A2-SAD01-01-01-EC01-03-17.p2113_noHost_removal	25596794	k__Viruses	p__Peploviricota	c__Herviviricetes	o__Herpesvirales	f__Orthoherpesviridae	g__Lymphocryptovirus	s__Lymphocryptovirus humangamma4	t__Human gammaherpesvirus 4	226	0.05138561614679845	0.9953154861660718	GCF_002402265.1
25-000509-54A2-SAD01-01-01-EC01-03-17.p2113_noHost_removal	25596794	k__Viruses	p__Peploviricota	c__Herviviricetes	o__Herpesvirales	f__Orthoherpesviridae	g__Roseolovirus	s__Roseolovirus humanbeta6b	t__Human betaherpesvirus 6B	276	0.06651245637154092	0.9940830353346294	GCF_000846365.1
25-000509-54A2-SAD01-01-01-EC01-03-17.p2113_noHost_removal	25596794	k__Viruses	p__Peploviricota	c__Herviviricetes	o__Herpesvirales	f__Orthoherpesviridae	g__Roseolovirus	s__Roseolovirus humanbeta7	t__Human betaherpesvirus 7	1500	0.38281348883419813	0.9963000340250686	GCF_000848125.1
25-000509-54A2-SAD01-01-01-EC01-03-17.p2113_noHost_removal	25596794	k__Viruses	p__Peploviricota	c__Herviviricetes	o__Herpesvirales	f__Orthoherpesviridae	g__Roseolovirus	s__unclassified_Roseolovirus	t__unclassified_Roseolovirus	82	0.02010017814002184	0.8831087988601453	GCF_000845685.2
25-000509-54A2-SAD01-01-01-EC01-03-17.p2113_noHost_removal	25596794	k__Viruses	p__Duplornaviricota	c__Resentoviricetes	o__Reovirales	f__Sedoreoviridae	g__Rotavirus	s__Rotavirus alphagastroenteritidis	t__3	12	0.025985738648961386	0.9920924574209243	set:0bf2daabe5bf9eec738cbce61307c0b97deec3cd
25-000641-54A2-SAD01-01-01-EC01-03-35.p2113_noHost_removal	30487224	k__Viruses	p__Preplasmiviricota	c__Tectiliviricetes	o__Rowavirales	f__Adenoviridae	g__Mastadenovirus	s__Human mastadenovirus F	t__Human mastadenovirus F	4	0.00383218447220807	1.0	acc:ON815883.1
25-000641-54A2-SAD01-01-01-EC01-03-35.p2113_noHost_removal	30487224	k__Viruses	p__unclassified_Viruses	c__unclassified_Viruses	o__unclassified_Viruses	f__Anelloviridae	g__Alphatorquevirus	s__Alphatorquevirus homin6	t__unclassified_Alphatorquevirus homin6	18	0.15935526288460045	0.9397666351308737	GCF_000888995.1
25-000641-54A2-SAD01-01-01-EC01-03-35.p2113_noHost_removal	30487224	k__Viruses	p__unclassified_Viruses	c__unclassified_Viruses	o__unclassified_Viruses	f__Anelloviridae	g__Gyrovirus	s__Gyrovirus chickenanemia	t__Chicken anemia virus	28	0.400181916525017	0.9815745935237281	set:MH186137
25-000641-54A2-SAD01-01-01-EC01-03-35.p2113_noHost_removal	30487224	k__Viruses	p__unclassified_Viruses	c__unclassified_Viruses	o__unclassified_Viruses	f__Anelloviridae	g__Gyrovirus	s__Gyrovirus galga1	t__Avian gyrovirus 2	130	1.7893752592056653	0.9742196748609048	GCF_000891935.1
25-000641-54A2-SAD01-01-01-EC01-03-35.p2113_noHost_removal	30487224	k__Viruses	p__unclassified_Viruses	c__unclassified_Viruses	o__unclassified_Viruses	f__Anelloviridae	g__Gyrovirus	s__Gyrovirus homsa1	t__Gyrovirus GyV3	33	0.45884723321053356	0.9955849889624725	GCF_000896975.1
25-000641-54A2-SAD01-01-01-EC01-03-35.p2113_noHost_removal	30487224	k__Viruses	p__unclassified_Viruses	c__unclassified_Viruses	o__unclassified_Viruses	f__Anelloviridae	g__unclassified_Anelloviridae	s__Torque teno virus	t__Torque teno virus	175	1.5133428328910394	0.9500470576097452	set:KJ194502
25-000641-54A2-SAD01-01-01-EC01-03-35.p2113_noHost_removal	30487224	k__Viruses	p__Cressdnaviricota	c__Arfiviricetes	o__Cirlivirales	f__Circoviridae	g__unclassified_Circoviridae	s__Human respiratory circovirus-like 1	t__Human respiratory circovirus-like 1	15590	167.49483880544207	0.9688314311204159	acc:MK674279.1
25-000641-54A2-SAD01-01-01-EC01-03-35.p2113_noHost_removal	30487224	k__Viruses	p__Peploviricota	c__Herviviricetes	o__Herpesvirales	f__Orthoherpesviridae	g__Lymphocryptovirus	s__Lymphocryptovirus humangamma4	t__Human gammaherpesvirus 4	43	0.008208603461591973	0.9924534113660868	GCF_002402265.1
25-000641-54A2-SAD01-01-01-EC01-03-35.p2113_noHost_removal	30487224	k__Viruses	p__Peploviricota	c__Herviviricetes	o__Herpesvirales	f__Orthoherpesviridae	g__Roseolovirus	s__Roseolovirus humanbeta6b	t__Human betaherpesvirus 6B	99	0.02003073065516208	0.9955639651003889	GCF_000846365.1
25-000641-54A2-SAD01-01-01-EC01-03-35.p2113_noHost_removal	30487224	k__Viruses	p__Peploviricota	c__Herviviricetes	o__Herpesvirales	f__Orthoherpesviridae	g__Roseolovirus	s__Roseolovirus humanbeta7	t__Human betaherpesvirus 7	8405	1.8009488675999015	0.9953849929488133	GCF_000848125.1
25-000641-54A2-SAD01-01-01-EC01-03-35.p2113_noHost_removal	30487224	k__Viruses	p__Cossaviricota	c__Papovaviricetes	o__Zurhausenvirales	f__Papillomaviridae	g__Betapapillomavirus	s__Betapapillomavirus 1	t__Human papillomavirus 93	8	0.03522214759060073	0.970113626054613	set:AY382778
25-000641-54A2-SAD01-01-01-EC01-03-35.p2113_noHost_removal	30487224	k__Viruses	p__Cossaviricota	c__Papovaviricetes	o__Zurhausenvirales	f__Papillomaviridae	g__Betapapillomavirus	s__Betapapillomavirus 1	t__Human papillomavirus 98	9	0.039539997923080945	0.9948491537895513	set:FM955837
25-000641-54A2-SAD01-01-01-EC01-03-35.p2113_noHost_removal	30487224	k__Viruses	p__Cossaviricota	c__Papovaviricetes	o__Zurhausenvirales	f__Papillomaviridae	g__Betapapillomavirus	s__Betapapillomavirus 3	t__Human papillomavirus type 49	12	0.05206448403769354	0.9966887417218544	GCF_000862825.1
25-000641-54A2-SAD01-01-01-EC01-03-35.p2113_noHost_removal	30487224	k__Viruses	p__Cossaviricota	c__Papovaviricetes	o__Zurhausenvirales	f__Papillomaviridae	g__Gammapapillomavirus	s__Gammapapillomavirus 1	t__Human papillomavirus 4	118	0.5263802180555063	0.9966778289120866	GCF_000864845.1
25-000641-54A2-SAD01-01-01-EC01-03-35.p2113_noHost_removal	30487224	k__Viruses	p__Cossaviricota	c__Papovaviricetes	o__Zurhausenvirales	f__Papillomaviridae	g__Gammapapillomavirus	s__Gammapapillomavirus 16	t__Human papillomavirus type 137	18	0.08159359438743018	0.9856512141280356	GCF_000897255.1
25-000641-54A2-SAD01-01-01-EC01-03-35.p2113_noHost_removal	30487224	k__Viruses	p__Cossaviricota	c__Papovaviricetes	o__Zurhausenvirales	f__Papillomaviridae	g__Gammapapillomavirus	s__Gammapapillomavirus 8	t__human papillomavirus 147	15	0.06810760993302933	0.9995584988962473	set:HM999999
25-000641-54A2-SAD01-01-01-EC01-03-35.p2113_noHost_removal	30487224	k__Viruses	p__Cossaviricota	c__Papovaviricetes	o__Zurhausenvirales	f__Papillomaviridae	g__unclassified_Papillomaviridae	s__Human papillomavirus	t__Human papillomavirus	9	0.037076817946963374	0.9963208241353938	acc:PP718701.1
25-000641-54A2-SAD01-01-01-EC01-03-35.p2113_noHost_removal	30487224	k__Viruses	p__Cossaviricota	c__Papovaviricetes	o__Zurhausenvirales	f__Papillomaviridae	g__unclassified_Papillomaviridae	s__Papillomavirus homo8923	t__unclassified_Papillomavirus homo8923	3	0.013553977249482202	0.9403973509933775	acc:BK066395.1
25-000641-54A2-SAD01-01-01-EC01-03-35.p2113_noHost_removal	30487224	k__Viruses	p__Cossaviricota	c__Papovaviricetes	o__Sepolyvirales	f__Polyomaviridae	g__Alphapolyomavirus	s__Alphapolyomavirus quintihominis	t__Merkel cell polyomavirus	3	0.01826654442755537	0.993347852497148	GCF_000874865.1
25-000641-54A2-SAD01-01-01-EC01-03-35.p2113_noHost_removal	30487224	k__Viruses	p__Artverviricota	c__Revtraviricetes	o__Ortervirales	f__Retroviridae	g__Alpharetrovirus	s__Alpharetrovirus avileu	t__unclassified_Alpharetrovirus avileu	630	2.6945602354625136	0.9273907533167516	set:KU937324,acc:MT538246.1
25-000641-54A2-SAD01-01-01-EC01-03-35.p2113_noHost_removal	30487224	k__Viruses	p__Artverviricota	c__Revtraviricetes	o__Ortervirales	f__Retroviridae	g__Alpharetrovirus	s__unclassified_Alpharetrovirus	t__unclassified_Alpharetrovirus	6	0.025403865969082427	0.8978102189781022	set:JF826241
25-000518-54A2-DPD02-08-01-FA03-01-63.p2113_noHost_removal	19885102	k__Viruses	p__Preplasmiviricota	c__Tectiliviricetes	o__Rowavirales	f__Adenoviridae	g__Mastadenovirus	s__Human mastadenovirus C	t__unclassified_Human mastadenovirus C	1	0.0013930444523206744	0.9205298013245033	acc:MN628614.1
25-000518-54A2-DPD02-08-01-FA03-01-63.p2113_noHost_removal	19885102	k__Viruses	p__Cressdnaviricota	c__Arfiviricetes	o__Cirlivirales	f__Circoviridae	g__unclassified_Circoviridae	s__Human fecal virus Jorvi3	t__Human fecal virus Jorvi3	18	0.4661175515540547	1.0	GCF_002219525.1
25-000518-54A2-DPD02-08-01-FA03-01-63.p2113_noHost_removal	19885102	k__Viruses	p__Cressdnaviricota	c__Arfiviricetes	o__Cirlivirales	f__Circoviridae	g__unclassified_Circoviridae	s__Human respiratory circovirus-like 1	t__Human respiratory circovirus-like 1	875	14.412968109295546	0.9870328174375561	acc:MK674279.1
25-000518-54A2-DPD02-08-01-FA03-01-63.p2113_noHost_removal	19885102	k__Viruses	p__Kitrinoviricota	c__Alsuviricetes	o__Hepelivirales	f__Hepeviridae	g__Orthohepevirus	s__Zhejiang orthohepevirus	t__unclassified_Zhejiang orthohepevirus	4	0.029625275245229073	0.9343065693430657	acc:MW897150.1
25-000518-54A2-DPD02-08-01-FA03-01-63.p2113_noHost_removal	19885102	k__Viruses	p__Peploviricota	c__Herviviricetes	o__Herpesvirales	f__Orthoherpesviridae	g__Roseolovirus	s__Roseolovirus humanbeta7	t__Human betaherpesvirus 7	3574	1.1741086066151467	0.9974539453638601	GCF_000848125.1
25-000518-54A2-DPD02-08-01-FA03-01-63.p2113_noHost_removal	19885102	k__Viruses	p__Peploviricota	c__Herviviricetes	o__Herpesvirales	f__Orthoherpesviridae	g__Simplexvirus	s__Simplexvirus humanalpha1	t__Human alphaherpesvirus 1	71	0.023455954039121287	0.9881413127225661	GCF_000859985.2
25-000518-54A2-DPD02-08-01-FA03-01-63.p2113_noHost_removal	19885102	k__Viruses	p__Cossaviricota	c__Papovaviricetes	o__Zurhausenvirales	f__Papillomaviridae	g__Gammapapillomavirus	s__Gammapapillomavirus 22	t__Human papillomavirus 172	3	0.020944983227312097	1.0	GCF_002827005.1
25-000518-54A2-DPD02-08-01-FA03-01-63.p2113_noHost_removal	19885102	k__Viruses	p__Cossaviricota	c__Papovaviricetes	o__Zurhausenvirales	f__Papillomaviridae	g__unclassified_Papillomaviridae	s__Human papillomavirus	t__Human papillomavirus	62	0.4370496345926736	0.9968758882840956	set:MH777346
25-000518-54A2-DPD02-08-01-FA03-01-63.p2113_noHost_removal	19885102	k__Viruses	p__Artverviricota	c__Revtraviricetes	o__Ortervirales	f__Retroviridae	g__unclassified_Retroviridae	s__Citrus blight-associated pararetrovirus	t__unclassified_Citrus blight-associated pararetrovirus	64	0.44435867770836474	0.9324296357615901	acc:MZ330114.1
25-000518-54A2-DPD02-08-01-FA03-01-63.p2113_noHost_removal	19885102	k__Viruses	p__Duplornaviricota	c__Resentoviricetes	o__Reovirales	f__Spinareoviridae	g__Aquareovirus	s__Aquareovirus salmonis	t__unclassified_Aquareovirus salmonis	60	0.13110294519776586	0.9415119329396366	GCF_000866805.1
25-000499-54A2-DPD01-08-01-FA03-01-68.p2113_noHost_removal	27320446	k__Viruses	p__unclassified_Viruses	c__unclassified_Viruses	o__unclassified_Viruses	f__Anelloviridae	g__unclassified_Anelloviridae	s__Torque teno midi virus	t__unclassified_Torque teno midi virus	779	8.952415617268118	0.9433072950605793	acc:MN774949.1
25-000499-54A2-DPD01-08-01-FA03-01-68.p2113_noHost_removal	27320446	k__Viruses	p__unclassified_Viruses	c__unclassified_Viruses	o__unclassified_Viruses	f__Anelloviridae	g__unclassified_Anelloviridae	s__Torque teno virus	t__Torque teno virus	3526	34.50616226646732	0.9708941277790654	set:FR751497,GCF_000893775.1,acc:MN765197.1,set:KP343845,set:AY823988
25-000499-54A2-DPD01-08-01-FA03-01-68.p2113_noHost_removal	27320446	k__Viruses	p__unclassified_Viruses	c__unclassified_Viruses	o__unclassified_Viruses	f__Anelloviridae	g__unclassified_Anelloviridae	s__Torque teno virus	t__unclassified_Torque teno virus	145	1.4682751196091217	0.9238199807638019	set:AM712003,acc:MN765196.1
25-000499-54A2-DPD01-08-01-FA03-01-68.p2113_noHost_removal	27320446	k__Viruses	p__Peploviricota	c__Herviviricetes	o__Herpesvirales	f__Orthoherpesviridae	g__Lymphocryptovirus	s__Lymphocryptovirus humangamma4	t__Human gammaherpesvirus 4	12558959	2675.3743584102544	0.9910286831108891	GCF_002402265.1
25-000499-54A2-DPD01-08-01-FA03-01-68.p2113_noHost_removal	27320446	k__Viruses	p__Peploviricota	c__Herviviricetes	o__Herpesvirales	f__Orthoherpesviridae	g__Roseolovirus	s__Roseolovirus humanbeta7	t__Human betaherpesvirus 7	112	0.02678007471230765	0.9997043519394513	GCF_000848125.1
25-000502-54A2-SAD01-01-01-EC01-03-10.p2113_noHost_removal	24358652	k__Viruses	p__unclassified_Viruses	c__unclassified_Viruses	o__unclassified_Viruses	f__Anelloviridae	g__Alphatorquevirus	s__Alphatorquevirus homin15	t__unclassified_Alphatorquevirus homin15	90	0.9756497855117353	0.9469082819959569	GCF_000889875.1
25-000502-54A2-SAD01-01-01-EC01-03-10.p2113_noHost_removal	24358652	k__Viruses	p__unclassified_Viruses	c__unclassified_Viruses	o__unclassified_Viruses	f__Anelloviridae	g__unclassified_Anelloviridae	s__Torque teno virus	t__Torque teno virus	11	0.12368800972355325	0.9987959060806744	acc:MN768565.1
25-000502-54A2-SAD01-01-01-EC01-03-10.p2113_noHost_removal	24358652	k__Viruses	p__unclassified_Viruses	c__unclassified_Viruses	o__unclassified_Viruses	f__Anelloviridae	g__unclassified_Anelloviridae	s__Torque teno virus	t__unclassified_Torque teno virus	521	5.731164015001973	0.9345166778171108	acc:MT783405.1
25-000502-54A2-SAD01-01-01-EC01-03-10.p2113_noHost_removal	24358652	k__Viruses	p__unclassified_Viruses	c__unclassified_Viruses	o__unclassified_Viruses	f__Anelloviridae	g__unclassified_Anelloviridae	s__unclassified_Anelloviridae	t__unclassified_Anelloviridae	118	1.5769123157280351	0.8892074506166842	set:KP343840
25-000502-54A2-SAD01-01-01-EC01-03-10.p2113_noHost_removal	24358652	k__Viruses	p__Peploviricota	c__Herviviricetes	o__Herpesvirales	f__Orthoherpesviridae	g__Lymphocryptovirus	s__Lymphocryptovirus humangamma4	t__Human gammaherpesvirus 4	71258	17.02546885130331	0.9885417657721774	GCF_002402265.1
25-000502-54A2-SAD01-01-01-EC01-03-10.p2113_noHost_removal	24358652	k__Viruses	p__Peploviricota	c__Herviviricetes	o__Herpesvirales	f__Orthoherpesviridae	g__Roseolovirus	s__Roseolovirus humanbeta6b	t__Human betaherpesvirus 6B	156	0.03950488717036838	0.9860436663404892	GCF_000846365.1
25-000502-54A2-SAD01-01-01-EC01-03-10.p2113_noHost_removal	24358652	k__Viruses	p__Peploviricota	c__Herviviricetes	o__Herpesvirales	f__Orthoherpesviridae	g__Roseolovirus	s__Roseolovirus humanbeta7	t__Human betaherpesvirus 7	451	0.12094971167708653	0.9969277452662655	GCF_000848125.1
25-000502-54A2-SAD01-01-01-EC01-03-10.p2113_noHost_removal	24358652	k__Viruses	p__Cossaviricota	c__Papovaviricetes	o__Zurhausenvirales	f__Papillomaviridae	g__Betapapillomavirus	s__Betapapillomavirus 1	t__human papillomavirus 20	5	0.026462018089273787	0.9986754966887418	set:U31778
25-000632-54A2-DPD02-08-01-FA03-02-03.p2113_noHost_removal	36766652	k__Viruses	p__Cossaviricota	c__Papovaviricetes	o__Zurhausenvirales	f__Papillomaviridae	g__Gammapapillomavirus	s__Gammapapillomavirus 16	t__Human papillomavirus type 137	26	0.09772838125674757	0.9796230259806422	GCF_000897255.1
25-000632-54A2-DPD02-08-01-FA03-02-03.p2113_noHost_removal	36766652	k__Viruses	p__Cossaviricota	c__Papovaviricetes	o__Zurhausenvirales	f__Papillomaviridae	g__Gammapapillomavirus	s__Gammapapillomavirus 19	t__Gammapapillomavirus 19	10	0.03735039860001613	0.9960264900662252	set:MF588733
25-000632-54A2-DPD02-08-01-FA03-02-03.p2113_noHost_removal	36766652	k__Viruses	p__Cossaviricota	c__Papovaviricetes	o__Zurhausenvirales	f__Papillomaviridae	g__unclassified_Papillomaviridae	s__Human papillomavirus	t__Human papillomavirus	18	0.06682692938705588	0.9933774834437086	set:MH777330
25-000632-54A2-DPD02-08-01-FA03-02-03.p2113_noHost_removal	36766652	k__Viruses	p__Cossaviricota	c__Papovaviricetes	o__Sepolyvirales	f__Polyomaviridae	g__Alphapolyomavirus	s__Alphapolyomavirus quintihominis	t__Merkel cell polyomavirus	261	1.3177694872839771	0.991146611640528	GCF_000874865.1
25-000632-54A2-DPD02-08-01-FA03-02-03.p2113_noHost_removal	36766652	k__Viruses	p__Duplornaviricota	c__Resentoviricetes	o__Reovirales	f__Sedoreoviridae	g__Rotavirus	s__Rotavirus alphagastroenteritidis	t__21	172	0.2592635981385203	0.968939718256599	set:82935e04980ac61890c9c3b0eb125bf3efc873ce
25-000634-54A2-SAD01-01-01-EC01-03-28.p2113_noHost_removal	30003044	k__Viruses	p__unclassified_Viruses	c__unclassified_Viruses	o__unclassified_Viruses	f__Anelloviridae	g__Alphatorquevirus	s__Alphatorquevirus homin9	t__unclassified_Alphatorquevirus homin9	57	0.6200415250955512	0.9455687468434572	GCF_002818245.1
25-000634-54A2-SAD01-01-01-EC01-03-28.p2113_noHost_removal	30003044	k__Viruses	p__unclassified_Viruses	c__unclassified_Viruses	o__unclassified_Viruses	f__Anelloviridae	g__Betatorquevirus	s__TTV-like mini virus	t__unclassified_TTV-like mini virus	287	3.4041623015560014	0.9475227827935901	acc:MN770148.1
25-000634-54A2-SAD01-01-01-EC01-03-28.p2113_noHost_removal	30003044	k__Viruses	p__unclassified_Viruses	c__unclassified_Viruses	o__unclassified_Viruses	f__Anelloviridae	g__Betatorquevirus	s__unclassified_Betatorquevirus	t__unclassified_Betatorquevirus	11	0.1265548726257681	0.8940397350993377	acc:MN770149.1
25-000634-54A2-SAD01-01-01-EC01-03-28.p2113_noHost_removal	30003044	k__Viruses	p__unclassified_Viruses	c__unclassified_Viruses	o__unclassified_Viruses	f__Anelloviridae	g__unclassified_Anelloviridae	s__Torque teno virus	t__Torque teno virus	13437	125.07803979650859	0.9549799013361009	acc:MN765197.1,set:KP343845
25-000634-54A2-SAD01-01-01-EC01-03-28.p2113_noHost_removal	30003044	k__Viruses	p__unclassified_Viruses	c__unclassified_Viruses	o__unclassified_Viruses	f__Anelloviridae	g__unclassified_Anelloviridae	s__Torque teno virus	t__unclassified_Torque teno virus	661	6.832734130103172	0.9359282214026111	set:MK820645,set:KP343840,set:KP343839
25-000634-54A2-SAD01-01-01-EC01-03-28.p2113_noHost_removal	30003044	k__Viruses	p__unclassified_Viruses	c__unclassified_Viruses	o__unclassified_Viruses	f__Anelloviridae	g__unclassified_Anelloviridae	s__unclassified_Anelloviridae	t__unclassified_Anelloviridae	10	0.10989103677632411	0.8821705426356589	set:KP343843
25-000634-54A2-SAD01-01-01-EC01-03-28.p2113_noHost_removal	30003044	k__Viruses	p__Peploviricota	c__Herviviricetes	o__Herpesvirales	f__Orthoherpesviridae	g__Lymphocryptovirus	s__Lymphocryptovirus humangamma4	t__Human herpesvirus 4 type 2	1837547	354.50297692180925	0.9913694930311928	GCF_000872045.1
25-000634-54A2-SAD01-01-01-EC01-03-28.p2113_noHost_removal	30003044	k__Viruses	p__Peploviricota	c__Herviviricetes	o__Herpesvirales	f__Orthoherpesviridae	g__Roseolovirus	s__Roseolovirus humanbeta6b	t__Human betaherpesvirus 6B	164	0.0337177050624776	0.9898180974181691	GCF_000846365.1
25-000634-54A2-SAD01-01-01-EC01-03-28.p2113_noHost_removal	30003044	k__Viruses	p__Peploviricota	c__Herviviricetes	o__Herpesvirales	f__Orthoherpesviridae	g__Roseolovirus	s__Roseolovirus humanbeta7	t__Human betaherpesvirus 7	343214	74.72763233879071	0.9969087451325204	GCF_000848125.1
25-000634-54A2-SAD01-01-01-EC01-03-28.p2113_noHost_removal	30003044	k__Viruses	p__Peploviricota	c__Herviviricetes	o__Herpesvirales	f__Orthoherpesviridae	g__Roseolovirus	s__unclassified_Roseolovirus	t__unclassified_Roseolovirus	20	0.004182503413803549	0.8519057623049221	GCF_000845685.2
25-000634-54A2-SAD01-01-01-EC01-03-28.p2113_noHost_removal	30003044	k__Viruses	p__Cossaviricota	c__Papovaviricetes	o__Zurhausenvirales	f__Papillomaviridae	g__Gammapapillomavirus	s__Gammapapillomavirus 24	t__Gammapapillomavirus 24	16	0.07301194184941755	0.978062913907285	set:MF588748
25-000634-54A2-SAD01-01-01-EC01-03-28.p2113_noHost_removal	30003044	k__Viruses	p__Cossaviricota	c__Papovaviricetes	o__Zurhausenvirales	f__Papillomaviridae	g__unclassified_Papillomaviridae	s__Human papillomavirus	t__Human papillomavirus	1004	4.563861763880313	0.9879864972762875	set:MH777166,set:MH777353
25-000634-54A2-SAD01-01-01-EC01-03-28.p2113_noHost_removal	30003044	k__Viruses	p__Cossaviricota	c__Papovaviricetes	o__Sepolyvirales	f__Polyomaviridae	g__Alphapolyomavirus	s__Alphapolyomavirus quintihominis	t__Merkel cell polyomavirus	15025	92.96129953596491	0.9882228648373348	GCF_000874865.1
26-000655-54A2-SAD01-01-01-EC01-03-41.p2113_noHost_removal	30603508	k__Viruses	p__unclassified_Viruses	c__unclassified_Viruses	o__unclassified_Viruses	f__Anelloviridae	g__unclassified_Anelloviridae	s__Torque teno virus	t__Torque teno virus	168	1.590717690996408	0.9900958462212491	set:KJ194503
26-000655-54A2-SAD01-01-01-EC01-03-41.p2113_noHost_removal	30603508	k__Viruses	p__Peploviricota	c__Herviviricetes	o__Herpesvirales	f__Orthoherpesviridae	g__Lymphocryptovirus	s__Lymphocryptovirus humangamma4	t__Human gammaherpesvirus 4	2576	0.489884106658045	0.9925415077071266	GCF_002402265.1
26-000655-54A2-SAD01-01-01-EC01-03-41.p2113_noHost_removal	30603508	k__Viruses	p__Peploviricota	c__Herviviricetes	o__Herpesvirales	f__Orthoherpesviridae	g__Roseolovirus	s__Roseolovirus humanbeta6b	t__Human betaherpesvirus 6B	2	0.00040312363607360104	0.990066225165563	GCF_000846365.1
26-000655-54A2-SAD01-01-01-EC01-03-41.p2113_noHost_removal	30603508	k__Viruses	p__Peploviricota	c__Herviviricetes	o__Herpesvirales	f__Orthoherpesviridae	g__Roseolovirus	s__Roseolovirus humanbeta7	t__Human betaherpesvirus 7	39870	8.510529290140559	0.9973100311152954	GCF_000848125.1
26-000655-54A2-SAD01-01-01-EC01-03-41.p2113_noHost_removal	30603508	k__Viruses	p__Cossaviricota	c__Papovaviricetes	o__Zurhausenvirales	f__Papillomaviridae	g__Alphapapillomavirus	s__Alphapapillomavirus 2	t__Human papillomavirus 125	269	1.125604046756257	0.9974000313134539	set:FN547152
26-000655-54A2-SAD01-01-01-EC01-03-41.p2113_noHost_removal	30603508	k__Viruses	p__Cossaviricota	c__Papovaviricetes	o__Zurhausenvirales	f__Papillomaviridae	g__Alphapapillomavirus	s__Alphapapillomavirus 2	t__Human papillomavirus type XS2	112	0.46739606229277175	0.9927631924734576	acc:OL817334.1
26-000655-54A2-SAD01-01-01-EC01-03-41.p2113_noHost_removal	30603508	k__Viruses	p__Cossaviricota	c__Papovaviricetes	o__Zurhausenvirales	f__Papillomaviridae	g__Alphapapillomavirus	s__Alphapapillomavirus 3	t__human papillomavirus 89	146621	593.0907039479197	0.9904896603742096	set:AF436128
26-000655-54A2-SAD01-01-01-EC01-03-41.p2113_noHost_removal	30603508	k__Viruses	p__Cossaviricota	c__Papovaviricetes	o__Zurhausenvirales	f__Papillomaviridae	g__Alphapapillomavirus	s__Alphapapillomavirus 7	t__human papillomavirus 39	30	0.1243221023559336	0.9993377483443708	acc:LR861904.1
26-000655-54A2-SAD01-01-01-EC01-03-41.p2113_noHost_removal	30603508	k__Viruses	p__Cossaviricota	c__Papovaviricetes	o__Zurhausenvirales	f__Papillomaviridae	g__Betapapillomavirus	s__Betapapillomavirus 1	t__Betapapillomavirus 1	46	0.19908551764026788	0.9722862078894332	set:MF588677
26-000655-54A2-SAD01-01-01-EC01-03-41.p2113_noHost_removal	30603508	k__Viruses	p__Cossaviricota	c__Papovaviricetes	o__Zurhausenvirales	f__Papillomaviridae	g__Betapapillomavirus	s__Betapapillomavirus 1	t__Human papillomavirus 152	162	0.7076886091194247	0.9779771099807514	set:JF304768
26-000655-54A2-SAD01-01-01-EC01-03-41.p2113_noHost_removal	30603508	k__Viruses	p__Cossaviricota	c__Papovaviricetes	o__Zurhausenvirales	f__Papillomaviridae	g__Betapapillomavirus	s__Betapapillomavirus 1	t__Human papillomavirus 19	14837	63.08571265445487	0.9966053955496736	set:X74470
26-000655-54A2-SAD01-01-01-EC01-03-41.p2113_noHost_removal	30603508	k__Viruses	p__Cossaviricota	c__Papovaviricetes	o__Zurhausenvirales	f__Papillomaviridae	g__Betapapillomavirus	s__Betapapillomavirus 1	t__Human papillomavirus 5	15208	64.15394977958502	0.969019530202753	GCF_000866505.1
26-000655-54A2-SAD01-01-01-EC01-03-41.p2113_noHost_removal	30603508	k__Viruses	p__Cossaviricota	c__Papovaviricetes	o__Zurhausenvirales	f__Papillomaviridae	g__Betapapillomavirus	s__Betapapillomavirus 1	t__Human papillomavirus 93	236	1.0351052679644859	0.9637479876437104	set:AY382778
26-000655-54A2-SAD01-01-01-EC01-03-41.p2113_noHost_removal	30603508	k__Viruses	p__Cossaviricota	c__Papovaviricetes	o__Zurhausenvirales	f__Papillomaviridae	g__Betapapillomavirus	s__Betapapillomavirus 1	t__Human papillomavirus type 195	840	3.626348759168057	0.9969829973330895	set:KR816182
26-000655-54A2-SAD01-01-01-EC01-03-41.p2113_noHost_removal	30603508	k__Viruses	p__Cossaviricota	c__Papovaviricetes	o__Zurhausenvirales	f__Papillomaviridae	g__Betapapillomavirus	s__Betapapillomavirus 1	t__Human papillomavirus type 196	73	0.3180463276737207	0.9821862003367869	set:KR816183
26-000655-54A2-SAD01-01-01-EC01-03-41.p2113_noHost_removal	30603508	k__Viruses	p__Cossaviricota	c__Papovaviricetes	o__Zurhausenvirales	f__Papillomaviridae	g__Betapapillomavirus	s__Betapapillomavirus 1	t__human papillomavirus 124	940	4.101406464823716	0.9930687853244882	set:GQ845446
26-000655-54A2-SAD01-01-01-EC01-03-41.p2113_noHost_removal	30603508	k__Viruses	p__Cossaviricota	c__Papovaviricetes	o__Zurhausenvirales	f__Papillomaviridae	g__Betapapillomavirus	s__Betapapillomavirus 1	t__human papillomavirus 20	193	0.8130032958436316	0.9852794839240987	set:U31778
26-000655-54A2-SAD01-01-01-EC01-03-41.p2113_noHost_removal	30603508	k__Viruses	p__Cossaviricota	c__Papovaviricetes	o__Zurhausenvirales	f__Papillomaviridae	g__Betapapillomavirus	s__Betapapillomavirus 1	t__human papillomavirus 21	1704	7.157718387703724	0.9934696084167612	set:U31779
26-000655-54A2-SAD01-01-01-EC01-03-41.p2113_noHost_removal	30603508	k__Viruses	p__Cossaviricota	c__Papovaviricetes	o__Zurhausenvirales	f__Papillomaviridae	g__Betapapillomavirus	s__Betapapillomavirus 1	t__human papillomavirus 24	235	1.0304425998075957	0.9723264426477187	set:U31782
26-000655-54A2-SAD01-01-01-EC01-03-41.p2113_noHost_removal	30603508	k__Viruses	p__Cossaviricota	c__Papovaviricetes	o__Zurhausenvirales	f__Papillomaviridae	g__Betapapillomavirus	s__Betapapillomavirus 2	t__Betapapillomavirus 2	2576	11.41024222018507	0.9979226903482742	set:MF588681
26-000655-54A2-SAD01-01-01-EC01-03-41.p2113_noHost_removal	30603508	k__Viruses	p__Cossaviricota	c__Papovaviricetes	o__Zurhausenvirales	f__Papillomaviridae	g__Betapapillomavirus	s__Betapapillomavirus 2	t__Human papillomavirus 107	46	0.19876959246019868	0.9698427004405813	set:EF422221
26-000655-54A2-SAD01-01-01-EC01-03-41.p2113_noHost_removal	30603508	k__Viruses	p__Cossaviricota	c__Papovaviricetes	o__Zurhausenvirales	f__Papillomaviridae	g__Betapapillomavirus	s__Betapapillomavirus 2	t__Human papillomavirus 110	635	2.7952654292675945	0.9747746796524246	set:EU410348
26-000655-54A2-SAD01-01-01-EC01-03-41.p2113_noHost_removal	30603508	k__Viruses	p__Cossaviricota	c__Papovaviricetes	o__Zurhausenvirales	f__Papillomaviridae	g__Betapapillomavirus	s__Betapapillomavirus 2	t__Human papillomavirus 111	133	0.5885572876091519	0.9930289299407461	set:EU410349
26-000655-54A2-SAD01-01-01-EC01-03-41.p2113_noHost_removal	30603508	k__Viruses	p__Cossaviricota	c__Papovaviricetes	o__Zurhausenvirales	f__Papillomaviridae	g__Betapapillomavirus	s__Betapapillomavirus 2	t__Human papillomavirus 113	18	0.07935346279626576	0.9963208241353938	set:FM955842
26-000655-54A2-SAD01-01-01-EC01-03-41.p2113_noHost_removal	30603508	k__Viruses	p__Cossaviricota	c__Papovaviricetes	o__Zurhausenvirales	f__Papillomaviridae	g__Betapapillomavirus	s__Betapapillomavirus 2	t__Human papillomavirus 120	1287	5.755303467439909	0.9887290179834572	set:JQ963484
26-000655-54A2-SAD01-01-01-EC01-03-41.p2113_noHost_removal	30603508	k__Viruses	p__Cossaviricota	c__Papovaviricetes	o__Zurhausenvirales	f__Papillomaviridae	g__Betapapillomavirus	s__Betapapillomavirus 2	t__Human papillomavirus 151	3733	16.51495806402523	0.9974447543566609	set:FN677756
26-000655-54A2-SAD01-01-01-EC01-03-41.p2113_noHost_removal	30603508	k__Viruses	p__Cossaviricota	c__Papovaviricetes	o__Zurhausenvirales	f__Papillomaviridae	g__Betapapillomavirus	s__Betapapillomavirus 2	t__Human papillomavirus 174	50	0.2220138100911665	0.9968211920529803	set:HF930491
26-000655-54A2-SAD01-01-01-EC01-03-41.p2113_noHost_removal	30603508	k__Viruses	p__Cossaviricota	c__Papovaviricetes	o__Zurhausenvirales	f__Papillomaviridae	g__Betapapillomavirus	s__Betapapillomavirus 2	t__Human papillomavirus type 38b	807	3.5634494599133553	0.9702532668693384	set:DQ090005
26-000655-54A2-SAD01-01-01-EC01-03-41.p2113_noHost_removal	30603508	k__Viruses	p__Cossaviricota	c__Papovaviricetes	o__Zurhausenvirales	f__Papillomaviridae	g__Betapapillomavirus	s__Betapapillomavirus 2	t__unclassified_Betapapillomavirus 2	153	0.6768788062673079	0.9410054875618947	set:FM955840
26-000655-54A2-SAD01-01-01-EC01-03-41.p2113_noHost_removal	30603508	k__Viruses	p__Cossaviricota	c__Papovaviricetes	o__Zurhausenvirales	f__Papillomaviridae	g__Betapapillomavirus	s__Betapapillomavirus 5	t__Human papillomavirus type 185	290	1.2729766046578703	0.9512534048617634	set:KR816172
26-000655-54A2-SAD01-01-01-EC01-03-41.p2113_noHost_removal	30603508	k__Viruses	p__Cossaviricota	c__Papovaviricetes	o__Zurhausenvirales	f__Papillomaviridae	g__Betapapillomavirus	s__Betapapillomavirus 5	t__Human papillomavirus type 96	1230	5.403531979045173	0.98194461090052	GCF_000864825.1
26-000655-54A2-SAD01-01-01-EC01-03-41.p2113_noHost_removal	30603508	k__Viruses	p__Cossaviricota	c__Papovaviricetes	o__Zurhausenvirales	f__Papillomaviridae	g__Gammapapillomavirus	s__Gammapapillomavirus 1	t__Human papillomavirus 205	2	0.008954780095702351	1.0	set:KT698167
26-000655-54A2-SAD01-01-01-EC01-03-41.p2113_noHost_removal	30603508	k__Viruses	p__Cossaviricota	c__Papovaviricetes	o__Zurhausenvirales	f__Papillomaviridae	g__Gammapapillomavirus	s__Gammapapillomavirus 1	t__unclassified_Gammapapillomavirus 1	29	0.12986210559234188	0.9359967862542355	set:KF006400
26-000655-54A2-SAD01-01-01-EC01-03-41.p2113_noHost_removal	30603508	k__Viruses	p__Cossaviricota	c__Papovaviricetes	o__Zurhausenvirales	f__Papillomaviridae	g__Gammapapillomavirus	s__Gammapapillomavirus 10	t__Human papillomavirus 180	18	0.07995756746138144	0.9948491537895511	set:KC108722
26-000655-54A2-SAD01-01-01-EC01-03-41.p2113_noHost_removal	30603508	k__Viruses	p__Cossaviricota	c__Papovaviricetes	o__Zurhausenvirales	f__Papillomaviridae	g__Gammapapillomavirus	s__Gammapapillomavirus 11	t__Human papillomavirus 136	53	0.2366207960334127	0.9952517805822818	GCF_000899695.1
26-000655-54A2-SAD01-01-01-EC01-03-41.p2113_noHost_removal	30603508	k__Viruses	p__Cossaviricota	c__Papovaviricetes	o__Zurhausenvirales	f__Papillomaviridae	g__Gammapapillomavirus	s__Gammapapillomavirus 11	t__Human papillomavirus 140	39718	176.79131901160548	0.9961988671114473	GCF_000898855.1
26-000655-54A2-SAD01-01-01-EC01-03-41.p2113_noHost_removal	30603508	k__Viruses	p__Cossaviricota	c__Papovaviricetes	o__Zurhausenvirales	f__Papillomaviridae	g__Gammapapillomavirus	s__Gammapapillomavirus 11	t__Human papillomavirus 141	95	0.4203980625779657	0.9586615545486241	set:HM999993
26-000655-54A2-SAD01-01-01-EC01-03-41.p2113_noHost_removal	30603508	k__Viruses	p__Cossaviricota	c__Papovaviricetes	o__Zurhausenvirales	f__Papillomaviridae	g__Gammapapillomavirus	s__Gammapapillomavirus 11	t__Human papillomavirus 154	96	0.43053737121121555	0.996619757174393	GCF_000908695.1
26-000655-54A2-SAD01-01-01-EC01-03-41.p2113_noHost_removal	30603508	k__Viruses	p__Cossaviricota	c__Papovaviricetes	o__Zurhausenvirales	f__Papillomaviridae	g__Gammapapillomavirus	s__Gammapapillomavirus 11	t__Human papillomavirus 169	180	0.8110422866049667	0.9965227759784729	set:JX413105
26-000655-54A2-SAD01-01-01-EC01-03-41.p2113_noHost_removal	30603508	k__Viruses	p__Cossaviricota	c__Papovaviricetes	o__Zurhausenvirales	f__Papillomaviridae	g__Gammapapillomavirus	s__Gammapapillomavirus 12	t__Gammapapillomavirus 12	240	1.1029870909440636	0.9916970333939324	set:MF588719
26-000655-54A2-SAD01-01-01-EC01-03-41.p2113_noHost_removal	30603508	k__Viruses	p__Cossaviricota	c__Papovaviricetes	o__Zurhausenvirales	f__Papillomaviridae	g__Gammapapillomavirus	s__Gammapapillomavirus 12	t__Human papillomavirus 132	12	0.05503325064289327	0.9577694596410403	GCF_000888015.1
26-000655-54A2-SAD01-01-01-EC01-03-41.p2113_noHost_removal	30603508	k__Viruses	p__Cossaviricota	c__Papovaviricetes	o__Zurhausenvirales	f__Papillomaviridae	g__Gammapapillomavirus	s__Gammapapillomavirus 12	t__Human papillomavirus 157	302	1.3793891188012022	0.9958230545980377	set:KT698166
26-000655-54A2-SAD01-01-01-EC01-03-41.p2113_noHost_removal	30603508	k__Viruses	p__Cossaviricota	c__Papovaviricetes	o__Zurhausenvirales	f__Papillomaviridae	g__Gammapapillomavirus	s__Gammapapillomavirus 12	t__Human papillomavirus type 210	107	0.4900940853527212	0.9923810986299583	set:MH460956
26-000655-54A2-SAD01-01-01-EC01-03-41.p2113_noHost_removal	30603508	k__Viruses	p__Cossaviricota	c__Papovaviricetes	o__Zurhausenvirales	f__Papillomaviridae	g__Gammapapillomavirus	s__Gammapapillomavirus 13	t__Gammapapillomavirus 13	32	0.1443644570226387	0.9973096026490067	set:MF588722
26-000655-54A2-SAD01-01-01-EC01-03-41.p2113_noHost_removal	30603508	k__Viruses	p__Cossaviricota	c__Papovaviricetes	o__Zurhausenvirales	f__Papillomaviridae	g__Gammapapillomavirus	s__Gammapapillomavirus 13	t__Human papillomavirus type 128	13358	60.13030840881836	0.9751029364769956	GCF_000889675.1
26-000655-54A2-SAD01-01-01-EC01-03-41.p2113_noHost_removal	30603508	k__Viruses	p__Cossaviricota	c__Papovaviricetes	o__Zurhausenvirales	f__Papillomaviridae	g__Gammapapillomavirus	s__Gammapapillomavirus 14	t__Human papillomavirus type 131	634	2.8845139639214894	0.9931246399851597	GCF_000890535.1
26-000655-54A2-SAD01-01-01-EC01-03-41.p2113_noHost_removal	30603508	k__Viruses	p__Cossaviricota	c__Papovaviricetes	o__Zurhausenvirales	f__Papillomaviridae	g__Gammapapillomavirus	s__Gammapapillomavirus 15	t__Gammapapillomavirus 15	701	3.153925065793915	0.9797157948401407	set:MF588724,set:MF588726
26-000655-54A2-SAD01-01-01-EC01-03-41.p2113_noHost_removal	30603508	k__Viruses	p__Cossaviricota	c__Papovaviricetes	o__Zurhausenvirales	f__Papillomaviridae	g__Gammapapillomavirus	s__Gammapapillomavirus 15	t__Human papillomavirus 146	232	1.0434728528642185	0.9772828051419693	set:HM999998
26-000655-54A2-SAD01-01-01-EC01-03-41.p2113_noHost_removal	30603508	k__Viruses	p__Cossaviricota	c__Papovaviricetes	o__Zurhausenvirales	f__Papillomaviridae	g__Gammapapillomavirus	s__Gammapapillomavirus 18	t__Human papillomavirus type 156	166	0.7401029835571249	0.9903688101795104	GCF_002006915.1
26-000655-54A2-SAD01-01-01-EC01-03-41.p2113_noHost_removal	30603508	k__Viruses	p__Cossaviricota	c__Papovaviricetes	o__Zurhausenvirales	f__Papillomaviridae	g__Gammapapillomavirus	s__Gammapapillomavirus 19	t__Gammapapillomavirus 19	321	1.4404001118812058	0.9972525291025442	set:MF588733
26-000655-54A2-SAD01-01-01-EC01-03-41.p2113_noHost_removal	30603508	k__Viruses	p__Cossaviricota	c__Papovaviricetes	o__Zurhausenvirales	f__Papillomaviridae	g__Gammapapillomavirus	s__Gammapapillomavirus 21	t__Human papillomavirus 167	8	0.03616601280488974	0.994205298013245	GCF_000913075.1
26-000655-54A2-SAD01-01-01-EC01-03-41.p2113_noHost_removal	30603508	k__Viruses	p__Cossaviricota	c__Papovaviricetes	o__Zurhausenvirales	f__Papillomaviridae	g__Gammapapillomavirus	s__Gammapapillomavirus 22	t__Gammapapillomavirus 22	20	0.08941303206791046	0.9950331125827816	set:MF588738
26-000655-54A2-SAD01-01-01-EC01-03-41.p2113_noHost_removal	30603508	k__Viruses	p__Cossaviricota	c__Papovaviricetes	o__Zurhausenvirales	f__Papillomaviridae	g__Gammapapillomavirus	s__Gammapapillomavirus 23	t__Human papillomavirus 175	136	0.6149923871316956	0.9957628513582468	GCF_002827025.1
26-000655-54A2-SAD01-01-01-EC01-03-41.p2113_noHost_removal	30603508	k__Viruses	p__Cossaviricota	c__Papovaviricetes	o__Zurhausenvirales	f__Papillomaviridae	g__Gammapapillomavirus	s__Gammapapillomavirus 25	t__Gammapapillomavirus 25	22	0.9111176635269878	0.9720005543902132	set:MF588791
26-000655-54A2-SAD01-01-01-EC01-03-41.p2113_noHost_removal	30603508	k__Viruses	p__Cossaviricota	c__Papovaviricetes	o__Zurhausenvirales	f__Papillomaviridae	g__Gammapapillomavirus	s__Gammapapillomavirus 26	t__Human papillomavirus 187	3850	17.30910448424448	0.9963203175839234	GCF_003055605.1
26-000655-54A2-SAD01-01-01-EC01-03-41.p2113_noHost_removal	30603508	k__Viruses	p__Cossaviricota	c__Papovaviricetes	o__Zurhausenvirales	f__Papillomaviridae	g__Gammapapillomavirus	s__Gammapapillomavirus 27	t__Human papillomavirus 201	195	0.8739293033873935	0.9928771082450788	GCF_001184845.1
26-000655-54A2-SAD01-01-01-EC01-03-41.p2113_noHost_removal	30603508	k__Viruses	p__Cossaviricota	c__Papovaviricetes	o__Zurhausenvirales	f__Papillomaviridae	g__Gammapapillomavirus	s__Gammapapillomavirus 3	t__Human papillomavirus type 50	6	0.02729063967362295	0.9933774834437087	GCF_000841625.1
26-000655-54A2-SAD01-01-01-EC01-03-41.p2113_noHost_removal	30603508	k__Viruses	p__Cossaviricota	c__Papovaviricetes	o__Zurhausenvirales	f__Papillomaviridae	g__Gammapapillomavirus	s__Gammapapillomavirus 7	t__Human papillomavirus 123	8394	37.424243638424734	0.9556289749448285	set:GQ845445
26-000655-54A2-SAD01-01-01-EC01-03-41.p2113_noHost_removal	30603508	k__Viruses	p__Cossaviricota	c__Papovaviricetes	o__Zurhausenvirales	f__Papillomaviridae	g__Gammapapillomavirus	s__Gammapapillomavirus 7	t__unclassified_Gammapapillomavirus 7	629	2.795568161882628	0.9266712736344292	set:HM999990,set:JF906559
26-000655-54A2-SAD01-01-01-EC01-03-41.p2113_noHost_removal	30603508	k__Viruses	p__Cossaviricota	c__Papovaviricetes	o__Zurhausenvirales	f__Papillomaviridae	g__Gammapapillomavirus	s__Gammapapillomavirus 8	t__Gammapapillomavirus 8	3370	15.232862178274734	0.9734440598771732	set:MF588704,set:MF588705
26-000655-54A2-SAD01-01-01-EC01-03-41.p2113_noHost_removal	30603508	k__Viruses	p__Cossaviricota	c__Papovaviricetes	o__Zurhausenvirales	f__Papillomaviridae	g__Gammapapillomavirus	s__Gammapapillomavirus 8	t__Human papillomavirus type 112	8	0.036171017096131595	0.9735099337748344	GCF_000882135.1
26-000655-54A2-SAD01-01-01-EC01-03-41.p2113_noHost_removal	30603508	k__Viruses	p__Cossaviricota	c__Papovaviricetes	o__Zurhausenvirales	f__Papillomaviridae	g__Gammapapillomavirus	s__Gammapapillomavirus 8	t__human papillomavirus 119	118	0.5317566022848862	0.9584308138884708	set:GQ845441
26-000655-54A2-SAD01-01-01-EC01-03-41.p2113_noHost_removal	30603508	k__Viruses	p__Cossaviricota	c__Papovaviricetes	o__Zurhausenvirales	f__Papillomaviridae	g__Gammapapillomavirus	s__Gammapapillomavirus 8	t__human papillomavirus 147	1053	4.76298728895161	0.9724043368241201	set:HM999999
26-000655-54A2-SAD01-01-01-EC01-03-41.p2113_noHost_removal	30603508	k__Viruses	p__Cossaviricota	c__Papovaviricetes	o__Zurhausenvirales	f__Papillomaviridae	g__Gammapapillomavirus	s__Gammapapillomavirus 8	t__human papillomavirus 164	5372	24.268689628347634	0.9894307992376392	set:JX413106
26-000655-54A2-SAD01-01-01-EC01-03-41.p2113_noHost_removal	30603508	k__Viruses	p__Cossaviricota	c__Papovaviricetes	o__Zurhausenvirales	f__Papillomaviridae	g__Gammapapillomavirus	s__Gammapapillomavirus 8	t__human papillomavirus 168	50067	227.09451970613986	0.991449923326991	set:KC862317
26-000655-54A2-SAD01-01-01-EC01-03-41.p2113_noHost_removal	30603508	k__Viruses	p__Cossaviricota	c__Papovaviricetes	o__Zurhausenvirales	f__Papillomaviridae	g__Gammapapillomavirus	s__Gammapapillomavirus 9	t__Gammapapillomavirus 9	451	2.030711402606761	0.9900408597966318	set:MF588712
26-000655-54A2-SAD01-01-01-EC01-03-41.p2113_noHost_removal	30603508	k__Viruses	p__Cossaviricota	c__Papovaviricetes	o__Zurhausenvirales	f__Papillomaviridae	g__Gammapapillomavirus	s__Gammapapillomavirus 9	t__Human papillomavirus 116	3525	16.033250808253484	0.9912011756259189	GCF_000884175.1
26-000655-54A2-SAD01-01-01-EC01-03-41.p2113_noHost_removal	30603508	k__Viruses	p__Cossaviricota	c__Papovaviricetes	o__Zurhausenvirales	f__Papillomaviridae	g__Gammapapillomavirus	s__Gammapapillomavirus 9	t__Human papillomavirus type 129	1408	6.3731538353592985	0.9853394622056858	GCF_000891495.1
26-000655-54A2-SAD01-01-01-EC01-03-41.p2113_noHost_removal	30603508	k__Viruses	p__Cossaviricota	c__Papovaviricetes	o__Zurhausenvirales	f__Papillomaviridae	g__Gammapapillomavirus	s__Gammapapillomavirus sp.	t__Gammapapillomavirus sp.	44487	200.2704956204522	0.992092580792358	GCF_004131605.1,GCF_004131645.1,GCF_004131525.1,GCF_004131565.1
26-000655-54A2-SAD01-01-01-EC01-03-41.p2113_noHost_removal	30603508	k__Viruses	p__Cossaviricota	c__Papovaviricetes	o__Zurhausenvirales	f__Papillomaviridae	g__Gammapapillomavirus	s__Gammapapillomavirus sp.	t__unclassified_Gammapapillomavirus sp.	94	0.42179940970976115	0.9487107228406381	GCF_004131665.1
26-000655-54A2-SAD01-01-01-EC01-03-41.p2113_noHost_removal	30603508	k__Viruses	p__Cossaviricota	c__Papovaviricetes	o__Zurhausenvirales	f__Papillomaviridae	g__Gammapapillomavirus	s__Human papillomavirus type 194	t__Human papillomavirus type 194	395	1.7778260419891272	0.9915930946896717	set:KR816181
26-000655-54A2-SAD01-01-01-EC01-03-41.p2113_noHost_removal	30603508	k__Viruses	p__Cossaviricota	c__Papovaviricetes	o__Zurhausenvirales	f__Papillomaviridae	g__Gammapapillomavirus	s__unclassified_Gammapapillomavirus	t__unclassified_Gammapapillomavirus	26	0.1191718062560899	0.8773380292959903	set:JX444072
26-000655-54A2-SAD01-01-01-EC01-03-41.p2113_noHost_removal	30603508	k__Viruses	p__Cossaviricota	c__Papovaviricetes	o__Zurhausenvirales	f__Papillomaviridae	g__Mupapillomavirus	s__Mupapillomavirus 3	t__unclassified_Mupapillomavirus 3	92	0.41596669660551333	0.9337773546629201	GCF_002827045.1
26-000655-54A2-SAD01-01-01-EC01-03-41.p2113_noHost_removal	30603508	k__Viruses	p__Cossaviricota	c__Papovaviricetes	o__Zurhausenvirales	f__Papillomaviridae	g__unclassified_Papillomaviridae	s__Human papillomavirus	t__Human papillomavirus	45603	204.48799028896974	0.99103870194746	set:MH972561,set:MH777356,set:MH777346,set:MH777360,set:MH777255,set:MH777290,set:MH777297,set:MH777289,set:MH777177,set:MH777285,set:MH972565,set:MH777278,set:KX781287,set:MH777196,set:MH777299,set:MK645900,set:MH777364,set:MH777222,set:MH777300,set:MH777373,set:MH777387,set:MH777207,set:MH777275,set:MH777251,set:MH777220,set:MH777181,set:MH777308,GCF_001274345.1,set:MH777341,set:MH777277,set:KP692118,set:MH675891,set:MH777344,set:MH777353,set:MH777259,set:MH777301,set:MK645901,set:MH777256,set:MH777268,set:MH777244,set:MH777236,acc:PP718701.1,set:MH777311,set:MH777219,set:MH675888,set:MH777343,set:MH972559,set:MH777258,set:MH777382,set:MH777158,set:MH777160,set:MH777334,set:MH777210,set:MH777248,set:MH777233
26-000655-54A2-SAD01-01-01-EC01-03-41.p2113_noHost_removal	30603508	k__Viruses	p__Cossaviricota	c__Papovaviricetes	o__Zurhausenvirales	f__Papillomaviridae	g__unclassified_Papillomaviridae	s__Human papillomavirus	t__unclassified_Human papillomavirus	1662	7.5225718081776645	0.9225226056814606	set:MH777227,set:MH777242,set:MH777162,set:MH777280,set:KX781284,set:MH777229,set:MH777204,set:MH777250
26-000655-54A2-SAD01-01-01-EC01-03-41.p2113_noHost_removal	30603508	k__Viruses	p__Cossaviricota	c__Papovaviricetes	o__Zurhausenvirales	f__Papillomaviridae	g__unclassified_Papillomaviridae	s__Human papillomavirus sp.	t__Human papillomavirus sp.	531	2.4088507641614183	0.9900048413730068	set:MF588757
26-000655-54A2-SAD01-01-01-EC01-03-41.p2113_noHost_removal	30603508	k__Viruses	p__Cossaviricota	c__Papovaviricetes	o__Zurhausenvirales	f__Papillomaviridae	g__unclassified_Papillomaviridae	s__Human papillomavirus type 221	t__unclassified_Human papillomavirus type 221	47	0.20963303996085725	0.9432740303952021	set:MH172378
26-000655-54A2-SAD01-01-01-EC01-03-41.p2113_noHost_removal	30603508	k__Viruses	p__Cossaviricota	c__Papovaviricetes	o__Zurhausenvirales	f__Papillomaviridae	g__unclassified_Papillomaviridae	s__Human papillomavirus type 222	t__Human papillomavirus type 222	468	2.1020432333187586	0.9868878075687721	set:MH172379
26-000655-54A2-SAD01-01-01-EC01-03-41.p2113_noHost_removal	30603508	k__Viruses	p__Cossaviricota	c__Papovaviricetes	o__Zurhausenvirales	f__Papillomaviridae	g__unclassified_Papillomaviridae	s__Human papillomavirus type 229	t__Human papillomavirus type 229	93	0.41520252888881853	0.9618904062242449	acc:MW535770.1
26-000655-54A2-SAD01-01-01-EC01-03-41.p2113_noHost_removal	30603508	k__Viruses	p__Cossaviricota	c__Papovaviricetes	o__Zurhausenvirales	f__Papillomaviridae	g__unclassified_Papillomaviridae	s__Papillomaviridae sp.	t__Papillomaviridae sp.	30	0.1331901871027903	0.9938189845474614	acc:OP577477.1
26-000655-54A2-SAD01-01-01-EC01-03-41.p2113_noHost_removal	30603508	k__Viruses	p__Cossaviricota	c__Papovaviricetes	o__Zurhausenvirales	f__Papillomaviridae	g__unclassified_Papillomaviridae	s__Papillomavirus homo7221	t__Papillomavirus homo7221	236	1.0858257175915826	0.9969412953193401	acc:BK066697.1
26-000655-54A2-SAD01-01-01-EC01-03-41.p2113_noHost_removal	30603508	k__Viruses	p__Cossaviricota	c__Papovaviricetes	o__Zurhausenvirales	f__Papillomaviridae	g__unclassified_Papillomaviridae	s__Papillomavirus homo7269	t__Papillomavirus homo7269	468	2.1453934515143054	0.970969160184108	acc:BK066415.1
26-000655-54A2-SAD01-01-01-EC01-03-41.p2113_noHost_removal	30603508	k__Viruses	p__Cossaviricota	c__Papovaviricetes	o__Zurhausenvirales	f__Papillomaviridae	g__unclassified_Papillomaviridae	s__Papillomavirus homo7350	t__Papillomavirus homo7350	36	0.16317599285502063	0.9865710080941871	acc:BK066659.1
26-000655-54A2-SAD01-01-01-EC01-03-41.p2113_noHost_removal	30603508	k__Viruses	p__Cossaviricota	c__Papovaviricetes	o__Zurhausenvirales	f__Papillomaviridae	g__unclassified_Papillomaviridae	s__Papillomavirus homo7424	t__Papillomavirus homo7424	96	0.4307147173753833	0.9928232606508388	acc:BK066647.1
26-000655-54A2-SAD01-01-01-EC01-03-41.p2113_noHost_removal	30603508	k__Viruses	p__Cossaviricota	c__Papovaviricetes	o__Zurhausenvirales	f__Papillomaviridae	g__unclassified_Papillomaviridae	s__Papillomavirus homo7570	t__Papillomavirus homo7570	71	0.3122890661481316	0.9898330379628769	acc:BK066346.1
26-000655-54A2-SAD01-01-01-EC01-03-41.p2113_noHost_removal	30603508	k__Viruses	p__Cossaviricota	c__Papovaviricetes	o__Zurhausenvirales	f__Papillomaviridae	g__unclassified_Papillomaviridae	s__unclassified_Papillomaviridae	t__unclassified_Papillomaviridae	6	0.02644401880433063	0.8807947019867549	set:MH777175
26-000655-54A2-SAD01-01-01-EC01-03-41.p2113_noHost_removal	30603508	k__Viruses	p__Cossaviricota	c__Papovaviricetes	o__Sepolyvirales	f__Polyomaviridae	g__Alphapolyomavirus	s__Alphapolyomavirus quintihominis	t__Merkel cell polyomavirus	529	3.2087618468751176	0.9979342716264478	GCF_000874865.1
26-000655-54A2-SAD01-01-01-EC01-03-41.p2113_noHost_removal	30603508	k__Viruses	p__Artverviricota	c__Revtraviricetes	o__Ortervirales	f__Retroviridae	g__Gammaretrovirus	s__Gammaretrovirus porConc	t__unclassified_Gammaretrovirus porConc	3513	14.220857519284243	0.9462169206173404	set:AF356697
25-000633-54A2-SAD01-01-01-EC01-03-27.p2113_noHost_removal	25917634	k__Viruses	p__unclassified_Viruses	c__unclassified_Viruses	o__unclassified_Viruses	f__Anelloviridae	g__Alphatorquevirus	s__Alphatorquevirus homin3	t__unclassified_Alphatorquevirus homin3	74	0.7617926618537028	0.9478253087524614	GCF_000888935.1
25-000633-54A2-SAD01-01-01-EC01-03-27.p2113_noHost_removal	25917634	k__Viruses	p__unclassified_Viruses	c__unclassified_Viruses	o__unclassified_Viruses	f__Anelloviridae	g__Alphatorquevirus	s__Torque teno virus 27	t__Torque teno virus 27	6	0.062081687648185044	0.9757174392935982	GCF_000888215.1
25-000633-54A2-SAD01-01-01-EC01-03-27.p2113_noHost_removal	25917634	k__Viruses	p__unclassified_Viruses	c__unclassified_Viruses	o__unclassified_Viruses	f__Anelloviridae	g__unclassified_Anelloviridae	s__Torque teno virus	t__Torque teno virus	593	6.089025144980987	0.9609421276610848	acc:MT783405.1,set:AF122920
25-000633-54A2-SAD01-01-01-EC01-03-27.p2113_noHost_removal	25917634	k__Viruses	p__unclassified_Viruses	c__unclassified_Viruses	o__unclassified_Viruses	f__Anelloviridae	g__unclassified_Anelloviridae	s__Torque teno virus	t__unclassified_Torque teno virus	138	1.4188737116323118	0.9242260421448357	set:AB064597,set:FR848323
25-000633-54A2-SAD01-01-01-EC01-03-27.p2113_noHost_removal	25917634	k__Viruses	p__Cressdnaviricota	c__Arfiviricetes	o__Cirlivirales	f__Circoviridae	g__unclassified_Circoviridae	s__Human respiratory circovirus-like 1	t__Human respiratory circovirus-like 1	213	2.6918908516288607	0.9576705089970394	acc:MK674279.1
25-000633-54A2-SAD01-01-01-EC01-03-27.p2113_noHost_removal	25917634	k__Viruses	p__Peploviricota	c__Herviviricetes	o__Herpesvirales	f__Orthoherpesviridae	g__Lymphocryptovirus	s__Lymphocryptovirus humangamma4	t__Human herpesvirus 4 type 2	766	0.17107248591711122	0.9920490264867006	GCF_000872045.1
25-000633-54A2-SAD01-01-01-EC01-03-27.p2113_noHost_removal	25917634	k__Viruses	p__Peploviricota	c__Herviviricetes	o__Herpesvirales	f__Orthoherpesviridae	g__Roseolovirus	s__Roseolovirus humanbeta7	t__Human betaherpesvirus 7	629	0.15853926457626902	0.9969885946338622	GCF_000848125.1
25-000633-54A2-SAD01-01-01-EC01-03-27.p2113_noHost_removal	25917634	k__Viruses	p__Pisuviricota	c__Pisoniviricetes	o__Sobelivirales	f__Solemoviridae	g__Polerovirus	s__Polerovirus CABYV	t__Cucurbit aphid-borne yellows virus	24	0.16334634908455248	0.9911699779249449	GCF_000855065.1
25-000502-54A2-DPD02-08-01-FA03-01-77.p2113_noHost_removal	24803138	k__Viruses	p__unclassified_Viruses	c__unclassified_Viruses	o__unclassified_Viruses	f__Anelloviridae	g__Alphatorquevirus	s__Alphatorquevirus homin10	t__unclassified_Alphatorquevirus homin10	223	2.3848270180149083	0.9415611458861414	GCF_000887255.1
25-000502-54A2-DPD02-08-01-FA03-01-77.p2113_noHost_removal	24803138	k__Viruses	p__unclassified_Viruses	c__unclassified_Viruses	o__unclassified_Viruses	f__Anelloviridae	g__unclassified_Anelloviridae	s__Torque teno virus	t__unclassified_Torque teno virus	662	7.061242386048776	0.9310247340489654	set:FR751487,set:KP343840
25-000502-54A2-DPD02-08-01-FA03-01-77.p2113_noHost_removal	24803138	k__Viruses	p__Peploviricota	c__Herviviricetes	o__Herpesvirales	f__Orthoherpesviridae	g__Lymphocryptovirus	s__Lymphocryptovirus humangamma4	t__Human gammaherpesvirus 4	1279	0.3001114860971573	0.9898343798972883	GCF_002402265.1
25-000502-54A2-DPD02-08-01-FA03-01-77.p2113_noHost_removal	24803138	k__Viruses	p__Pisuviricota	c__Pisoniviricetes	o__Picornavirales	f__Picornaviridae	g__Enterovirus	s__Rhinovirus A	t__rhinovirus A21	12	0.06844104543807736	0.9928256070640177	acc:MZ835609.1
26-000781-54A1-UBD01-00-01-DB01-02-70.p2113_noHost_removal	2227946	k__Viruses	p__Preplasmiviricota	c__Tectiliviricetes	o__Rowavirales	f__Adenoviridae	g__Mastadenovirus	s__Human mastadenovirus C	t__Human adenovirus 2	22781	279.96367154923183	0.9911767703325688	set:MT277585
26-000781-54A1-UBD01-00-01-DB01-02-70.p2113_noHost_removal	2227946	k__Viruses	p__unclassified_Viruses	c__unclassified_Viruses	o__unclassified_Viruses	f__Anelloviridae	g__Alphatorquevirus	s__Alphatorquevirus homin13	t__Torque teno virus 13	3201	433.8011366731405	0.964543044363368	GCF_002818305.1
26-000781-54A1-UBD01-00-01-DB01-02-70.p2113_noHost_removal	2227946	k__Viruses	p__unclassified_Viruses	c__unclassified_Viruses	o__unclassified_Viruses	f__Anelloviridae	g__Alphatorquevirus	s__Alphatorquevirus homin15	t__Torque teno virus 15	558	66.1354378942582	0.963995614367421	GCF_000889875.1
26-000781-54A1-UBD01-00-01-DB01-02-70.p2113_noHost_removal	2227946	k__Viruses	p__unclassified_Viruses	c__unclassified_Viruses	o__unclassified_Viruses	f__Anelloviridae	g__unclassified_Anelloviridae	s__Torque teno midi virus	t__Torque teno midi virus	122	18.054387521775293	0.9864470053562717	acc:MN774984.1
26-000781-54A1-UBD01-00-01-DB01-02-70.p2113_noHost_removal	2227946	k__Viruses	p__unclassified_Viruses	c__unclassified_Viruses	o__unclassified_Viruses	f__Anelloviridae	g__unclassified_Anelloviridae	s__Torque teno virus	t__Torque teno virus	9947	1150.3866013823267	0.9684875203457071	set:FR751497
26-000781-54A1-UBD01-00-01-DB01-02-70.p2113_noHost_removal	2227946	k__Viruses	p__unclassified_Viruses	c__unclassified_Viruses	o__unclassified_Viruses	f__Anelloviridae	g__unclassified_Anelloviridae	s__Torque teno virus	t__unclassified_Torque teno virus	1040	147.20199272066168	0.9270918136128055	set:AB064603,set:KP343840
26-000781-54A1-UBD01-00-01-DB01-02-70.p2113_noHost_removal	2227946	k__Viruses	p__Peploviricota	c__Herviviricetes	o__Herpesvirales	f__Orthoherpesviridae	g__Simplexvirus	s__Simplexvirus humanalpha1	t__Human alphaherpesvirus 1	175	0.5160074412926182	0.9915589622793299	GCF_000859985.2
26-000781-54A1-UBD01-00-01-DB01-02-70.p2113_noHost_removal	2227946	k__Viruses	p__Cossaviricota	c__Papovaviricetes	o__Zurhausenvirales	f__Papillomaviridae	g__Betapapillomavirus	s__Betapapillomavirus 1	t__Human papillomavirus type 196	248	14.841772047736645	0.9927365947447128	set:KR816183
26-000781-54A1-UBD01-00-01-DB01-02-70.p2113_noHost_removal	2227946	k__Viruses	p__Cossaviricota	c__Papovaviricetes	o__Zurhausenvirales	f__Papillomaviridae	g__Betapapillomavirus	s__Betapapillomavirus 1	t__human papillomavirus 25	438	25.488608035456934	0.9883714595837596	set:X74471
26-000781-54A1-UBD01-00-01-DB01-02-70.p2113_noHost_removal	2227946	k__Viruses	p__Cossaviricota	c__Papovaviricetes	o__Zurhausenvirales	f__Papillomaviridae	g__Betapapillomavirus	s__Betapapillomavirus 3	t__human papillomavirus 75	473	28.16812667150966	0.9923135826238362	set:Y15173
26-000781-54A1-UBD01-00-01-DB01-02-70.p2113_noHost_removal	2227946	k__Viruses	p__Cossaviricota	c__Papovaviricetes	o__Zurhausenvirales	f__Papillomaviridae	g__Gammapapillomavirus	s__Gammapapillomavirus 1	t__Human papillomavirus 4	106	6.47048208211627	0.9857215706272295	GCF_000864845.1
26-000781-54A1-UBD01-00-01-DB01-02-70.p2113_noHost_removal	2227946	k__Viruses	p__Cossaviricota	c__Papovaviricetes	o__Zurhausenvirales	f__Papillomaviridae	g__Gammapapillomavirus	s__Gammapapillomavirus 12	t__Human papillomavirus 148	230	14.410120034731063	0.9602073135617631	set:GU129016
26-000781-54A1-UBD01-00-01-DB01-02-70.p2113_noHost_removal	2227946	k__Viruses	p__Cossaviricota	c__Papovaviricetes	o__Zurhausenvirales	f__Papillomaviridae	g__Gammapapillomavirus	s__Gammapapillomavirus 15	t__Human papillomavirus 146	89	5.498569612295034	0.985139608433697	set:HM999998
26-000781-54A1-UBD01-00-01-DB01-02-70.p2113_noHost_removal	2227946	k__Viruses	p__Pisuviricota	c__Pisoniviricetes	o__Picornavirales	f__Picornaviridae	g__Enterovirus	s__Enterovirus A	t__Coxsackievirus A16	2198	133.1748002415319	0.9896753097975701	acc:OQ791560.1
26-000781-54A1-UBD01-00-01-DB01-02-70.p2113_noHost_removal	2227946	k__Viruses	p__Cossaviricota	c__Papovaviricetes	o__Sepolyvirales	f__Polyomaviridae	g__Alphapolyomavirus	s__Alphapolyomavirus quintihominis	t__Merkel cell polyomavirus	12823	1068.4101527729183	0.9907406814125974	GCF_000874865.1
26-000660-54A2-SAD01-01-01-EC01-03-46.p2113_noHost_removal	29216444	k__Viruses	p__unclassified_Viruses	c__unclassified_Viruses	o__unclassified_Viruses	f__Anelloviridae	g__Alphatorquevirus	s__Alphatorquevirus homin5	t__Torque teno virus 5	647	6.858180005897933	0.9718768326774515	GCF_002818195.1
26-000660-54A2-SAD01-01-01-EC01-03-46.p2113_noHost_removal	29216444	k__Viruses	p__unclassified_Viruses	c__unclassified_Viruses	o__unclassified_Viruses	f__Anelloviridae	g__unclassified_Anelloviridae	s__Torque teno virus	t__TT virus cyb/2019	650	5.918527571079846	0.9519957686698042	acc:MT501648.1
26-000660-54A2-SAD01-01-01-EC01-03-46.p2113_noHost_removal	29216444	k__Viruses	p__unclassified_Viruses	c__unclassified_Viruses	o__unclassified_Viruses	f__Anelloviridae	g__unclassified_Anelloviridae	s__Torque teno virus	t__unclassified_Torque teno virus	24	0.21777709574701826	0.9323152165639034	set:AJ620226
26-000660-54A2-SAD01-01-01-EC01-03-46.p2113_noHost_removal	29216444	k__Viruses	p__Peploviricota	c__Herviviricetes	o__Herpesvirales	f__Orthoherpesviridae	g__Lymphocryptovirus	s__Lymphocryptovirus humangamma4	t__Human herpesvirus 4 type 2	623	0.12342622325187347	0.9927457464631144	GCF_000872045.1
26-000660-54A2-SAD01-01-01-EC01-03-46.p2113_noHost_removal	29216444	k__Viruses	p__Peploviricota	c__Herviviricetes	o__Herpesvirales	f__Orthoherpesviridae	g__Roseolovirus	s__Roseolovirus humanbeta6b	t__Human betaherpesvirus 6B	38	0.008022980175471841	0.9868902446455605	GCF_000846365.1
26-000660-54A2-SAD01-01-01-EC01-03-46.p2113_noHost_removal	29216444	k__Viruses	p__Peploviricota	c__Herviviricetes	o__Herpesvirales	f__Orthoherpesviridae	g__Roseolovirus	s__Roseolovirus humanbeta7	t__Human betaherpesvirus 7	3417	0.7640102223303833	0.9979207994979943	GCF_000848125.1
26-000786-54A1-UBD01-00-01-DB01-02-78.p2113_noHost_removal	577630	k__Viruses	p__Preplasmiviricota	c__Tectiliviricetes	o__Rowavirales	f__Adenoviridae	g__Mastadenovirus	s__Human mastadenovirus C	t__Human adenovirus 2	17312	820.5991434667479	0.9878782055179046	set:MT277585
26-000786-54A1-UBD01-00-01-DB01-02-78.p2113_noHost_removal	577630	k__Viruses	p__Pisuviricota	c__Pisoniviricetes	o__Picornavirales	f__Dicistroviridae	g__Aparavirus	s__Aparavirus kashmirense	t__Kashmir bee virus	94	17.086720918144696	0.985734720433791	GCF_000853385.1
26-000786-54A1-UBD01-00-01-DB01-02-78.p2113_noHost_removal	577630	k__Viruses	p__Cossaviricota	c__Papovaviricetes	o__Zurhausenvirales	f__Papillomaviridae	g__Betapapillomavirus	s__Betapapillomavirus 1	t__Human papillomavirus type 196	1364	314.84975965006436	0.9939785391661299	set:KR816183
26-000786-54A1-UBD01-00-01-DB01-02-78.p2113_noHost_removal	577630	k__Viruses	p__Cossaviricota	c__Papovaviricetes	o__Zurhausenvirales	f__Papillomaviridae	g__Gammapapillomavirus	s__Gammapapillomavirus 15	t__Human papillomavirus 146	103	24.544368646694643	0.9567175957772328	set:HM999998
26-000786-54A1-UBD01-00-01-DB01-02-78.p2113_noHost_removal	577630	k__Viruses	p__Cossaviricota	c__Papovaviricetes	o__Zurhausenvirales	f__Papillomaviridae	g__unclassified_Papillomaviridae	s__Human papillomavirus	t__Human papillomavirus	407	94.87051201902047	0.9962575459264199	set:KX781286
26-000786-54A1-UBD01-00-01-DB01-02-78.p2113_noHost_removal	577630	k__Viruses	p__Pisuviricota	c__Pisoniviricetes	o__Picornavirales	f__Picornaviridae	g__Enterovirus	s__Enterovirus A	t__Coxsackievirus A16	1084	253.0179090394128	0.988102470181127	set:KC695830
26-000786-54A1-UBD01-00-01-DB01-02-78.p2113_noHost_removal	577630	k__Viruses	p__Cossaviricota	c__Papovaviricetes	o__Sepolyvirales	f__Polyomaviridae	g__Alphapolyomavirus	s__Alphapolyomavirus quintihominis	t__Merkel cell polyomavirus	3829	1230.5199239766857	0.9915983986835881	GCF_000874865.1
26-000786-54A1-UBD01-00-01-DB01-02-78.p2113_noHost_removal	577630	k__Viruses	p__Kitrinoviricota	c__Tolucaviricetes	o__Tolivirales	f__Tombusviridae	g__Luteovirus	s__Luteovirus pashordei	t__Luteovirus pashordei	128	38.910472125837316	0.9747546487603289	GCF_000850165.1
25-000506-54A2-SAD01-01-01-EC01-03-14.p2113_noHost_removal	31352342	k__Viruses	p__Cressdnaviricota	c__Arfiviricetes	o__Cirlivirales	f__Circoviridae	g__unclassified_Circoviridae	s__Human respiratory circovirus-like 1	t__Human respiratory circovirus-like 1	7567	79.05456290191077	0.9794289294508557	acc:MK674279.1
25-000506-54A2-SAD01-01-01-EC01-03-14.p2113_noHost_removal	31352342	k__Viruses	p__Peploviricota	c__Herviviricetes	o__Herpesvirales	f__Orthoherpesviridae	g__Lymphocryptovirus	s__Lymphocryptovirus humangamma4	t__Human gammaherpesvirus 4	867947	161.11720563583134	0.9912460509349277	GCF_002402265.1
25-000506-54A2-SAD01-01-01-EC01-03-14.p2113_noHost_removal	31352342	k__Viruses	p__Peploviricota	c__Herviviricetes	o__Herpesvirales	f__Orthoherpesviridae	g__Roseolovirus	s__Roseolovirus humanbeta6b	t__Human betaherpesvirus 6B	222319	43.74073442050157	0.9808604387803022	GCF_000846365.1
25-000506-54A2-SAD01-01-01-EC01-03-14.p2113_noHost_removal	31352342	k__Viruses	p__Peploviricota	c__Herviviricetes	o__Herpesvirales	f__Orthoherpesviridae	g__Roseolovirus	s__Roseolovirus humanbeta7	t__Human betaherpesvirus 7	13612	2.8361780983393836	0.99790173171588	GCF_000848125.1
25-000506-54A2-SAD01-01-01-EC01-03-14.p2113_noHost_removal	31352342	k__Viruses	p__Cossaviricota	c__Papovaviricetes	o__Sepolyvirales	f__Polyomaviridae	g__Deltapolyomavirus	s__Deltapolyomavirus sextihominis	t__Human polyomavirus 6	66	0.4273458985132522	0.9976921533212925	GCF_000888495.1
25-000514-54A2-SAD01-01-01-EC01-03-22.p2113_noHost_removal	29573088	k__Viruses	p__unclassified_Viruses	c__unclassified_Viruses	o__unclassified_Viruses	f__Anelloviridae	g__Betatorquevirus	s__TTV-like mini virus	t__unclassified_TTV-like mini virus	60	0.6972067543650134	0.9239599179933983	acc:MN771472.1
25-000514-54A2-SAD01-01-01-EC01-03-22.p2113_noHost_removal	29573088	k__Viruses	p__unclassified_Viruses	c__unclassified_Viruses	o__unclassified_Viruses	f__Anelloviridae	g__unclassified_Anelloviridae	s__Torque teno virus	t__Torque teno virus	1216	10.74413252835094	0.9637787443662926	acc:MN768565.1,set:KP343846,acc:MN768563.1,set:FR751497,set:KP343845
25-000514-54A2-SAD01-01-01-EC01-03-22.p2113_noHost_removal	29573088	k__Viruses	p__unclassified_Viruses	c__unclassified_Viruses	o__unclassified_Viruses	f__Anelloviridae	g__unclassified_Anelloviridae	s__Torque teno virus	t__unclassified_Torque teno virus	21	0.19890898580413618	0.9115624805582903	set:AB064597
25-000514-54A2-SAD01-01-01-EC01-03-22.p2113_noHost_removal	29573088	k__Viruses	p__unclassified_Viruses	c__unclassified_Viruses	o__unclassified_Viruses	f__Anelloviridae	g__unclassified_Anelloviridae	s__Torque teno virus AZ6_5	t__Torque teno virus AZ6_5	111	1.018841629241056	0.969820055238106	acc:MW679005.1
25-000514-54A2-SAD01-01-01-EC01-03-22.p2113_noHost_removal	29573088	k__Viruses	p__Peploviricota	c__Herviviricetes	o__Herpesvirales	f__Orthoherpesviridae	g__Cytomegalovirus	s__Cytomegalovirus humanbeta5	t__Human betaherpesvirus 5	218	0.03128237701425565	0.988858110836534	GCF_000845245.1
25-000514-54A2-SAD01-01-01-EC01-03-22.p2113_noHost_removal	29573088	k__Viruses	p__Peploviricota	c__Herviviricetes	o__Herpesvirales	f__Orthoherpesviridae	g__Lymphocryptovirus	s__Lymphocryptovirus humangamma4	t__Human gammaherpesvirus 4	31888	6.275514079516655	0.9937047087196246	GCF_002402265.1
25-000514-54A2-SAD01-01-01-EC01-03-22.p2113_noHost_removal	29573088	k__Viruses	p__Peploviricota	c__Herviviricetes	o__Herpesvirales	f__Orthoherpesviridae	g__Roseolovirus	s__Roseolovirus humanbeta6b	t__unclassified_Roseolovirus humanbeta6b	76	0.015852450106649887	0.9322584006565551	GCF_000846365.1
25-000514-54A2-SAD01-01-01-EC01-03-22.p2113_noHost_removal	29573088	k__Viruses	p__Peploviricota	c__Herviviricetes	o__Herpesvirales	f__Orthoherpesviridae	g__Roseolovirus	s__Roseolovirus humanbeta7	t__Human betaherpesvirus 7	17023	3.7602867984612476	0.9973862891245344	GCF_000848125.1
25-000514-54A2-SAD01-01-01-EC01-03-22.p2113_noHost_removal	29573088	k__Viruses	p__Cossaviricota	c__Quintoviricetes	o__Piccovirales	f__Parvoviridae	g__Bocaparvovirus	s__Bocaparvovirus primate1	t__Bocaparvovirus primate1	17	0.10370683185530465	0.9851967276977018	GCF_003033285.1
25-000514-54A2-SAD01-01-01-EC01-03-22.p2113_noHost_removal	29573088	k__Viruses	p__Pisuviricota	c__Pisoniviricetes	o__Sobelivirales	f__Solemoviridae	g__Polerovirus	s__Polerovirus PLRV	t__unclassified_Polerovirus PLRV	20	0.11295983827193304	0.9067796610169493	GCF_000856725.1
25-000499-54A2-DPD02-08-01-FA03-01-69.p2113_noHost_removal	28612426	k__Viruses	p__unclassified_Viruses	c__unclassified_Viruses	o__unclassified_Viruses	f__Anelloviridae	g__unclassified_Anelloviridae	s__Torque teno virus	t__Torque teno virus	8092	73.8207287939511	0.9630124416454123	GCF_000893775.1,set:FR751497
25-000499-54A2-DPD02-08-01-FA03-01-69.p2113_noHost_removal	28612426	k__Viruses	p__unclassified_Viruses	c__unclassified_Viruses	o__unclassified_Viruses	f__Anelloviridae	g__unclassified_Anelloviridae	s__Torque teno virus	t__unclassified_Torque teno virus	292	3.364772908766478	0.9391106666588847	set:KP343843
25-000499-54A2-DPD02-08-01-FA03-01-69.p2113_noHost_removal	28612426	k__Viruses	p__Peploviricota	c__Herviviricetes	o__Herpesvirales	f__Orthoherpesviridae	g__Lymphocryptovirus	s__Lymphocryptovirus humangamma4	t__Human gammaherpesvirus 4	6216	1.2643724547199837	0.9914937402778213	GCF_002402265.1
25-000499-54A2-DPD02-08-01-FA03-01-69.p2113_noHost_removal	28612426	k__Viruses	p__Peploviricota	c__Herviviricetes	o__Herpesvirales	f__Orthoherpesviridae	g__Roseolovirus	s__Roseolovirus humanbeta7	t__Human betaherpesvirus 7	1035	0.2363019000813173	0.9965044169893332	GCF_000848125.1
25-000499-54A2-DPD02-08-01-FA03-01-69.p2113_noHost_removal	28612426	k__Viruses	p__Cossaviricota	c__Papovaviricetes	o__Zurhausenvirales	f__Papillomaviridae	g__Betapapillomavirus	s__Betapapillomavirus 2	t__Human papillomavirus 17	35	0.1647245830689771	0.9752128666035954	set:JN211195
25-000499-54A2-DPD02-08-01-FA03-01-69.p2113_noHost_removal	28612426	k__Viruses	p__Duplornaviricota	c__Resentoviricetes	o__Reovirales	f__unclassified_Reovirales	g__unclassified_Reovirales	s__High Island virus	t__unclassified_High Island virus	45	0.08883045777893263	0.9533304603892839	set:623b1b621891025bf29d225275a9f84652022ec9
26-000787-54A1-UBD01-00-02-DB01-02-81.p2113_noHost_removal	902330	k__Viruses	p__Peploviricota	c__Herviviricetes	o__Herpesvirales	f__Orthoherpesviridae	g__Simplexvirus	s__Simplexvirus humanalpha1	t__Human alphaherpesvirus 1	2463	17.931705242762174	0.9924039508735119	GCF_000859985.2
26-000787-54A1-UBD01-00-02-DB01-02-81.p2113_noHost_removal	902330	k__Viruses	p__Cossaviricota	c__Papovaviricetes	o__Zurhausenvirales	f__Papillomaviridae	g__Betapapillomavirus	s__Betapapillomavirus 1	t__Human papillomavirus 98	112	16.625114321040023	0.9994678334910123	set:FM955837
26-000787-54A1-UBD01-00-02-DB01-02-81.p2113_noHost_removal	902330	k__Viruses	p__Pisuviricota	c__Pisoniviricetes	o__Picornavirales	f__Picornaviridae	g__Enterovirus	s__Enterovirus A	t__Coxsackievirus A16	3661	547.0235872103171	0.98432388857001	set:KC695830
26-000787-54A1-UBD01-00-02-DB01-02-81.p2113_noHost_removal	902330	k__Viruses	p__Pisuviricota	c__Pisoniviricetes	o__Picornavirales	f__Picornaviridae	g__Salivirus	s__Salivirus A	t__Salivirus A	153	21.13963662205391	0.9588336097435858	set:KT240115
26-000787-54A1-UBD01-00-02-DB01-02-81.p2113_noHost_removal	902330	k__Viruses	p__Cossaviricota	c__Papovaviricetes	o__Sepolyvirales	f__Polyomaviridae	g__Alphapolyomavirus	s__Alphapolyomavirus quintihominis	t__Merkel cell polyomavirus	3892	800.6827264434281	0.9894641127406144	GCF_000874865.1
26-000666-54A2-SAD01-01-01-EC01-03-49.p2113_noHost_removal	29621880	k__Viruses	p__unclassified_Viruses	c__unclassified_Viruses	o__unclassified_Viruses	f__Anelloviridae	g__unclassified_Anelloviridae	s__Torque teno virus	t__unclassified_Torque teno virus	32	0.28455638683151246	0.9429488342556469	set:FR751491,set:AB038620
26-000666-54A2-SAD01-01-01-EC01-03-49.p2113_noHost_removal	29621880	k__Viruses	p__Cressdnaviricota	c__Arfiviricetes	o__Cirlivirales	f__Circoviridae	g__unclassified_Circoviridae	s__Human respiratory circular DNA virus	t__Human respiratory circular DNA virus	1302	14.373445443982227	0.9592070743213499	acc:MN535741.1
26-000666-54A2-SAD01-01-01-EC01-03-49.p2113_noHost_removal	29621880	k__Viruses	p__Peploviricota	c__Herviviricetes	o__Herpesvirales	f__Orthoherpesviridae	g__Cytomegalovirus	s__Cytomegalovirus humanbeta5	t__Human betaherpesvirus 5	4050	0.5802061565596054	0.9820827612275659	GCF_000845245.1
26-000666-54A2-SAD01-01-01-EC01-03-49.p2113_noHost_removal	29621880	k__Viruses	p__Peploviricota	c__Herviviricetes	o__Herpesvirales	f__Orthoherpesviridae	g__Roseolovirus	s__Roseolovirus humanbeta7	t__Human betaherpesvirus 7	229360	50.58090646770407	0.9982509752441266	GCF_000848125.1
26-000666-54A2-SAD01-01-01-EC01-03-49.p2113_noHost_removal	29621880	k__Viruses	p__Artverviricota	c__Revtraviricetes	o__Ortervirales	f__Retroviridae	g__Alpharetrovirus	s__Alpharetrovirus avileu	t__unclassified_Alpharetrovirus avileu	61	0.26864778067101075	0.917568751912259	acc:MT538246.1,set:KU937324
26-000666-54A2-SAD01-01-01-EC01-03-49.p2113_noHost_removal	29621880	k__Viruses	p__Artverviricota	c__Revtraviricetes	o__Ortervirales	f__Retroviridae	g__Betaretrovirus	s__Enzootic nasal tumour virus 2	t__Enzootic nasal tumour virus 2	274	1.2367855751299908	0.9655526745219022	set:MK164396
26-000666-54A2-SAD01-01-01-EC01-03-49.p2113_noHost_removal	29621880	k__Viruses	p__Pisuviricota	c__Pisoniviricetes	o__Sobelivirales	f__Solemoviridae	g__Polerovirus	s__Polerovirus TUYV	t__Turnip yellows virus	8	0.047665131834645394	0.986754966887417	GCF_000894875.2
26-000656-54A2-SAD01-01-01-EC01-03-42.p2113_noHost_removal	28833760	k__Viruses	p__unclassified_Viruses	c__unclassified_Viruses	o__unclassified_Viruses	f__Anelloviridae	g__Alphatorquevirus	s__Alphatorquevirus homin6	t__unclassified_Alphatorquevirus homin6	1458	13.647969158600116	0.9476682101792436	GCF_000888995.1
26-000656-54A2-SAD01-01-01-EC01-03-42.p2113_noHost_removal	28833760	k__Viruses	p__unclassified_Viruses	c__unclassified_Viruses	o__unclassified_Viruses	f__Anelloviridae	g__Betatorquevirus	s__TTV-like mini virus	t__TTV-like mini virus	345	4.201848723769673	0.9595986510221365	acc:MN770101.1,acc:MN770144.1,acc:MN769782.1,acc:MN770132.1
26-000656-54A2-SAD01-01-01-EC01-03-42.p2113_noHost_removal	28833760	k__Viruses	p__unclassified_Viruses	c__unclassified_Viruses	o__unclassified_Viruses	f__Anelloviridae	g__Betatorquevirus	s__TTV-like mini virus	t__unclassified_TTV-like mini virus	15	0.1918935875203349	0.9205298013245032	acc:MN770266.1
26-000656-54A2-SAD01-01-01-EC01-03-42.p2113_noHost_removal	28833760	k__Viruses	p__unclassified_Viruses	c__unclassified_Viruses	o__unclassified_Viruses	f__Anelloviridae	g__Betatorquevirus	s__unclassified_Betatorquevirus	t__unclassified_Betatorquevirus	12	0.14868839321689972	0.8671328671328667	acc:MN771375.1
26-000656-54A2-SAD01-01-01-EC01-03-42.p2113_noHost_removal	28833760	k__Viruses	p__unclassified_Viruses	c__unclassified_Viruses	o__unclassified_Viruses	f__Anelloviridae	g__Gammatorquevirus	s__Gammatorquevirus homidi14	t__Torque teno midi virus 14	1295	13.935038844122001	0.9582396283291869	GCF_002818765.1
26-000656-54A2-SAD01-01-01-EC01-03-42.p2113_noHost_removal	28833760	k__Viruses	p__unclassified_Viruses	c__unclassified_Viruses	o__unclassified_Viruses	f__Anelloviridae	g__Gyrovirus	s__Gyrovirus chickenanemia	t__Chicken anemia virus	29	0.4337065389467072	0.9920243959652831	GCF_000864805.1
26-000656-54A2-SAD01-01-01-EC01-03-42.p2113_noHost_removal	28833760	k__Viruses	p__unclassified_Viruses	c__unclassified_Viruses	o__unclassified_Viruses	f__Anelloviridae	g__Gyrovirus	s__Gyrovirus homsa1	t__Gyrovirus GyV3	2	0.029403618243189367	0.990066225165563	GCF_000896975.1
26-000656-54A2-SAD01-01-01-EC01-03-42.p2113_noHost_removal	28833760	k__Viruses	p__unclassified_Viruses	c__unclassified_Viruses	o__unclassified_Viruses	f__Anelloviridae	g__unclassified_Anelloviridae	s__Torque teno virus	t__Torque teno virus	28	0.27346772630232946	0.9690160832544944	set:KP343839
26-000656-54A2-SAD01-01-01-EC01-03-42.p2113_noHost_removal	28833760	k__Viruses	p__unclassified_Viruses	c__unclassified_Viruses	o__unclassified_Viruses	f__Anelloviridae	g__unclassified_Anelloviridae	s__Torque teno virus	t__unclassified_Torque teno virus	38	0.36345823863154736	0.9064133844545141	set:AB064601
26-000656-54A2-SAD01-01-01-EC01-03-42.p2113_noHost_removal	28833760	k__Viruses	p__unclassified_Viruses	c__unclassified_Viruses	o__unclassified_Viruses	f__Anelloviridae	g__unclassified_Anelloviridae	s__unclassified_Anelloviridae	t__unclassified_Anelloviridae	50	0.5020510399431883	0.869407278179148	acc:MN765198.1,set:KP343848
26-000656-54A2-SAD01-01-01-EC01-03-42.p2113_noHost_removal	28833760	k__Viruses	p__Cressdnaviricota	c__Arfiviricetes	o__Cirlivirales	f__Circoviridae	g__unclassified_Circoviridae	s__Human PoSCV5-like circular virus	t__Human PoSCV5-like circular virus	1678	19.282859718535	0.9598729128154212	GCF_013087445.1
26-000656-54A2-SAD01-01-01-EC01-03-42.p2113_noHost_removal	28833760	k__Viruses	p__Peploviricota	c__Herviviricetes	o__Herpesvirales	f__Orthoherpesviridae	g__Lymphocryptovirus	s__Lymphocryptovirus humangamma4	t__Human gammaherpesvirus 4	932251	188.1699550498233	0.9927997116430086	GCF_002402265.1
26-000656-54A2-SAD01-01-01-EC01-03-42.p2113_noHost_removal	28833760	k__Viruses	p__Peploviricota	c__Herviviricetes	o__Herpesvirales	f__Orthoherpesviridae	g__Roseolovirus	s__Roseolovirus humanbeta6b	t__Human betaherpesvirus 6B	6	0.001283599234532805	0.9647080561714708	GCF_000846365.1
26-000656-54A2-SAD01-01-01-EC01-03-42.p2113_noHost_removal	28833760	k__Viruses	p__Peploviricota	c__Herviviricetes	o__Herpesvirales	f__Orthoherpesviridae	g__Roseolovirus	s__Roseolovirus humanbeta7	t__Human betaherpesvirus 7	384	0.08699844528123381	0.9963177420051195	GCF_000848125.1
26-000656-54A2-SAD01-01-01-EC01-03-42.p2113_noHost_removal	28833760	k__Viruses	p__Cossaviricota	c__Papovaviricetes	o__Zurhausenvirales	f__Papillomaviridae	g__Alphapapillomavirus	s__Alphapapillomavirus 10	t__human papillomavirus 74	4	0.017555842934873125	0.9553155394322197	acc:LR862050.1
26-000676-54A2-SAD01-01-01-EC01-03-59.p2113_noHost_removal	26906214	k__Viruses	p__Peploviricota	c__Herviviricetes	o__Herpesvirales	f__Orthoherpesviridae	g__Lymphocryptovirus	s__Lymphocryptovirus humangamma4	t__Human herpesvirus 4 type 2	18	0.0038722791908820885	0.9996320824135394	GCF_000872045.1
26-000676-54A2-SAD01-01-01-EC01-03-59.p2113_noHost_removal	26906214	k__Viruses	p__Peploviricota	c__Herviviricetes	o__Herpesvirales	f__Orthoherpesviridae	g__Roseolovirus	s__Roseolovirus humanbeta7	t__Human betaherpesvirus 7	552206	134.06952649624048	0.9976884522206926	GCF_000848125.1
25-000511-54A2-SAD01-01-01-EC01-03-19.p2113_noHost_removal	22837252	k__Viruses	p__unclassified_Viruses	c__unclassified_Viruses	o__unclassified_Viruses	f__Anelloviridae	g__Alphatorquevirus	s__Alphatorquevirus homin13	t__Torque teno virus 13	56	0.7403785954801598	0.9755457221370742	GCF_002818305.1
25-000511-54A2-SAD01-01-01-EC01-03-19.p2113_noHost_removal	22837252	k__Viruses	p__unclassified_Viruses	c__unclassified_Viruses	o__unclassified_Viruses	f__Anelloviridae	g__Alphatorquevirus	s__unclassified_Alphatorquevirus	t__unclassified_Alphatorquevirus	11	0.12491420138621252	0.8893717512782899	set:MH017570
25-000511-54A2-SAD01-01-01-EC01-03-19.p2113_noHost_removal	22837252	k__Viruses	p__unclassified_Viruses	c__unclassified_Viruses	o__unclassified_Viruses	f__Anelloviridae	g__unclassified_Anelloviridae	s__Torque teno virus	t__Torque teno virus	154	1.7415723780044672	0.9560144975076887	set:FR751487
25-000511-54A2-SAD01-01-01-EC01-03-19.p2113_noHost_removal	22837252	k__Viruses	p__Peploviricota	c__Herviviricetes	o__Herpesvirales	f__Orthoherpesviridae	g__Lymphocryptovirus	s__Lymphocryptovirus humangamma4	t__Human gammaherpesvirus 4	1189	0.30300982664945636	0.9961983172203289	GCF_002402265.1
25-000511-54A2-SAD01-01-01-EC01-03-19.p2113_noHost_removal	22837252	k__Viruses	p__Peploviricota	c__Herviviricetes	o__Herpesvirales	f__Orthoherpesviridae	g__Roseolovirus	s__Roseolovirus humanbeta6b	t__Human betaherpesvirus 6B	36	0.009723847404592097	0.993542797764652	GCF_000846365.1
25-000511-54A2-SAD01-01-01-EC01-03-19.p2113_noHost_removal	22837252	k__Viruses	p__Peploviricota	c__Herviviricetes	o__Herpesvirales	f__Orthoherpesviridae	g__Roseolovirus	s__Roseolovirus humanbeta7	t__Human betaherpesvirus 7	1292	0.36957298348127193	0.9972530524936118	GCF_000848125.1
25-000511-54A2-SAD01-01-01-EC01-03-19.p2113_noHost_removal	22837252	k__Viruses	p__Cossaviricota	c__Papovaviricetes	o__Zurhausenvirales	f__Papillomaviridae	g__Betapapillomavirus	s__Betapapillomavirus 1	t__Human papillomavirus 105	4	0.02284497482932689	0.9950331125827814	set:FM955841
25-000511-54A2-SAD01-01-01-EC01-03-19.p2113_noHost_removal	22837252	k__Viruses	p__Cossaviricota	c__Papovaviricetes	o__Zurhausenvirales	f__Papillomaviridae	g__Betapapillomavirus	s__Betapapillomavirus 1	t__human papillomavirus 20	15	0.08467469157685764	0.9811469635057068	set:U31778
25-000511-54A2-SAD01-01-01-EC01-03-19.p2113_noHost_removal	22837252	k__Viruses	p__Cossaviricota	c__Papovaviricetes	o__Zurhausenvirales	f__Papillomaviridae	g__Betapapillomavirus	s__Betapapillomavirus 2	t__Human papillomavirus 23	34	0.20327629534951103	0.9857810673938452	set:U31781
25-000511-54A2-SAD01-01-01-EC01-03-19.p2113_noHost_removal	22837252	k__Viruses	p__Cossaviricota	c__Papovaviricetes	o__Zurhausenvirales	f__Papillomaviridae	g__Betapapillomavirus	s__Betapapillomavirus 3	t__Human papillomavirus type 49	69	0.39965334388673934	0.9988482579902103	GCF_000862825.1
25-000511-54A2-SAD01-01-01-EC01-03-19.p2113_noHost_removal	22837252	k__Viruses	p__Cossaviricota	c__Papovaviricetes	o__Sepolyvirales	f__Polyomaviridae	g__Alphapolyomavirus	s__Alphapolyomavirus quintihominis	t__Merkel cell polyomavirus	120	0.9754172378862962	0.9988962472406181	GCF_000874865.1
26-000667-54A2-SAD01-01-01-EC01-03-50.p2113_noHost_removal	26513062	k__Viruses	p__Peploviricota	c__Herviviricetes	o__Herpesvirales	f__Orthoherpesviridae	g__Lymphocryptovirus	s__Lymphocryptovirus humangamma4	t__Human gammaherpesvirus 4	75610	16.597323279665286	0.9934548254154129	GCF_002402265.1
26-000667-54A2-SAD01-01-01-EC01-03-50.p2113_noHost_removal	26513062	k__Viruses	p__Peploviricota	c__Herviviricetes	o__Herpesvirales	f__Orthoherpesviridae	g__Roseolovirus	s__Roseolovirus humanbeta6b	t__Human betaherpesvirus 6B	184	0.04280922975943758	0.9955729916498706	GCF_000846365.1
26-000667-54A2-SAD01-01-01-EC01-03-50.p2113_noHost_removal	26513062	k__Viruses	p__Peploviricota	c__Herviviricetes	o__Herpesvirales	f__Orthoherpesviridae	g__Roseolovirus	s__Roseolovirus humanbeta7	t__Human betaherpesvirus 7	69268	17.066886775567205	0.997527081602839	GCF_000848125.1
25-000501-54A2-SAD01-01-01-EC01-03-09.p2113_noHost_removal	25272148	k__Viruses	p__unclassified_Viruses	c__unclassified_Viruses	o__unclassified_Viruses	f__Anelloviridae	g__Alphatorquevirus	s__Alphatorquevirus homin29	t__Torque teno virus 29	26	0.27986957546633867	0.980139941865692	GCF_002818425.1
25-000501-54A2-SAD01-01-01-EC01-03-09.p2113_noHost_removal	25272148	k__Viruses	p__unclassified_Viruses	c__unclassified_Viruses	o__unclassified_Viruses	f__Anelloviridae	g__Betatorquevirus	s__unclassified_Betatorquevirus	t__unclassified_Betatorquevirus	6	0.08175465348174357	0.8344827586206897	acc:MN770663.1
25-000501-54A2-SAD01-01-01-EC01-03-09.p2113_noHost_removal	25272148	k__Viruses	p__unclassified_Viruses	c__unclassified_Viruses	o__unclassified_Viruses	f__Anelloviridae	g__unclassified_Anelloviridae	s__Torque teno midi virus	t__Torque teno midi virus	2	0.02589610751646851	1.0	acc:MN774956.1
25-000501-54A2-SAD01-01-01-EC01-03-09.p2113_noHost_removal	25272148	k__Viruses	p__unclassified_Viruses	c__unclassified_Viruses	o__unclassified_Viruses	f__Anelloviridae	g__unclassified_Anelloviridae	s__Torque teno virus	t__Torque teno virus	472	4.999240870752182	0.9676620128222032	set:FR751497,set:HM224451,acc:MT506589.1,acc:MN765200.1,set:AJ620232
25-000501-54A2-SAD01-01-01-EC01-03-09.p2113_noHost_removal	25272148	k__Viruses	p__unclassified_Viruses	c__unclassified_Viruses	o__unclassified_Viruses	f__Anelloviridae	g__unclassified_Anelloviridae	s__Torque teno virus	t__unclassified_Torque teno virus	258	2.777236357503133	0.9232095142157858	GCF_000893775.1,set:AJ620226,acc:MN765197.1
25-000501-54A2-SAD01-01-01-EC01-03-09.p2113_noHost_removal	25272148	k__Viruses	p__Peploviricota	c__Herviviricetes	o__Herpesvirales	f__Orthoherpesviridae	g__Lymphocryptovirus	s__Lymphocryptovirus humangamma4	t__Human herpesvirus 4 type 2	544	0.1245958257688474	0.99185205694338	GCF_000872045.1
25-000501-54A2-SAD01-01-01-EC01-03-09.p2113_noHost_removal	25272148	k__Viruses	p__Peploviricota	c__Herviviricetes	o__Herpesvirales	f__Orthoherpesviridae	g__Roseolovirus	s__Roseolovirus humanbeta6b	t__Human betaherpesvirus 6B	721	0.17598375771125974	0.9913353720896295	GCF_000846365.1
25-000501-54A2-SAD01-01-01-EC01-03-09.p2113_noHost_removal	25272148	k__Viruses	p__Peploviricota	c__Herviviricetes	o__Herpesvirales	f__Orthoherpesviridae	g__Roseolovirus	s__Roseolovirus humanbeta7	t__Human betaherpesvirus 7	473681	122.44057350201668	0.9972791808167367	GCF_000848125.1
25-000501-54A2-SAD01-01-01-EC01-03-09.p2113_noHost_removal	25272148	k__Viruses	p__Cossaviricota	c__Papovaviricetes	o__Zurhausenvirales	f__Papillomaviridae	g__Alphapapillomavirus	s__Alphapapillomavirus 6	t__human papillomavirus 56	35950	180.84345533328778	0.9966979240473419	acc:OP971047.1
25-000501-54A2-SAD01-01-01-EC01-03-09.p2113_noHost_removal	25272148	k__Viruses	p__Cossaviricota	c__Papovaviricetes	o__Zurhausenvirales	f__Papillomaviridae	g__Alphapapillomavirus	s__Alphapapillomavirus 7	t__human papillomavirus 68	43	0.2106050065926534	0.9861389188356694	acc:PP718711.1
25-000501-54A2-SAD01-01-01-EC01-03-09.p2113_noHost_removal	25272148	k__Viruses	p__Cossaviricota	c__Papovaviricetes	o__Zurhausenvirales	f__Papillomaviridae	g__Gammapapillomavirus	s__Gammapapillomavirus 7	t__Gammapapillomavirus 7	11	0.059380869732169536	0.9927754364840458	set:MF588700
25-000501-54A2-SAD01-01-01-EC01-03-09.p2113_noHost_removal	25272148	k__Viruses	p__Cossaviricota	c__Papovaviricetes	o__Zurhausenvirales	f__Papillomaviridae	g__unclassified_Papillomaviridae	s__Human papillomavirus	t__Human papillomavirus	247	1.3388500430733532	0.985611485604303	set:MH777360
25-000501-54A2-SAD01-01-01-EC01-03-09.p2113_noHost_removal	25272148	k__Viruses	p__Artverviricota	c__Revtraviricetes	o__Ortervirales	f__Retroviridae	g__Betaretrovirus	s__Enzootic nasal tumor virus 2	t__unclassified_Enzootic nasal tumor virus 2	6	0.03261650140280029	0.9470198675496687	set:MK164400
25-000501-54A2-SAD01-01-01-EC01-03-09.p2113_noHost_removal	25272148	k__Viruses	p__Artverviricota	c__Revtraviricetes	o__Ortervirales	f__Retroviridae	g__unclassified_Retroviridae	s__Citrus blight-associated pararetrovirus	t__Citrus blight-associated pararetrovirus	16	0.0872891267837615	0.9689569536423841	set:MN814438
26-000671-54A2-SAD01-01-01-EC01-03-54.p2113_noHost_removal	27698266	k__Viruses	p__unclassified_Viruses	c__unclassified_Viruses	o__unclassified_Viruses	f__Anelloviridae	g__Alphatorquevirus	s__Alphatorquevirus homin20	t__Torque teno virus 20	1	0.01116368060473102	0.9928057553956835	GCF_002818335.1
26-000671-54A2-SAD01-01-01-EC01-03-54.p2113_noHost_removal	27698266	k__Viruses	p__unclassified_Viruses	c__unclassified_Viruses	o__unclassified_Viruses	f__Anelloviridae	g__unclassified_Anelloviridae	s__Torque teno virus	t__unclassified_Torque teno virus	81	0.7903704835491107	0.9394817036967218	acc:MT783404.1
26-000671-54A2-SAD01-01-01-EC01-03-54.p2113_noHost_removal	27698266	k__Viruses	p__Cressdnaviricota	c__Arfiviricetes	o__Cirlivirales	f__Circoviridae	g__unclassified_Circoviridae	s__Human respiratory circovirus-like 1	t__unclassified_Human respiratory circovirus-like 1	200	2.365105999063224	0.9314583211292886	acc:MK674279.1
26-000671-54A2-SAD01-01-01-EC01-03-54.p2113_noHost_removal	27698266	k__Viruses	p__Peploviricota	c__Herviviricetes	o__Herpesvirales	f__Orthoherpesviridae	g__Lymphocryptovirus	s__Lymphocryptovirus humangamma4	t__Human herpesvirus 4 type 2	58	0.012120545358932455	0.9852706097282489	GCF_000872045.1
26-000671-54A2-SAD01-01-01-EC01-03-54.p2113_noHost_removal	27698266	k__Viruses	p__Peploviricota	c__Herviviricetes	o__Herpesvirales	f__Orthoherpesviridae	g__Roseolovirus	s__Roseolovirus humanbeta7	t__Human betaherpesvirus 7	4876	1.1499862871512525	0.9972033569445522	GCF_000848125.1
26-000671-54A2-SAD01-01-01-EC01-03-54.p2113_noHost_removal	27698266	k__Viruses	p__Peploviricota	c__Herviviricetes	o__Herpesvirales	f__Orthoherpesviridae	g__Simplexvirus	s__Simplexvirus humanalpha1	t__Human alphaherpesvirus 1	23881	5.663990329852416	0.9884980491901522	GCF_000859985.2
26-000782-54A1-UBD01-00-02-DB01-02-73.p2113_noHost_removal	431686	k__Viruses	p__Preplasmiviricota	c__Tectiliviricetes	o__Rowavirales	f__Adenoviridae	g__Mastadenovirus	s__Human mastadenovirus F	t__Human mastadenovirus F	126	8.525245182901854	0.9818594104308404	acc:ON815883.1
26-000782-54A1-UBD01-00-02-DB01-02-73.p2113_noHost_removal	431686	k__Viruses	p__Pisuviricota	c__Stelpaviricetes	o__Stellavirales	f__Astroviridae	g__Mamastrovirus	s__Mamastrovirus hominis	t__Mamastrovirus 1	49	16.541595706540654	0.9790512231382624	acc:MT766321.1
26-000782-54A1-UBD01-00-02-DB01-02-73.p2113_noHost_removal	431686	k__Viruses	p__Pisuviricota	c__Pisoniviricetes	o__Picornavirales	f__Picornaviridae	g__Enterovirus	s__Enterovirus A	t__Coxsackievirus A16	2033	635.7237560550294	0.989655180456235	acc:OQ791560.1
26-000782-54A1-UBD01-00-02-DB01-02-73.p2113_noHost_removal	431686	k__Viruses	p__Cossaviricota	c__Papovaviricetes	o__Sepolyvirales	f__Polyomaviridae	g__Alphapolyomavirus	s__Alphapolyomavirus quintihominis	t__Merkel cell polyomavirus	3384	1455.1756353517205	0.9898511647633234	GCF_000874865.1
26-000782-54A1-UBD01-00-02-DB01-02-73.p2113_noHost_removal	431686	k__Viruses	p__Duplornaviricota	c__Resentoviricetes	o__Reovirales	f__Sedoreoviridae	g__Rotavirus	s__Rotavirus alphagastroenteritidis	t__E1	2	0.25687497960605316	0.9834437086092715	set:079d575566ded78acda3c43e6083ecb0ea1f1416
25-000506-54A2-DPD03-08-01-FA03-01-80.p2113_noHost_removal	35272292	k__Viruses	p__unclassified_Viruses	c__unclassified_Viruses	o__unclassified_Viruses	f__Anelloviridae	g__unclassified_Anelloviridae	s__SEN virus	t__SEN virus	36729	271.171596957748	0.9582534190772204	set:KM593802
25-000506-54A2-DPD03-08-01-FA03-01-80.p2113_noHost_removal	35272292	k__Viruses	p__unclassified_Viruses	c__unclassified_Viruses	o__unclassified_Viruses	f__Anelloviridae	g__unclassified_Anelloviridae	s__Torque teno virus	t__Torque teno virus	191	1.5288016024882132	0.9551369844745606	acc:MN768559.1
25-000506-54A2-DPD03-08-01-FA03-01-80.p2113_noHost_removal	35272292	k__Viruses	p__Peploviricota	c__Herviviricetes	o__Herpesvirales	f__Orthoherpesviridae	g__Lymphocryptovirus	s__Lymphocryptovirus humangamma4	t__Human gammaherpesvirus 4	53	0.008745021690520936	0.9920029988754218	GCF_002402265.1
25-000506-54A2-DPD03-08-01-FA03-01-80.p2113_noHost_removal	35272292	k__Viruses	p__Peploviricota	c__Herviviricetes	o__Herpesvirales	f__Orthoherpesviridae	g__Roseolovirus	s__Roseolovirus humanbeta7	t__Human betaherpesvirus 7	109	0.02018711993610583	0.9911902302691539	GCF_000848125.1
25-000506-54A2-DPD03-08-01-FA03-01-80.p2113_noHost_removal	35272292	k__Viruses	p__Cossaviricota	c__Papovaviricetes	o__Sepolyvirales	f__Polyomaviridae	g__Alphapolyomavirus	s__Alphapolyomavirus quintihominis	t__Merkel cell polyomavirus	7189	37.83448501605014	0.9906818012437005	GCF_000874865.1
25-000506-54A2-DPD03-08-01-FA03-01-80.p2113_noHost_removal	35272292	k__Viruses	p__Duplornaviricota	c__Resentoviricetes	o__Reovirales	f__Sedoreoviridae	g__Rotavirus	s__Rotavirus alphagastroenteritidis	t__3	103	0.17464946937215517	0.9777832437422022	set:1b2987b24d93718ff5e31f22fbc50a9333da61f5
25-000682-54A3-CSD01-01-01-DD01-03-43.p2113_noHost_removal	5896050	k__Viruses	p__unclassified_Viruses	c__unclassified_Viruses	o__unclassified_Viruses	f__Anelloviridae	g__Betatorquevirus	s__TTV-like mini virus	t__TTV-like mini virus	49	2.9190897978952397	0.9925665630490608	acc:MN769686.1
25-000682-54A3-CSD01-01-01-DD01-03-43.p2113_noHost_removal	5896050	k__Viruses	p__unclassified_Viruses	c__unclassified_Viruses	o__unclassified_Viruses	f__Anelloviridae	g__Betatorquevirus	s__TTV-like mini virus	t__unclassified_TTV-like mini virus	84	5.025335543224639	0.9367707347839814	acc:MN771370.1
25-000682-54A3-CSD01-01-01-DD01-03-43.p2113_noHost_removal	5896050	k__Viruses	p__Peploviricota	c__Herviviricetes	o__Herpesvirales	f__Orthoherpesviridae	g__Roseolovirus	s__Roseolovirus humanbeta6b	t__Human betaherpesvirus 6B	773	0.8087193126645558	0.9960654139093991	GCF_000846365.1
25-000682-54A3-CSD01-01-01-DD01-03-43.p2113_noHost_removal	5896050	k__Viruses	p__Cossaviricota	c__Papovaviricetes	o__Zurhausenvirales	f__Papillomaviridae	g__Gammapapillomavirus	s__Gammapapillomavirus 15	t__Human papillomavirus 146	240	5.60292056436608	0.9797185430463581	set:HM999998
25-000682-54A3-CSD01-01-01-DD01-03-43.p2113_noHost_removal	5896050	k__Viruses	p__Cossaviricota	c__Papovaviricetes	o__Sepolyvirales	f__Polyomaviridae	g__Alphapolyomavirus	s__Alphapolyomavirus quintihominis	t__Merkel cell polyomavirus	3191	100.4658980874339	0.9923849040904246	GCF_000874865.1
26-000670-54A2-SAD01-01-01-EC01-03-53.p2113_noHost_removal	23439376	k__Viruses	p__unclassified_Viruses	c__unclassified_Viruses	o__unclassified_Viruses	f__Anelloviridae	g__unclassified_Anelloviridae	s__Torque teno midi virus	t__Torque teno midi virus	173	2.2723961080717148	0.9593438318673334	acc:OP549859.1
26-000670-54A2-SAD01-01-01-EC01-03-53.p2113_noHost_removal	23439376	k__Viruses	p__Cressdnaviricota	c__Arfiviricetes	o__Cirlivirales	f__Circoviridae	g__unclassified_Circoviridae	s__Human respiratory circovirus-like 1	t__Human respiratory circovirus-like 1	133466	1865.0814159516246	0.9780087607595619	acc:MK674279.1
26-000670-54A2-SAD01-01-01-EC01-03-53.p2113_noHost_removal	23439376	k__Viruses	p__Peploviricota	c__Herviviricetes	o__Herpesvirales	f__Orthoherpesviridae	g__Roseolovirus	s__Roseolovirus humanbeta7	t__Human betaherpesvirus 7	218	0.06075639462631994	0.9947790476531831	GCF_000848125.1
26-000670-54A2-SAD01-01-01-EC01-03-53.p2113_noHost_removal	23439376	k__Viruses	p__Cossaviricota	c__Papovaviricetes	o__Zurhausenvirales	f__Papillomaviridae	g__Alphapapillomavirus	s__Alphapapillomavirus 2	t__Human papillomavirus type 10	32	0.17239854238656405	0.9993791390728477	GCF_000864905.1
26-000670-54A2-SAD01-01-01-EC01-03-53.p2113_noHost_removal	23439376	k__Viruses	p__Cossaviricota	c__Papovaviricetes	o__Zurhausenvirales	f__Papillomaviridae	g__Betapapillomavirus	s__Betapapillomavirus 1	t__Human papillomavirus 105	184	1.0238735266291126	0.9929366565690941	set:FM955841
26-000670-54A2-SAD01-01-01-EC01-03-53.p2113_noHost_removal	23439376	k__Viruses	p__Cossaviricota	c__Papovaviricetes	o__Zurhausenvirales	f__Papillomaviridae	g__Betapapillomavirus	s__Betapapillomavirus 1	t__human papillomavirus 20	139	0.7644955521832252	0.9976557063432254	set:U31778
26-000670-54A2-SAD01-01-01-EC01-03-53.p2113_noHost_removal	23439376	k__Viruses	p__Cossaviricota	c__Papovaviricetes	o__Zurhausenvirales	f__Papillomaviridae	g__Betapapillomavirus	s__Betapapillomavirus 1	t__human papillomavirus 21	160	0.8775061429227413	0.9973509933774836	set:U31779
26-000670-54A2-SAD01-01-01-EC01-03-53.p2113_noHost_removal	23439376	k__Viruses	p__Cossaviricota	c__Papovaviricetes	o__Zurhausenvirales	f__Papillomaviridae	g__Betapapillomavirus	s__Betapapillomavirus 1	t__human papillomavirus 24	273	1.5629452143906915	0.9973144326502871	set:U31782
26-000670-54A2-SAD01-01-01-EC01-03-53.p2113_noHost_removal	23439376	k__Viruses	p__Cossaviricota	c__Papovaviricetes	o__Zurhausenvirales	f__Papillomaviridae	g__Betapapillomavirus	s__Betapapillomavirus 1	t__human papillomavirus 36	61	0.3370186945039791	0.9916216847388447	set:U31785
26-000670-54A2-SAD01-01-01-EC01-03-53.p2113_noHost_removal	23439376	k__Viruses	p__Cossaviricota	c__Papovaviricetes	o__Zurhausenvirales	f__Papillomaviridae	g__Betapapillomavirus	s__Betapapillomavirus 2	t__Human papillomavirus 110	65	0.3735836408601141	0.9958227203260317	set:EU410348
26-000670-54A2-SAD01-01-01-EC01-03-53.p2113_noHost_removal	23439376	k__Viruses	p__Cossaviricota	c__Papovaviricetes	o__Zurhausenvirales	f__Papillomaviridae	g__Gammapapillomavirus	s__Gammapapillomavirus 10	t__Human papillomavirus 130	6	0.034648011737594776	0.9712579818362298	set:GU117630
26-000670-54A2-SAD01-01-01-EC01-03-53.p2113_noHost_removal	23439376	k__Viruses	p__Cossaviricota	c__Papovaviricetes	o__Zurhausenvirales	f__Papillomaviridae	g__Gammapapillomavirus	s__Gammapapillomavirus 7	t__Gammapapillomavirus 7	10	0.057575238577901526	0.9874172185430463	set:MF588703
26-000670-54A2-SAD01-01-01-EC01-03-53.p2113_noHost_removal	23439376	k__Viruses	p__Cossaviricota	c__Papovaviricetes	o__Zurhausenvirales	f__Papillomaviridae	g__Gammapapillomavirus	s__Gammapapillomavirus 7	t__Human papillomavirus 123	10	0.05821155926623691	0.9966887417218544	set:GQ845445
26-000670-54A2-SAD01-01-01-EC01-03-53.p2113_noHost_removal	23439376	k__Viruses	p__Cossaviricota	c__Papovaviricetes	o__Zurhausenvirales	f__Papillomaviridae	g__Gammapapillomavirus	s__Gammapapillomavirus 7	t__Human papillomavirus 155	129	0.7485799075657003	0.9731579917114814	set:JF906559
26-000670-54A2-SAD01-01-01-EC01-03-53.p2113_noHost_removal	23439376	k__Viruses	p__Cossaviricota	c__Papovaviricetes	o__Zurhausenvirales	f__Papillomaviridae	g__unclassified_Papillomaviridae	s__Human papillomavirus	t__Human papillomavirus	85	0.4994240789843586	0.996738060740932	set:KX781286,set:MH777248,set:MH777175
26-000670-54A2-SAD01-01-01-EC01-03-53.p2113_noHost_removal	23439376	k__Viruses	p__Cossaviricota	c__Papovaviricetes	o__Zurhausenvirales	f__Papillomaviridae	g__unclassified_Papillomaviridae	s__Human papillomavirus	t__unclassified_Human papillomavirus	7	0.041698235479415695	0.9214285714285715	set:MH777280
26-000670-54A2-SAD01-01-01-EC01-03-53.p2113_noHost_removal	23439376	k__Viruses	p__Artverviricota	c__Revtraviricetes	o__Ortervirales	f__Retroviridae	g__Gammaretrovirus	s__Gammaretrovirus porConc	t__Porcine type-C oncovirus	1	0.005285338427431247	0.9536423841059603	set:AF356697
26-000675-54A2-SAD01-01-01-EC01-03-58.p2113_noHost_removal	25957432	k__Viruses	p__unclassified_Viruses	c__unclassified_Viruses	o__unclassified_Viruses	f__Anelloviridae	g__unclassified_Anelloviridae	s__Torque teno virus	t__Torque teno virus	104	1.0735690414680137	0.9581214927654617	acc:MT783405.1
26-000675-54A2-SAD01-01-01-EC01-03-58.p2113_noHost_removal	25957432	k__Viruses	p__unclassified_Viruses	c__unclassified_Viruses	o__unclassified_Viruses	f__Anelloviridae	g__unclassified_Anelloviridae	s__Torque teno virus	t__unclassified_Torque teno virus	7	0.0885623267630112	0.9333976833976834	set:KP343846
26-000675-54A2-SAD01-01-01-EC01-03-58.p2113_noHost_removal	25957432	k__Viruses	p__Cressdnaviricota	c__Arfiviricetes	o__Cirlivirales	f__Circoviridae	g__unclassified_Circoviridae	s__Human respiratory circular DNA virus	t__unclassified_Human respiratory circular DNA virus	384	4.893632504959773	0.9473230717791582	acc:MN535740.1
26-000675-54A2-SAD01-01-01-EC01-03-58.p2113_noHost_removal	25957432	k__Viruses	p__Peploviricota	c__Herviviricetes	o__Herpesvirales	f__Orthoherpesviridae	g__Lymphocryptovirus	s__Lymphocryptovirus humangamma4	t__Human gammaherpesvirus 4	363084	81.40743832276941	0.9939139595316617	GCF_002402265.1
26-000675-54A2-SAD01-01-01-EC01-03-58.p2113_noHost_removal	25957432	k__Viruses	p__Peploviricota	c__Herviviricetes	o__Herpesvirales	f__Orthoherpesviridae	g__Roseolovirus	s__Roseolovirus humanbeta7	t__Human betaherpesvirus 7	66	0.016609775289822656	0.9998996588400562	GCF_000848125.1
26-000675-54A2-SAD01-01-01-EC01-03-58.p2113_noHost_removal	25957432	k__Viruses	p__Cossaviricota	c__Papovaviricetes	o__Zurhausenvirales	f__Papillomaviridae	g__Betapapillomavirus	s__Betapapillomavirus 2	t__Human papillomavirus type 38b	10	0.052060286678256594	0.9973509933774836	set:DQ090005
26-000675-54A2-SAD01-01-01-EC01-03-58.p2113_noHost_removal	25957432	k__Viruses	p__Cossaviricota	c__Papovaviricetes	o__Sepolyvirales	f__Polyomaviridae	g__Alphapolyomavirus	s__Alphapolyomavirus quintihominis	t__Merkel cell polyomavirus	24	0.17163369062666362	0.9983443708609272	GCF_000874865.1
26-000675-54A2-SAD01-01-01-EC01-03-58.p2113_noHost_removal	25957432	k__Viruses	p__Artverviricota	c__Revtraviricetes	o__Ortervirales	f__Retroviridae	g__Gammaretrovirus	s__Gammaretrovirus porConc	t__Porcine type-C oncovirus	5	0.0238631145576746	0.9523178807947019	set:AF356697
26-000675-54A2-SAD01-01-01-EC01-03-58.p2113_noHost_removal	25957432	k__Viruses	p__Pisuviricota	c__Pisoniviricetes	o__Sobelivirales	f__Solemoviridae	g__Polerovirus	s__Polerovirus TUYV	t__Turnip yellows virus	28	0.1899259069319962	0.9869658625039421	acc:MT586583.1,set:LR584020
26-000780-54A1-UBD01-00-02-DB01-02-69.p2113_noHost_removal	472474	k__Viruses	p__Peploviricota	c__Herviviricetes	o__Herpesvirales	f__Orthoherpesviridae	g__Simplexvirus	s__Simplexvirus humanalpha1	t__Human alphaherpesvirus 1	2811	39.084585217357706	0.9889155947354423	GCF_000859985.2
26-000780-54A1-UBD01-00-02-DB01-02-69.p2113_noHost_removal	472474	k__Viruses	p__Cossaviricota	c__Quintoviricetes	o__Piccovirales	f__Parvoviridae	g__Bocaparvovirus	s__Bocaparvovirus primate1	t__Human bocavirus 3	232	93.6727033141275	0.9953756565425896	GCF_000882855.1
26-000780-54A1-UBD01-00-02-DB01-02-69.p2113_noHost_removal	472474	k__Viruses	p__Pisuviricota	c__Pisoniviricetes	o__Picornavirales	f__Picornaviridae	g__Enterovirus	s__Enterovirus A	t__Coxsackievirus A16	1748	499.4161014365895	0.9907816977625952	acc:OQ791560.1
26-000780-54A1-UBD01-00-02-DB01-02-69.p2113_noHost_removal	472474	k__Viruses	p__Cossaviricota	c__Papovaviricetes	o__Sepolyvirales	f__Polyomaviridae	g__Alphapolyomavirus	s__Alphapolyomavirus quintihominis	t__Merkel cell polyomavirus	8844	3474.7522423661785	0.9872482753439912	GCF_000874865.1
26-000673-54A2-SAD01-01-01-EC01-03-56.p2113_noHost_removal	23894920	k__Viruses	p__Peploviricota	c__Herviviricetes	o__Herpesvirales	f__Orthoherpesviridae	g__Lymphocryptovirus	s__Lymphocryptovirus humangamma4	t__Human herpesvirus 4 type 2	30	0.0072671215316630995	0.9997792494481236	GCF_000872045.1
26-000673-54A2-SAD01-01-01-EC01-03-56.p2113_noHost_removal	23894920	k__Viruses	p__Peploviricota	c__Herviviricetes	o__Herpesvirales	f__Orthoherpesviridae	g__Roseolovirus	s__Roseolovirus humanbeta6b	t__Human betaherpesvirus 6B	18	0.004646718917414574	0.9963208241353938	GCF_000846365.1
26-000673-54A2-SAD01-01-01-EC01-03-56.p2113_noHost_removal	23894920	k__Viruses	p__Peploviricota	c__Herviviricetes	o__Herpesvirales	f__Orthoherpesviridae	g__Roseolovirus	s__Roseolovirus humanbeta7	t__Human betaherpesvirus 7	140	0.038274013108935225	0.9971617786187323	GCF_000848125.1
25-000500-54A2-SAD01-01-01-EC01-03-08.p2113_noHost_removal	27733276	k__Viruses	p__Peploviricota	c__Herviviricetes	o__Herpesvirales	f__Orthoherpesviridae	g__Lymphocryptovirus	s__Lymphocryptovirus humangamma4	t__Human herpesvirus 4 type 2	123	0.02567146698718195	0.9889624724061813	GCF_000872045.1
25-000500-54A2-SAD01-01-01-EC01-03-08.p2113_noHost_removal	27733276	k__Viruses	p__Peploviricota	c__Herviviricetes	o__Herpesvirales	f__Orthoherpesviridae	g__Roseolovirus	s__Roseolovirus humanbeta6b	t__Human betaherpesvirus 6B	1591	0.3538738607316703	0.9895032781049505	GCF_000846365.1
25-000500-54A2-SAD01-01-01-EC01-03-08.p2113_noHost_removal	27733276	k__Viruses	p__Peploviricota	c__Herviviricetes	o__Herpesvirales	f__Orthoherpesviridae	g__Roseolovirus	s__Roseolovirus humanbeta7	t__Human betaherpesvirus 7	610948	143.9078948366249	0.9974893480053901	GCF_000848125.1
25-000500-54A2-SAD01-01-01-EC01-03-08.p2113_noHost_removal	27733276	k__Viruses	p__Cossaviricota	c__Papovaviricetes	o__Zurhausenvirales	f__Papillomaviridae	g__Betapapillomavirus	s__Betapapillomavirus 1	t__Human papillomavirus 19	8	0.03753573647384888	0.9918478260869565	set:X74470
25-000500-54A2-SAD01-01-01-EC01-03-08.p2113_noHost_removal	27733276	k__Viruses	p__Cossaviricota	c__Papovaviricetes	o__Zurhausenvirales	f__Papillomaviridae	g__Betapapillomavirus	s__Betapapillomavirus 1	t__human papillomavirus 118	682	3.236987888881179	0.9951457159171346	set:GQ246951
25-000500-54A2-SAD01-01-01-EC01-03-08.p2113_noHost_removal	27733276	k__Viruses	p__Cossaviricota	c__Papovaviricetes	o__Zurhausenvirales	f__Papillomaviridae	g__Betapapillomavirus	s__Betapapillomavirus 1	t__human papillomavirus 12	330	1.5507706321599188	0.9975432436671235	set:X74466
25-000500-54A2-SAD01-01-01-EC01-03-08.p2113_noHost_removal	27733276	k__Viruses	p__Cossaviricota	c__Papovaviricetes	o__Zurhausenvirales	f__Papillomaviridae	g__Betapapillomavirus	s__Betapapillomavirus 2	t__Human papillomavirus 151	42	0.20504010394097283	0.999842321034374	set:FN677756
25-000500-54A2-SAD01-01-01-EC01-03-08.p2113_noHost_removal	27733276	k__Viruses	p__Cossaviricota	c__Papovaviricetes	o__Zurhausenvirales	f__Papillomaviridae	g__Gammapapillomavirus	s__Gammapapillomavirus 12	t__Human papillomavirus 199	15	0.07528765350123416	0.9995584988962473	set:KT372348
25-000500-54A2-SAD01-01-01-EC01-03-08.p2113_noHost_removal	27733276	k__Viruses	p__Cossaviricota	c__Papovaviricetes	o__Zurhausenvirales	f__Papillomaviridae	g__Gammapapillomavirus	s__Gammapapillomavirus 7	t__Human papillomavirus 123	7	0.03443912784163427	0.9933774834437087	set:GQ845445
25-000500-54A2-SAD01-01-01-EC01-03-08.p2113_noHost_removal	27733276	k__Viruses	p__Cossaviricota	c__Papovaviricetes	o__Zurhausenvirales	f__Papillomaviridae	g__unclassified_Papillomaviridae	s__Human papillomavirus	t__Human papillomavirus	127	0.6405460187737536	0.9920069475315052	set:MH777256,set:KX781287
25-000500-54A2-SAD01-01-01-EC01-03-08.p2113_noHost_removal	27733276	k__Viruses	p__Artverviricota	c__Revtraviricetes	o__Ortervirales	f__Retroviridae	g__Gammaretrovirus	s__Gammaretrovirus porConc	t__Porcine type-C oncovirus	174	0.7772610792781526	0.9571228841094866	set:AF356697
25-000506-54A2-DPD02-08-01-FA03-01-79.p2113_noHost_removal	35325178	k__Viruses	p__Preplasmiviricota	c__Tectiliviricetes	o__Rowavirales	f__Adenoviridae	g__Mastadenovirus	s__Human mastadenovirus F	t__Human mastadenovirus F	38	0.03141980858323	0.9987800627396306	acc:ON815883.1
25-000506-54A2-DPD02-08-01-FA03-01-79.p2113_noHost_removal	35325178	k__Viruses	p__unclassified_Viruses	c__unclassified_Viruses	o__unclassified_Viruses	f__Anelloviridae	g__Betatorquevirus	s__TTV-like mini virus	t__TTV-like mini virus	342	3.5027061787903073	0.971060445879308	acc:MN770259.1
25-000506-54A2-DPD02-08-01-FA03-01-79.p2113_noHost_removal	35325178	k__Viruses	p__unclassified_Viruses	c__unclassified_Viruses	o__unclassified_Viruses	f__Anelloviridae	g__Betatorquevirus	s__TTV-like mini virus	t__unclassified_TTV-like mini virus	210	2.136868564431586	0.9358216587088126	acc:MN771452.1
25-000506-54A2-DPD02-08-01-FA03-01-79.p2113_noHost_removal	35325178	k__Viruses	p__unclassified_Viruses	c__unclassified_Viruses	o__unclassified_Viruses	f__Anelloviridae	g__Betatorquevirus	s__unclassified_Betatorquevirus	t__unclassified_Betatorquevirus	3	0.030297988615507223	0.8998212971722905	GCF_001661815.1
25-000506-54A2-DPD02-08-01-FA03-01-79.p2113_noHost_removal	35325178	k__Viruses	p__unclassified_Viruses	c__unclassified_Viruses	o__unclassified_Viruses	f__Anelloviridae	g__unclassified_Anelloviridae	s__SEN virus	t__SEN virus	19291	142.21295407674	0.9581585738160924	set:KM593802
25-000506-54A2-DPD02-08-01-FA03-01-79.p2113_noHost_removal	35325178	k__Viruses	p__unclassified_Viruses	c__unclassified_Viruses	o__unclassified_Viruses	f__Anelloviridae	g__unclassified_Anelloviridae	s__Torque teno virus	t__Torque teno virus	668	5.144185262570746	0.9642868255836557	set:AB064602
25-000506-54A2-DPD02-08-01-FA03-01-79.p2113_noHost_removal	35325178	k__Viruses	p__Pisuviricota	c__Stelpaviricetes	o__Stellavirales	f__Astroviridae	g__Mamastrovirus	s__Mamastrovirus hominis	t__Human astrovirus 1	15	0.06188985722873251	0.991169977924945	acc:LC694990.1
25-000506-54A2-DPD02-08-01-FA03-01-79.p2113_noHost_removal	35325178	k__Viruses	p__Peploviricota	c__Herviviricetes	o__Herpesvirales	f__Orthoherpesviridae	g__Lymphocryptovirus	s__Lymphocryptovirus humangamma4	t__Human gammaherpesvirus 4	5911	0.9738572527342202	0.9912235674681747	GCF_002402265.1
25-000506-54A2-DPD02-08-01-FA03-01-79.p2113_noHost_removal	35325178	k__Viruses	p__Cossaviricota	c__Papovaviricetes	o__Sepolyvirales	f__Polyomaviridae	g__Alphapolyomavirus	s__Alphapolyomavirus quintihominis	t__Merkel cell polyomavirus	120	0.6305941124133414	0.9774282560706404	GCF_000874865.1
25-000679-54A3-CSD01-01-01-DD01-03-40.p2113_noHost_removal	215965558	k__Viruses	p__unclassified_Viruses	c__unclassified_Viruses	o__unclassified_Viruses	f__Anelloviridae	g__Betatorquevirus	s__TTV-like mini virus	t__TTV-like mini virus	263	0.4184834272178355	0.9522747715493496	acc:MN771472.1
25-000679-54A3-CSD01-01-01-DD01-03-40.p2113_noHost_removal	215965558	k__Viruses	p__unclassified_Viruses	c__unclassified_Viruses	o__unclassified_Viruses	f__Anelloviridae	g__Betatorquevirus	s__TTV-like mini virus	t__unclassified_TTV-like mini virus	106	0.1739875943455231	0.9070348619267788	acc:MN770952.1
25-000679-54A3-CSD01-01-01-DD01-03-40.p2113_noHost_removal	215965558	k__Viruses	p__unclassified_Viruses	c__unclassified_Viruses	o__unclassified_Viruses	f__Anelloviridae	g__unclassified_Anelloviridae	s__Anellovirus D_HF7_66	t__Anellovirus D_HF7_66	9092	11.11092781282005	0.9565080435352442	acc:OR148955.1
25-000679-54A3-CSD01-01-01-DD01-03-40.p2113_noHost_removal	215965558	k__Viruses	p__unclassified_Viruses	c__unclassified_Viruses	o__unclassified_Viruses	f__Anelloviridae	g__unclassified_Anelloviridae	s__Torque teno midi virus	t__Torque teno midi virus	96	0.1446989987171936	0.9850303532008833	acc:MN774937.1
25-000679-54A3-CSD01-01-01-DD01-03-40.p2113_noHost_removal	215965558	k__Viruses	p__unclassified_Viruses	c__unclassified_Viruses	o__unclassified_Viruses	f__Anelloviridae	g__unclassified_Anelloviridae	s__Torque teno virus	t__unclassified_Torque teno virus	5974	7.454491630259009	0.9359367578209211	GCF_000893775.1,acc:MT506589.1
25-000679-54A3-CSD01-01-01-DD01-03-40.p2113_noHost_removal	215965558	k__Viruses	p__Peploviricota	c__Herviviricetes	o__Herpesvirales	f__Orthoherpesviridae	g__Lymphocryptovirus	s__Lymphocryptovirus humangamma4	t__Human gammaherpesvirus 4	198358	5.3454457645451585	0.9891931687262677	GCF_002402265.1
25-000679-54A3-CSD01-01-01-DD01-03-40.p2113_noHost_removal	215965558	k__Viruses	p__Peploviricota	c__Herviviricetes	o__Herpesvirales	f__Orthoherpesviridae	g__Roseolovirus	s__Roseolovirus humanbeta6b	t__Human betaherpesvirus 6B	238	0.006797855670886823	0.9843063053035784	GCF_000846365.1
25-000679-54A3-CSD01-01-01-DD01-03-40.p2113_noHost_removal	215965558	k__Viruses	p__Peploviricota	c__Herviviricetes	o__Herpesvirales	f__Orthoherpesviridae	g__Roseolovirus	s__Roseolovirus humanbeta7	t__unclassified_Roseolovirus humanbeta7	1	0.000030248026907173994	0.9403973509933775	GCF_000848125.1
25-000679-54A3-CSD01-01-01-DD01-03-40.p2113_noHost_removal	215965558	k__Viruses	p__Cossaviricota	c__Papovaviricetes	o__Sepolyvirales	f__Polyomaviridae	g__Alphapolyomavirus	s__Alphapolyomavirus quintihominis	t__Merkel cell polyomavirus	1287	1.106234186591591	0.9906756933098126	GCF_000874865.1
25-000679-54A3-CSD01-01-01-DD01-03-40.p2113_noHost_removal	215965558	k__Viruses	p__Artverviricota	c__Revtraviricetes	o__Ortervirales	f__Retroviridae	g__Betaretrovirus	s__Betaretrovirus ovijaa	t__Jaagsiekte sheep retrovirus	47	0.027730287215935165	0.9851988899167444	acc:PP707046.1
25-000636-54A2-DPD01-08-01-FA03-02-05.p2113_noHost_removal	34179846	k__Viruses	p__Peploviricota	c__Herviviricetes	o__Herpesvirales	f__Orthoherpesviridae	g__Roseolovirus	s__Roseolovirus humanbeta7	t__Human betaherpesvirus 7	48	0.009173872124863541	0.9995860927152318	GCF_000848125.1
25-000636-54A2-DPD01-08-01-FA03-02-05.p2113_noHost_removal	34179846	k__Viruses	p__Negarnaviricota	c__Monjiviricetes	o__Mononegavirales	f__Paramyxoviridae	g__Morbillivirus	s__Morbillivirus hominis	t__Measles virus genotype D8	5	0.009351469406404562	1.0	acc:PP446318.1
25-000636-54A2-DPD01-08-01-FA03-02-05.p2113_noHost_removal	34179846	k__Viruses	p__Cossaviricota	c__Papovaviricetes	o__Sepolyvirales	f__Polyomaviridae	g__Alphapolyomavirus	s__Alphapolyomavirus quintihominis	t__Merkel cell polyomavirus	651	3.53560640010305	0.9877049897575204	GCF_000874865.1
26-000780-54A1-UBD01-00-01-DB01-02-68.p2113_noHost_removal	1379444	k__Viruses	p__Pisuviricota	c__Stelpaviricetes	o__Stellavirales	f__Astroviridae	g__unclassified_Astroviridae	s__Murine astrovirus	t__unclassified_Murine astrovirus	1087	115.23817533365019	0.9327846009547494	GCF_000900135.1
26-000780-54A1-UBD01-00-01-DB01-02-68.p2113_noHost_removal	1379444	k__Viruses	p__Cossaviricota	c__Papovaviricetes	o__Zurhausenvirales	f__Papillomaviridae	g__Alphapapillomavirus	s__Alphapapillomavirus 4	t__Alphapapillomavirus 4	171	15.771372517361847	0.9985283296541575	GCF_000864945.1
26-000780-54A1-UBD01-00-01-DB01-02-68.p2113_noHost_removal	1379444	k__Viruses	p__Cossaviricota	c__Papovaviricetes	o__Zurhausenvirales	f__Papillomaviridae	g__Betapapillomavirus	s__Betapapillomavirus 1	t__Human papillomavirus type 196	203	19.621432016570928	0.9991517959090465	set:KR816183
26-000780-54A1-UBD01-00-01-DB01-02-68.p2113_noHost_removal	1379444	k__Viruses	p__Cossaviricota	c__Papovaviricetes	o__Zurhausenvirales	f__Papillomaviridae	g__Betapapillomavirus	s__Betapapillomavirus 1	t__human papillomavirus 25	48	4.511425931119768	0.9793046357615899	set:X74471
26-000780-54A1-UBD01-00-01-DB01-02-68.p2113_noHost_removal	1379444	k__Viruses	p__Cossaviricota	c__Papovaviricetes	o__Zurhausenvirales	f__Papillomaviridae	g__Betapapillomavirus	s__Betapapillomavirus 2	t__Human papillomavirus type 38b	1	0.09796348031173076	1.0	set:DQ090005
26-000780-54A1-UBD01-00-01-DB01-02-68.p2113_noHost_removal	1379444	k__Viruses	p__Pisuviricota	c__Pisoniviricetes	o__Picornavirales	f__Picornaviridae	g__Enterovirus	s__Enterovirus A	t__Coxsackievirus A16	1875	183.26052168333078	0.9845785486718736	set:KC695830
26-000780-54A1-UBD01-00-01-DB01-02-68.p2113_noHost_removal	1379444	k__Viruses	p__Cossaviricota	c__Papovaviricetes	o__Sepolyvirales	f__Polyomaviridae	g__Alphapolyomavirus	s__Alphapolyomavirus quintihominis	t__Merkel cell polyomavirus	14143	1903.2265667646523	0.9893801158061629	GCF_000874865.1
26-000780-54A1-UBD01-00-01-DB01-02-68.p2113_noHost_removal	1379444	k__Viruses	p__Nucleocytoviricota	c__Pokkesviricetes	o__Chitovirales	f__Poxviridae	g__Molluscipoxvirus	s__Molluscipoxvirus molluscum	t__Molluscum contagiosum virus subtype 1	190	0.7238287726473598	0.9923851311176276	GCF_000843325.1
25-000512-54A2-SAD01-01-01-EC01-03-20.p2113_noHost_removal	20743436	k__Viruses	p__unclassified_Viruses	c__unclassified_Viruses	o__unclassified_Viruses	f__Anelloviridae	g__Alphatorquevirus	s__Alphatorquevirus homin9	t__unclassified_Alphatorquevirus homin9	5	0.07866844171335856	0.9403973509933776	GCF_002818245.1
25-000512-54A2-SAD01-01-01-EC01-03-20.p2113_noHost_removal	20743436	k__Viruses	p__unclassified_Viruses	c__unclassified_Viruses	o__unclassified_Viruses	f__Anelloviridae	g__Alphatorquevirus	s__Torque teno virus 16	t__unclassified_Torque teno virus 16	122	1.5404344085902113	0.9456161728333896	GCF_000889855.1
25-000512-54A2-SAD01-01-01-EC01-03-20.p2113_noHost_removal	20743436	k__Viruses	p__unclassified_Viruses	c__unclassified_Viruses	o__unclassified_Viruses	f__Anelloviridae	g__Betatorquevirus	s__TTV-like mini virus	t__TTV-like mini virus	34	0.5761239777807269	0.9715621347876903	acc:MN770386.1
25-000512-54A2-SAD01-01-01-EC01-03-20.p2113_noHost_removal	20743436	k__Viruses	p__unclassified_Viruses	c__unclassified_Viruses	o__unclassified_Viruses	f__Anelloviridae	g__Betatorquevirus	s__unclassified_Betatorquevirus	t__unclassified_Betatorquevirus	4	0.06856861548532997	0.8633093525179857	acc:MN769274.1,acc:MN769971.1
25-000512-54A2-SAD01-01-01-EC01-03-20.p2113_noHost_removal	20743436	k__Viruses	p__unclassified_Viruses	c__unclassified_Viruses	o__unclassified_Viruses	f__Anelloviridae	g__unclassified_Anelloviridae	s__Torque teno midi virus	t__Torque teno midi virus	104	1.5436065863677328	0.9508358367513037	acc:OP549859.1
25-000512-54A2-SAD01-01-01-EC01-03-20.p2113_noHost_removal	20743436	k__Viruses	p__unclassified_Viruses	c__unclassified_Viruses	o__unclassified_Viruses	f__Anelloviridae	g__unclassified_Anelloviridae	s__Torque teno virus	t__Torque teno virus	982	13.21662316170534	0.9634963420320655	acc:MN768563.1,set:KP343839
25-000512-54A2-SAD01-01-01-EC01-03-20.p2113_noHost_removal	20743436	k__Viruses	p__unclassified_Viruses	c__unclassified_Viruses	o__unclassified_Viruses	f__Anelloviridae	g__unclassified_Anelloviridae	s__Torque teno virus	t__unclassified_Torque teno virus	1311	17.430013311137756	0.9420649690693201	acc:MT783405.1,set:MK820645,set:MK820646,set:KP343854
25-000512-54A2-SAD01-01-01-EC01-03-20.p2113_noHost_removal	20743436	k__Viruses	p__Peploviricota	c__Herviviricetes	o__Herpesvirales	f__Orthoherpesviridae	g__Lymphocryptovirus	s__Lymphocryptovirus humangamma4	t__unclassified_Lymphocryptovirus humangamma4	2	0.0005580794735239532	0.9288539367181752	GCF_000872045.1
25-000512-54A2-SAD01-01-01-EC01-03-20.p2113_noHost_removal	20743436	k__Viruses	p__Peploviricota	c__Herviviricetes	o__Herpesvirales	f__Orthoherpesviridae	g__Roseolovirus	s__Roseolovirus humanbeta7	t__Human betaherpesvirus 7	5431	1.7103329141367218	0.9959136461128746	GCF_000848125.1
25-000512-54A2-SAD01-01-01-EC01-03-20.p2113_noHost_removal	20743436	k__Viruses	p__Cossaviricota	c__Papovaviricetes	o__Zurhausenvirales	f__Papillomaviridae	g__Betapapillomavirus	s__Betapapillomavirus 1	t__Human papillomavirus 98	12	0.07748409496160641	0.9972406181015453	set:FM955837
25-000512-54A2-SAD01-01-01-EC01-03-20.p2113_noHost_removal	20743436	k__Viruses	p__Artverviricota	c__Revtraviricetes	o__Ortervirales	f__Retroviridae	g__Gammaretrovirus	s__Gammaretrovirus porConc	t__unclassified_Gammaretrovirus porConc	19	0.11347279491538358	0.9417915650052284	set:AF356697
25-000636-54A2-DPD02-08-01-FA03-02-06.p2113_noHost_removal	1894586	k__Viruses	p__Cossaviricota	c__Papovaviricetes	o__Sepolyvirales	f__Polyomaviridae	g__Alphapolyomavirus	s__Alphapolyomavirus quintihominis	t__Merkel cell polyomavirus	455	44.58102991177997	0.9935141290341885	GCF_000874865.1
25-000640-54A2-SAD01-01-01-EC01-03-34.p2113_noHost_removal	26026608	k__Viruses	p__unclassified_Viruses	c__unclassified_Viruses	o__unclassified_Viruses	f__Anelloviridae	g__Alphatorquevirus	s__Torque teno virus 16	t__Torque teno virus 16	78	0.7849483983472825	0.9736767399155138	GCF_000889855.1
25-000640-54A2-SAD01-01-01-EC01-03-34.p2113_noHost_removal	26026608	k__Viruses	p__unclassified_Viruses	c__unclassified_Viruses	o__unclassified_Viruses	f__Anelloviridae	g__Betatorquevirus	s__Betatorquevirus homini18	t__unclassified_Betatorquevirus homini18	60	0.8224520389939145	0.924061810154526	GCF_001661815.1
25-000640-54A2-SAD01-01-01-EC01-03-34.p2113_noHost_removal	26026608	k__Viruses	p__unclassified_Viruses	c__unclassified_Viruses	o__unclassified_Viruses	f__Anelloviridae	g__unclassified_Anelloviridae	s__Torque teno virus	t__Torque teno virus	128	1.321062951997113	0.975265107116897	set:MK452766,acc:MN765196.1
25-000640-54A2-SAD01-01-01-EC01-03-34.p2113_noHost_removal	26026608	k__Viruses	p__Peploviricota	c__Herviviricetes	o__Herpesvirales	f__Orthoherpesviridae	g__Roseolovirus	s__Roseolovirus humanbeta6b	t__Human betaherpesvirus 6B	8	0.0018960592054973184	1.0	GCF_000846365.1
25-000640-54A2-SAD01-01-01-EC01-03-34.p2113_noHost_removal	26026608	k__Viruses	p__Peploviricota	c__Herviviricetes	o__Herpesvirales	f__Orthoherpesviridae	g__Roseolovirus	s__Roseolovirus humanbeta7	t__Human betaherpesvirus 7	1086	0.2725798829496273	0.9964843709042984	GCF_000848125.1
25-000640-54A2-SAD01-01-01-EC01-03-34.p2113_noHost_removal	26026608	k__Viruses	p__Cossaviricota	c__Papovaviricetes	o__Zurhausenvirales	f__Papillomaviridae	g__unclassified_Papillomaviridae	s__Human papillomavirus	t__Human papillomavirus	158	0.8409202754272402	0.9899627813471725	set:MH777301,set:MH777339
25-000640-54A2-SAD01-01-01-EC01-03-34.p2113_noHost_removal	26026608	k__Viruses	p__Cossaviricota	c__Papovaviricetes	o__Sepolyvirales	f__Polyomaviridae	g__Alphapolyomavirus	s__Alphapolyomavirus quintihominis	t__Merkel cell polyomavirus	23	0.1640451101475734	0.9933774834437088	GCF_000874865.1
25-000640-54A2-SAD01-01-01-EC01-03-34.p2113_noHost_removal	26026608	k__Viruses	p__Artverviricota	c__Revtraviricetes	o__Ortervirales	f__Retroviridae	g__unclassified_Retroviridae	s__Citrus blight-associated pararetrovirus	t__unclassified_Citrus blight-associated pararetrovirus	875	4.641645800859334	0.9374885912708276	acc:MZ330114.1
26-000674-54A2-SAD01-01-01-EC01-03-57.p2113_noHost_removal	25741250	k__Viruses	p__unclassified_Viruses	c__unclassified_Viruses	o__unclassified_Viruses	f__Anelloviridae	g__Alphatorquevirus	s__Alphatorquevirus homin10	t__unclassified_Alphatorquevirus homin10	427	4.403546861054213	0.941564023334178	set:GU797360
26-000674-54A2-SAD01-01-01-EC01-03-57.p2113_noHost_removal	25741250	k__Viruses	p__unclassified_Viruses	c__unclassified_Viruses	o__unclassified_Viruses	f__Anelloviridae	g__Betatorquevirus	s__TTV-like mini virus	t__TTV-like mini virus	35	0.4802844683738938	0.972274165660784	acc:MN771078.1
26-000674-54A2-SAD01-01-01-EC01-03-57.p2113_noHost_removal	25741250	k__Viruses	p__unclassified_Viruses	c__unclassified_Viruses	o__unclassified_Viruses	f__Anelloviridae	g__Betatorquevirus	s__TTV-like mini virus	t__unclassified_TTV-like mini virus	25	0.3390575163401943	0.926064640706002	acc:MN770790.1,acc:MN770823.1
26-000674-54A2-SAD01-01-01-EC01-03-57.p2113_noHost_removal	25741250	k__Viruses	p__unclassified_Viruses	c__unclassified_Viruses	o__unclassified_Viruses	f__Anelloviridae	g__Betatorquevirus	s__unclassified_Betatorquevirus	t__unclassified_Betatorquevirus	10	0.13564298982107875	0.8424657534246576	acc:MN769824.1
26-000674-54A2-SAD01-01-01-EC01-03-57.p2113_noHost_removal	25741250	k__Viruses	p__unclassified_Viruses	c__unclassified_Viruses	o__unclassified_Viruses	f__Anelloviridae	g__unclassified_Anelloviridae	s__Torque teno virus	t__Torque teno virus	2099	22.16758357614179	0.965797739539449	set:KP343845,set:KP343821
26-000674-54A2-SAD01-01-01-EC01-03-57.p2113_noHost_removal	25741250	k__Viruses	p__unclassified_Viruses	c__unclassified_Viruses	o__unclassified_Viruses	f__Anelloviridae	g__unclassified_Anelloviridae	s__Torque teno virus	t__unclassified_Torque teno virus	1712	18.101648623421454	0.9288106385234421	set:KP343840,set:KP343839,acc:MT506589.1,set:AF298585
26-000674-54A2-SAD01-01-01-EC01-03-57.p2113_noHost_removal	25741250	k__Viruses	p__Cressdnaviricota	c__Arfiviricetes	o__Cirlivirales	f__Circoviridae	g__unclassified_Circoviridae	s__Human respiratory circular DNA virus	t__Human respiratory circular DNA virus	1576	19.09095353937542	0.9526098852236967	acc:MN535745.1
26-000674-54A2-SAD01-01-01-EC01-03-57.p2113_noHost_removal	25741250	k__Viruses	p__Peploviricota	c__Herviviricetes	o__Herpesvirales	f__Orthoherpesviridae	g__Lymphocryptovirus	s__Lymphocryptovirus humangamma4	t__Human gammaherpesvirus 4	25981	5.874148655944027	0.9882052639519234	GCF_002402265.1
26-000674-54A2-SAD01-01-01-EC01-03-57.p2113_noHost_removal	25741250	k__Viruses	p__Peploviricota	c__Herviviricetes	o__Herpesvirales	f__Orthoherpesviridae	g__Rhadinovirus	s__Rhadinovirus humangamma8	t__Human gammaherpesvirus 8	58	0.016331152885908456	0.9928819532211046	GCF_000838265.1
26-000674-54A2-SAD01-01-01-EC01-03-57.p2113_noHost_removal	25741250	k__Viruses	p__Peploviricota	c__Herviviricetes	o__Herpesvirales	f__Orthoherpesviridae	g__Roseolovirus	s__Roseolovirus humanbeta6b	t__Human betaherpesvirus 6B	400	0.09585391091394194	0.9911033000400784	GCF_000846365.1
26-000674-54A2-SAD01-01-01-EC01-03-57.p2113_noHost_removal	25741250	k__Viruses	p__Peploviricota	c__Herviviricetes	o__Herpesvirales	f__Orthoherpesviridae	g__Roseolovirus	s__Roseolovirus humanbeta7	t__Human betaherpesvirus 7	201655	51.17536026249454	0.9966961976841794	GCF_000848125.1
26-000674-54A2-SAD01-01-01-EC01-03-57.p2113_noHost_removal	25741250	k__Viruses	p__Cossaviricota	c__Papovaviricetes	o__Zurhausenvirales	f__Papillomaviridae	g__Betapapillomavirus	s__Betapapillomavirus 2	t__Human papillomavirus type 38b	18	0.09449550555751693	0.9757174392935986	set:DQ090005
26-000674-54A2-SAD01-01-01-EC01-03-57.p2113_noHost_removal	25741250	k__Viruses	p__Cossaviricota	c__Papovaviricetes	o__Sepolyvirales	f__Polyomaviridae	g__Deltapolyomavirus	s__Deltapolyomavirus septihominis	t__Human polyomavirus 7	6	0.04706965139510132	1.0	GCF_000889175.1
26-000669-54A2-SAD01-01-01-EC01-03-52.p2113_noHost_removal	30040068	k__Viruses	p__unclassified_Viruses	c__unclassified_Viruses	o__unclassified_Viruses	f__Anelloviridae	g__Betatorquevirus	s__TTV-like mini virus	t__unclassified_TTV-like mini virus	8	0.09340967440178256	0.9403973509933775	acc:MN769186.1
26-000669-54A2-SAD01-01-01-EC01-03-52.p2113_noHost_removal	30040068	k__Viruses	p__unclassified_Viruses	c__unclassified_Viruses	o__unclassified_Viruses	f__Anelloviridae	g__Gyrovirus	s__Gyrovirus chickenanemia	t__Chicken anemia virus	45	0.6459677758396234	0.981751287711553	GCF_000864805.1
26-000669-54A2-SAD01-01-01-EC01-03-52.p2113_noHost_removal	30040068	k__Viruses	p__unclassified_Viruses	c__unclassified_Viruses	o__unclassified_Viruses	f__Anelloviridae	g__Gyrovirus	s__Gyrovirus galga1	t__Avian gyrovirus 2	10	0.1396931293115202	0.9841059602649007	GCF_000891935.1
26-000669-54A2-SAD01-01-01-EC01-03-52.p2113_noHost_removal	30040068	k__Viruses	p__unclassified_Viruses	c__unclassified_Viruses	o__unclassified_Viruses	f__Anelloviridae	g__unclassified_Anelloviridae	s__Torque teno virus	t__unclassified_Torque teno virus	76	0.6728601931742234	0.9223456715035296	set:AM712003
26-000669-54A2-SAD01-01-01-EC01-03-52.p2113_noHost_removal	30040068	k__Viruses	p__Cressdnaviricota	c__Arfiviricetes	o__Cirlivirales	f__Circoviridae	g__unclassified_Circoviridae	s__Human respiratory circovirus-like 1	t__Human respiratory circovirus-like 1	289	3.1511576202477203	0.954003124964279	acc:MK674279.1
26-000669-54A2-SAD01-01-01-EC01-03-52.p2113_noHost_removal	30040068	k__Viruses	p__Peploviricota	c__Herviviricetes	o__Herpesvirales	f__Orthoherpesviridae	g__Lymphocryptovirus	s__Lymphocryptovirus humangamma4	t__Human gammaherpesvirus 4	65	0.012586829737247781	0.9956189505858382	set:LN827563
26-000669-54A2-SAD01-01-01-EC01-03-52.p2113_noHost_removal	30040068	k__Viruses	p__Peploviricota	c__Herviviricetes	o__Herpesvirales	f__Orthoherpesviridae	g__Roseolovirus	s__Roseolovirus humanbeta6b	t__Human betaherpesvirus 6B	2390	0.49076826053700034	0.9874425161379036	GCF_000846365.1
26-000669-54A2-SAD01-01-01-EC01-03-52.p2113_noHost_removal	30040068	k__Viruses	p__Peploviricota	c__Herviviricetes	o__Herpesvirales	f__Orthoherpesviridae	g__Roseolovirus	s__Roseolovirus humanbeta7	t__Human betaherpesvirus 7	201457	43.808965446385635	0.9957316247150682	GCF_000848125.1
26-000669-54A2-SAD01-01-01-EC01-03-52.p2113_noHost_removal	30040068	k__Viruses	p__Cossaviricota	c__Papovaviricetes	o__Zurhausenvirales	f__Papillomaviridae	g__Betapapillomavirus	s__Betapapillomavirus 2	t__Human papillomavirus 23	44	0.19998776617383282	0.9948826008428658	set:U31781
26-000669-54A2-SAD01-01-01-EC01-03-52.p2113_noHost_removal	30040068	k__Viruses	p__Cossaviricota	c__Papovaviricetes	o__Sepolyvirales	f__Polyomaviridae	g__Alphapolyomavirus	s__Alphapolyomavirus quintihominis	t__Merkel cell polyomavirus	7	0.04325637813338534	0.9612109744560077	GCF_000874865.1
26-000669-54A2-SAD01-01-01-EC01-03-52.p2113_noHost_removal	30040068	k__Viruses	p__Artverviricota	c__Revtraviricetes	o__Ortervirales	f__Retroviridae	g__Alpharetrovirus	s__Alpharetrovirus avileu	t__unclassified_Alpharetrovirus avileu	99	0.42972987335748997	0.9140029141164899	set:KU937324
26-000669-54A2-SAD01-01-01-EC01-03-52.p2113_noHost_removal	30040068	k__Viruses	p__Artverviricota	c__Revtraviricetes	o__Ortervirales	f__Retroviridae	g__Alpharetrovirus	s__unclassified_Alpharetrovirus	t__unclassified_Alpharetrovirus	12	0.05184498121354454	0.8821746231242534	set:JF826241,acc:MT538246.1
26-000783-54A1-UBD01-00-01-DB01-02-74.p2113_noHost_removal	6479194	k__Viruses	p__Pisuviricota	c__Pisoniviricetes	o__Picornavirales	f__Iflaviridae	g__Iflavirus	s__Varroa destructor virus 1	t__Varroa destructor virus 1	79	1.2057826945758994	0.9857490150054491	GCF_000856945.1
26-000783-54A1-UBD01-00-01-DB01-02-74.p2113_noHost_removal	6479194	k__Viruses	p__Cossaviricota	c__Papovaviricetes	o__Zurhausenvirales	f__Papillomaviridae	g__Gammapapillomavirus	s__Gammapapillomavirus sp.	t__Gammapapillomavirus sp.	50	1.0636814948705386	0.9727152317880801	GCF_004131585.1
26-000783-54A1-UBD01-00-01-DB01-02-74.p2113_noHost_removal	6479194	k__Viruses	p__Cossaviricota	c__Papovaviricetes	o__Zurhausenvirales	f__Papillomaviridae	g__unclassified_Papillomaviridae	s__Human papillomavirus	t__Human papillomavirus	48	1.0283632531197011	0.9998620309050773	set:MH777373
26-000783-54A1-UBD01-00-01-DB01-02-74.p2113_noHost_removal	6479194	k__Viruses	p__Pisuviricota	c__Pisoniviricetes	o__Picornavirales	f__Picornaviridae	g__Enterovirus	s__Enterovirus A	t__Coxsackievirus A16	1509	31.430410124524172	0.9882802524467187	set:KC342228
26-000783-54A1-UBD01-00-01-DB01-02-74.p2113_noHost_removal	6479194	k__Viruses	p__Cossaviricota	c__Papovaviricetes	o__Sepolyvirales	f__Polyomaviridae	g__Alphapolyomavirus	s__Alphapolyomavirus quintihominis	t__Merkel cell polyomavirus	4370	125.20263746760259	0.9809670201902096	GCF_000874865.1
26-000659-54A2-SAD01-01-01-EC01-03-45.p2113_noHost_removal	27426210	k__Viruses	p__unclassified_Viruses	c__unclassified_Viruses	o__unclassified_Viruses	f__Anelloviridae	g__Alphatorquevirus	s__Alphatorquevirus homin13	t__Torque teno virus 13	280	3.082491631250995	0.9759327408346059	GCF_002818305.1
26-000659-54A2-SAD01-01-01-EC01-03-45.p2113_noHost_removal	27426210	k__Viruses	p__unclassified_Viruses	c__unclassified_Viruses	o__unclassified_Viruses	f__Anelloviridae	g__unclassified_Anelloviridae	s__SEN virus	t__SEN virus	42	0.3987973547930975	0.9574266792809845	set:KM593802
26-000659-54A2-SAD01-01-01-EC01-03-45.p2113_noHost_removal	27426210	k__Viruses	p__Peploviricota	c__Herviviricetes	o__Herpesvirales	f__Orthoherpesviridae	g__Roseolovirus	s__Roseolovirus humanbeta6b	t__Human betaherpesvirus 6B	1598	0.35941024807410366	0.9933452202427867	GCF_000846365.1
26-000659-54A2-SAD01-01-01-EC01-03-45.p2113_noHost_removal	27426210	k__Viruses	p__Peploviricota	c__Herviviricetes	o__Herpesvirales	f__Orthoherpesviridae	g__Roseolovirus	s__Roseolovirus humanbeta7	t__Human betaherpesvirus 7	58412	13.912905200298278	0.9980057681137969	GCF_000848125.1
26-000659-54A2-SAD01-01-01-EC01-03-45.p2113_noHost_removal	27426210	k__Viruses	p__Cossaviricota	c__Papovaviricetes	o__Zurhausenvirales	f__Papillomaviridae	g__Betapapillomavirus	s__Betapapillomavirus 1	t__Human papillomavirus 5	59	0.27772100101411534	0.9662139409585818	GCF_000866505.1
26-000659-54A2-SAD01-01-01-EC01-03-45.p2113_noHost_removal	27426210	k__Viruses	p__Cossaviricota	c__Papovaviricetes	o__Zurhausenvirales	f__Papillomaviridae	g__Betapapillomavirus	s__Betapapillomavirus 2	t__Human papillomavirus 100	33	0.16303910439857183	0.9873570138470802	set:FM955839
26-000659-54A2-SAD01-01-01-EC01-03-45.p2113_noHost_removal	27426210	k__Viruses	p__Cossaviricota	c__Papovaviricetes	o__Zurhausenvirales	f__Papillomaviridae	g__Betapapillomavirus	s__Betapapillomavirus 2	t__Human papillomavirus 23	200	0.9956710114207008	0.9840066225165566	set:U31781
26-000659-54A2-SAD01-01-01-EC01-03-45.p2113_noHost_removal	27426210	k__Viruses	p__Cossaviricota	c__Papovaviricetes	o__Zurhausenvirales	f__Papillomaviridae	g__Betapapillomavirus	s__Betapapillomavirus 2	t__Human papillomavirus 37	171	0.8401713767600938	0.9892986550475007	set:U31786
26-000659-54A2-SAD01-01-01-EC01-03-45.p2113_noHost_removal	27426210	k__Viruses	p__Cossaviricota	c__Papovaviricetes	o__Zurhausenvirales	f__Papillomaviridae	g__Betapapillomavirus	s__Betapapillomavirus 2	t__Human papillomavirus type 38b	17	0.08376284208781663	0.9577089221226347	set:DQ090005
26-000659-54A2-SAD01-01-01-EC01-03-45.p2113_noHost_removal	27426210	k__Viruses	p__Cossaviricota	c__Papovaviricetes	o__Zurhausenvirales	f__Papillomaviridae	g__Gammapapillomavirus	s__Gammapapillomavirus 10	t__Human papillomavirus 133	3857	19.1127886917964	0.9938724155017764	set:GU117633
26-000659-54A2-SAD01-01-01-EC01-03-45.p2113_noHost_removal	27426210	k__Viruses	p__Cossaviricota	c__Papovaviricetes	o__Zurhausenvirales	f__Papillomaviridae	g__unclassified_Papillomaviridae	s__Human papillomavirus	t__Human papillomavirus	26	0.131029479390999	0.9974528782475803	set:MH777160
26-000678-54A2-SAD01-01-01-EC01-03-61.p2113_noHost_removal	30395374	k__Viruses	p__unclassified_Viruses	c__unclassified_Viruses	o__unclassified_Viruses	f__Anelloviridae	g__Alphatorquevirus	s__Torque teno virus 11	t__Torque teno virus 11	6	0.06182225473973814	0.9779411764705882	GCF_002818275.1
26-000678-54A2-SAD01-01-01-EC01-03-61.p2113_noHost_removal	30395374	k__Viruses	p__unclassified_Viruses	c__unclassified_Viruses	o__unclassified_Viruses	f__Anelloviridae	g__unclassified_Anelloviridae	s__SEN virus	t__unclassified_SEN virus	129	1.1052257491551183	0.9465297509175907	set:KM593802
26-000678-54A2-SAD01-01-01-EC01-03-61.p2113_noHost_removal	30395374	k__Viruses	p__unclassified_Viruses	c__unclassified_Viruses	o__unclassified_Viruses	f__Anelloviridae	g__unclassified_Anelloviridae	s__Torque teno midi virus	t__unclassified_Torque teno midi virus	27	0.2734892448361846	0.9217561932793724	acc:OP549859.1
26-000678-54A2-SAD01-01-01-EC01-03-61.p2113_noHost_removal	30395374	k__Viruses	p__unclassified_Viruses	c__unclassified_Viruses	o__unclassified_Viruses	f__Anelloviridae	g__unclassified_Anelloviridae	s__Torque teno virus	t__Torque teno virus	646	5.705566208593002	0.9803092738139539	GCF_000893775.1
26-000678-54A2-SAD01-01-01-EC01-03-61.p2113_noHost_removal	30395374	k__Viruses	p__Peploviricota	c__Herviviricetes	o__Herpesvirales	f__Orthoherpesviridae	g__Lymphocryptovirus	s__Lymphocryptovirus humangamma4	t__Human herpesvirus 4 type 2	91	0.01732928523297922	0.9892769162810777	GCF_000872045.1
26-000678-54A2-SAD01-01-01-EC01-03-61.p2113_noHost_removal	30395374	k__Viruses	p__Peploviricota	c__Herviviricetes	o__Herpesvirales	f__Orthoherpesviridae	g__Roseolovirus	s__Roseolovirus humanbeta7	t__Human betaherpesvirus 7	21556	4.6327858967872535	0.997294163923879	GCF_000848125.1
26-000678-54A2-SAD01-01-01-EC01-03-61.p2113_noHost_removal	30395374	k__Viruses	p__Cossaviricota	c__Papovaviricetes	o__Zurhausenvirales	f__Papillomaviridae	g__Alphapapillomavirus	s__Alphapapillomavirus 2	t__Human papillomavirus 94	9	0.03757108096383401	0.9992492492492491	set:AJ620211
26-000678-54A2-SAD01-01-01-EC01-03-61.p2113_noHost_removal	30395374	k__Viruses	p__Cossaviricota	c__Papovaviricetes	o__Zurhausenvirales	f__Papillomaviridae	g__Betapapillomavirus	s__Betapapillomavirus 1	t__Human papillomavirus type 195	347	1.508285229361924	0.9984716370659932	set:KR816182
26-000678-54A2-SAD01-01-01-EC01-03-61.p2113_noHost_removal	30395374	k__Viruses	p__Cossaviricota	c__Papovaviricetes	o__Zurhausenvirales	f__Papillomaviridae	g__Betapapillomavirus	s__Betapapillomavirus 1	t__human papillomavirus 36	92	0.3919679328180635	0.9910020155485172	set:U31785
26-000678-54A2-SAD01-01-01-EC01-03-61.p2113_noHost_removal	30395374	k__Viruses	p__Cossaviricota	c__Papovaviricetes	o__Zurhausenvirales	f__Papillomaviridae	g__Betapapillomavirus	s__Betapapillomavirus 3	t__Human papillomavirus type 49	106	0.4612926960913204	0.9941811204360009	GCF_000862825.1
26-000678-54A2-SAD01-01-01-EC01-03-61.p2113_noHost_removal	30395374	k__Viruses	p__Cossaviricota	c__Papovaviricetes	o__Zurhausenvirales	f__Papillomaviridae	g__Gammapapillomavirus	s__Gammapapillomavirus 10	t__Human papillomavirus 142	2	0.008923174187866553	0.9735099337748344	set:HM999994
26-000678-54A2-SAD01-01-01-EC01-03-61.p2113_noHost_removal	30395374	k__Viruses	p__Cossaviricota	c__Papovaviricetes	o__Zurhausenvirales	f__Papillomaviridae	g__Gammapapillomavirus	s__Gammapapillomavirus 19	t__unclassified_Gammapapillomavirus 19	107	0.4842728455818645	0.9432713274604868	set:MF588733,set:JX413108
26-000678-54A2-SAD01-01-01-EC01-03-61.p2113_noHost_removal	30395374	k__Viruses	p__Cossaviricota	c__Papovaviricetes	o__Zurhausenvirales	f__Papillomaviridae	g__Gammapapillomavirus	s__Gammapapillomavirus 7	t__Human papillomavirus 149	192	0.861414250686961	0.9889538369447216	set:GU117629
26-000678-54A2-SAD01-01-01-EC01-03-61.p2113_noHost_removal	30395374	k__Viruses	p__Cossaviricota	c__Papovaviricetes	o__Zurhausenvirales	f__Papillomaviridae	g__Gammapapillomavirus	s__Gammapapillomavirus 8	t__human papillomavirus 147	90	0.4098805219767107	0.9827884649076708	set:HM999999
26-000678-54A2-SAD01-01-01-EC01-03-61.p2113_noHost_removal	30395374	k__Viruses	p__Cossaviricota	c__Papovaviricetes	o__Zurhausenvirales	f__Papillomaviridae	g__unclassified_Papillomaviridae	s__Human papillomavirus	t__Human papillomavirus	49	0.22072339098164928	0.9855804607460238	set:MH777360,set:KX781286,set:MH777339
26-000678-54A2-SAD01-01-01-EC01-03-61.p2113_noHost_removal	30395374	k__Viruses	p__Cossaviricota	c__Papovaviricetes	o__Sepolyvirales	f__Polyomaviridae	g__Alphapolyomavirus	s__Alphapolyomavirus quintihominis	t__Merkel cell polyomavirus	4002	24.441205199390616	0.9973778646522117	GCF_000874865.1
26-000678-54A2-SAD01-01-01-EC01-03-61.p2113_noHost_removal	30395374	k__Viruses	p__Cossaviricota	c__Papovaviricetes	o__Sepolyvirales	f__Polyomaviridae	g__Deltapolyomavirus	s__Deltapolyomavirus sextihominis	t__Human polyomavirus 6	4	0.026715179237242374	0.990066225165563	GCF_000888495.1
26-000678-54A2-SAD01-01-01-EC01-03-61.p2113_noHost_removal	30395374	k__Viruses	p__Artverviricota	c__Revtraviricetes	o__Ortervirales	f__Retroviridae	g__Gammaretrovirus	s__Gammaretrovirus porConc	t__unclassified_Gammaretrovirus porConc	3	0.01222735749405252	0.9337748344370861	set:AF356697
26-000788-54A1-UBD01-00-01-DB01-03-01.p2113_noHost_removal	43237716	k__Viruses	p__Preplasmiviricota	c__Tectiliviricetes	o__Rowavirales	f__Adenoviridae	g__Mastadenovirus	s__Human mastadenovirus C	t__Human adenovirus 2	83132	52.64280730740346	0.9910731477817267	set:MT277585
26-000788-54A1-UBD01-00-01-DB01-03-01.p2113_noHost_removal	43237716	k__Viruses	p__unclassified_Viruses	c__unclassified_Viruses	o__unclassified_Viruses	f__Anelloviridae	g__unclassified_Anelloviridae	s__Torque teno virus	t__Torque teno virus	556	3.455830052026366	0.991234461258499	acc:OP985294.1
26-000788-54A1-UBD01-00-01-DB01-03-01.p2113_noHost_removal	43237716	k__Viruses	p__Pisuviricota	c__Pisoniviricetes	o__Picornavirales	f__Iflaviridae	g__Iflavirus	s__Iflavirus aladeformis	t__Deformed wing virus	96	0.21896289853288675	0.9764762693156738	GCF_000852585.1
26-000788-54A1-UBD01-00-01-DB01-03-01.p2113_noHost_removal	43237716	k__Viruses	p__Peploviricota	c__Herviviricetes	o__Herpesvirales	f__Orthoherpesviridae	g__Lymphocryptovirus	s__Lymphocryptovirus humangamma4	t__Human herpesvirus 4 type 2	1	0.00013387022850556925	1.0	GCF_000872045.1
26-000788-54A1-UBD01-00-01-DB01-03-01.p2113_noHost_removal	43237716	k__Viruses	p__Cossaviricota	c__Papovaviricetes	o__Zurhausenvirales	f__Papillomaviridae	g__Betapapillomavirus	s__Betapapillomavirus 1	t__Human papillomavirus type 196	668	2.0599299617645546	0.9957568307094408	set:KR816183
26-000788-54A1-UBD01-00-01-DB01-03-01.p2113_noHost_removal	43237716	k__Viruses	p__Pisuviricota	c__Pisoniviricetes	o__Picornavirales	f__Picornaviridae	g__Enterovirus	s__Enterovirus A	t__Coxsackievirus A16	1732	5.40734612106542	0.9863955227492184	acc:OQ791560.1
26-000788-54A1-UBD01-00-01-DB01-03-01.p2113_noHost_removal	43237716	k__Viruses	p__Cossaviricota	c__Papovaviricetes	o__Sepolyvirales	f__Polyomaviridae	g__Alphapolyomavirus	s__Alphapolyomavirus quintihominis	t__Merkel cell polyomavirus	4072	17.48227909290649	0.9940698376862257	GCF_000874865.1
25-000632-54A2-SAD01-01-01-EC01-03-26.p2113_noHost_removal	24552302	k__Viruses	p__unclassified_Viruses	c__unclassified_Viruses	o__unclassified_Viruses	f__Anelloviridae	g__Alphatorquevirus	s__Alphatorquevirus homin5	t__Torque teno virus 5	12	0.15136343803387795	0.9564017660044151	GCF_002818195.1
25-000632-54A2-SAD01-01-01-EC01-03-26.p2113_noHost_removal	24552302	k__Viruses	p__Peploviricota	c__Herviviricetes	o__Herpesvirales	f__Orthoherpesviridae	g__Lymphocryptovirus	s__Lymphocryptovirus humangamma4	t__Human herpesvirus 4 type 2	1	0.00023575153649457828	1.0	GCF_000872045.1
25-000632-54A2-SAD01-01-01-EC01-03-26.p2113_noHost_removal	24552302	k__Viruses	p__Peploviricota	c__Herviviricetes	o__Herpesvirales	f__Orthoherpesviridae	g__Roseolovirus	s__Roseolovirus humanbeta6b	t__Human betaherpesvirus 6B	32	0.008039651790902564	0.9894453642384108	GCF_000846365.1
25-000632-54A2-SAD01-01-01-EC01-03-26.p2113_noHost_removal	24552302	k__Viruses	p__Peploviricota	c__Herviviricetes	o__Herpesvirales	f__Orthoherpesviridae	g__Roseolovirus	s__Roseolovirus humanbeta7	t__Human betaherpesvirus 7	2806	0.7465811074821256	0.9970778237600019	GCF_000848125.1
25-000632-54A2-SAD01-01-01-EC01-03-26.p2113_noHost_removal	24552302	k__Viruses	p__Cossaviricota	c__Papovaviricetes	o__Zurhausenvirales	f__Papillomaviridae	g__Alphapapillomavirus	s__Alphapapillomavirus 10	t__human papillomavirus 74	2	0.01030862527232329	0.9668874172185431	acc:LR862050.1
25-000632-54A2-SAD01-01-01-EC01-03-26.p2113_noHost_removal	24552302	k__Viruses	p__Cossaviricota	c__Papovaviricetes	o__Zurhausenvirales	f__Papillomaviridae	g__Alphapapillomavirus	s__Alphapapillomavirus 2	t__Human papillomavirus 28	52	0.2661047467583069	0.9962936589682857	set:U31783
25-000632-54A2-SAD01-01-01-EC01-03-26.p2113_noHost_removal	24552302	k__Viruses	p__Cossaviricota	c__Papovaviricetes	o__Zurhausenvirales	f__Papillomaviridae	g__Betapapillomavirus	s__Betapapillomavirus 1	t__Betapapillomavirus 1	668	3.6036059344680993	0.97283958888687	set:MF588677
25-000632-54A2-SAD01-01-01-EC01-03-26.p2113_noHost_removal	24552302	k__Viruses	p__Cossaviricota	c__Papovaviricetes	o__Zurhausenvirales	f__Papillomaviridae	g__Betapapillomavirus	s__Betapapillomavirus 1	t__Human papillomavirus 98	170	0.9274034739701827	0.9908793626582247	set:FM955837
25-000632-54A2-SAD01-01-01-EC01-03-26.p2113_noHost_removal	24552302	k__Viruses	p__Cossaviricota	c__Papovaviricetes	o__Zurhausenvirales	f__Papillomaviridae	g__Betapapillomavirus	s__Betapapillomavirus 1	t__human papillomavirus 12	110	0.583895690030552	0.997652016857315	set:X74466
25-000632-54A2-SAD01-01-01-EC01-03-26.p2113_noHost_removal	24552302	k__Viruses	p__Cossaviricota	c__Papovaviricetes	o__Zurhausenvirales	f__Papillomaviridae	g__Betapapillomavirus	s__Betapapillomavirus 1	t__human papillomavirus 21	57	0.298441261306609	0.9990152887375315	set:U31779
25-000632-54A2-SAD01-01-01-EC01-03-26.p2113_noHost_removal	24552302	k__Viruses	p__Cossaviricota	c__Papovaviricetes	o__Zurhausenvirales	f__Papillomaviridae	g__Betapapillomavirus	s__Betapapillomavirus 1	t__human papillomavirus 24	130	0.710523241897935	0.9979518910054996	set:U31782
25-000632-54A2-SAD01-01-01-EC01-03-26.p2113_noHost_removal	24552302	k__Viruses	p__Cossaviricota	c__Papovaviricetes	o__Zurhausenvirales	f__Papillomaviridae	g__Betapapillomavirus	s__Betapapillomavirus 1	t__human papillomavirus 36	42	0.2215273109220243	0.9940081993062125	set:U31785
25-000632-54A2-SAD01-01-01-EC01-03-26.p2113_noHost_removal	24552302	k__Viruses	p__Cossaviricota	c__Papovaviricetes	o__Zurhausenvirales	f__Papillomaviridae	g__Betapapillomavirus	s__Betapapillomavirus 2	t__Human papillomavirus 100	47	0.25938764054127617	0.9912639143299987	set:FM955839
25-000632-54A2-SAD01-01-01-EC01-03-26.p2113_noHost_removal	24552302	k__Viruses	p__Cossaviricota	c__Papovaviricetes	o__Zurhausenvirales	f__Papillomaviridae	g__Betapapillomavirus	s__Betapapillomavirus 2	t__Human papillomavirus 107	178	0.9587185088956598	0.9921518860838079	set:EF422221
25-000632-54A2-SAD01-01-01-EC01-03-26.p2113_noHost_removal	24552302	k__Viruses	p__Cossaviricota	c__Papovaviricetes	o__Zurhausenvirales	f__Papillomaviridae	g__Betapapillomavirus	s__Betapapillomavirus 2	t__Human papillomavirus 110	133	0.7297598456117823	0.9928001691530872	set:EU410348
25-000632-54A2-SAD01-01-01-EC01-03-26.p2113_noHost_removal	24552302	k__Viruses	p__Cossaviricota	c__Papovaviricetes	o__Zurhausenvirales	f__Papillomaviridae	g__Betapapillomavirus	s__Betapapillomavirus 2	t__Human papillomavirus 17	94	0.5155617525436623	0.9654671478643068	set:JN211195
25-000632-54A2-SAD01-01-01-EC01-03-26.p2113_noHost_removal	24552302	k__Viruses	p__Cossaviricota	c__Papovaviricetes	o__Zurhausenvirales	f__Papillomaviridae	g__Betapapillomavirus	s__Betapapillomavirus 2	t__Human papillomavirus 174	36	0.19924685748528004	0.9957689477557028	set:HF930491
25-000632-54A2-SAD01-01-01-EC01-03-26.p2113_noHost_removal	24552302	k__Viruses	p__Cossaviricota	c__Papovaviricetes	o__Zurhausenvirales	f__Papillomaviridae	g__Betapapillomavirus	s__Betapapillomavirus 2	t__Human papillomavirus 23	98	0.5449862217631122	0.9918249783943813	set:U31781
25-000632-54A2-SAD01-01-01-EC01-03-26.p2113_noHost_removal	24552302	k__Viruses	p__Cossaviricota	c__Papovaviricetes	o__Zurhausenvirales	f__Papillomaviridae	g__Betapapillomavirus	s__Betapapillomavirus 2	t__Human papillomavirus type 38b	30	0.1651191018281729	0.9907225506318801	set:DQ090005
25-000632-54A2-SAD01-01-01-EC01-03-26.p2113_noHost_removal	24552302	k__Viruses	p__Cossaviricota	c__Papovaviricetes	o__Zurhausenvirales	f__Papillomaviridae	g__Gammapapillomavirus	s__Gammapapillomavirus 11	t__Human papillomavirus 136	155	0.8625568602127538	0.9952102994583866	GCF_000899695.1
25-000632-54A2-SAD01-01-01-EC01-03-26.p2113_noHost_removal	24552302	k__Viruses	p__Cossaviricota	c__Papovaviricetes	o__Zurhausenvirales	f__Papillomaviridae	g__Gammapapillomavirus	s__Gammapapillomavirus 11	t__human papillomavirus 230	8	0.0409391918089703	0.9933774834437087	acc:PP718696.1
25-000632-54A2-SAD01-01-01-EC01-03-26.p2113_noHost_removal	24552302	k__Viruses	p__Cossaviricota	c__Papovaviricetes	o__Zurhausenvirales	f__Papillomaviridae	g__Gammapapillomavirus	s__Gammapapillomavirus 12	t__Human papillomavirus 148	48	0.2728936579628095	0.9529265289313553	set:GU129016
25-000632-54A2-SAD01-01-01-EC01-03-26.p2113_noHost_removal	24552302	k__Viruses	p__Cossaviricota	c__Papovaviricetes	o__Zurhausenvirales	f__Papillomaviridae	g__Gammapapillomavirus	s__Gammapapillomavirus 14	t__Human papillomavirus type 131	14	0.07939449990438464	0.9863945578231289	GCF_000890535.1
25-000632-54A2-SAD01-01-01-EC01-03-26.p2113_noHost_removal	24552302	k__Viruses	p__Cossaviricota	c__Papovaviricetes	o__Zurhausenvirales	f__Papillomaviridae	g__Gammapapillomavirus	s__Gammapapillomavirus 15	t__Human papillomavirus 179	9	0.0507145000080996	0.997056659308315	GCF_000912535.1
25-000632-54A2-SAD01-01-01-EC01-03-26.p2113_noHost_removal	24552302	k__Viruses	p__Cossaviricota	c__Papovaviricetes	o__Zurhausenvirales	f__Papillomaviridae	g__Gammapapillomavirus	s__Gammapapillomavirus 16	t__Human papillomavirus type 137	6	0.03377228727276063	0.9823399558498896	GCF_000897255.1
25-000632-54A2-SAD01-01-01-EC01-03-26.p2113_noHost_removal	24552302	k__Viruses	p__Cossaviricota	c__Papovaviricetes	o__Zurhausenvirales	f__Papillomaviridae	g__Gammapapillomavirus	s__Gammapapillomavirus 17	t__Human papillomavirus type 144	8	0.04481295937389556	0.990066225165563	GCF_000898255.1
25-000632-54A2-SAD01-01-01-EC01-03-26.p2113_noHost_removal	24552302	k__Viruses	p__Cossaviricota	c__Papovaviricetes	o__Zurhausenvirales	f__Papillomaviridae	g__Gammapapillomavirus	s__Gammapapillomavirus 19	t__Gammapapillomavirus 19	14	0.07822901609456585	0.9803289938305326	set:MF588732
25-000632-54A2-SAD01-01-01-EC01-03-26.p2113_noHost_removal	24552302	k__Viruses	p__Cossaviricota	c__Papovaviricetes	o__Zurhausenvirales	f__Papillomaviridae	g__Gammapapillomavirus	s__Gammapapillomavirus 19	t__human papillomavirus 162	158	0.8920490428680334	0.9942810104825247	set:JX413108
25-000632-54A2-SAD01-01-01-EC01-03-26.p2113_noHost_removal	24552302	k__Viruses	p__Cossaviricota	c__Papovaviricetes	o__Zurhausenvirales	f__Papillomaviridae	g__Gammapapillomavirus	s__Gammapapillomavirus 23	t__Human papillomavirus 175	19	0.1070935774381452	0.9870752592955454	GCF_002827025.1
25-000632-54A2-SAD01-01-01-EC01-03-26.p2113_noHost_removal	24552302	k__Viruses	p__Cossaviricota	c__Papovaviricetes	o__Zurhausenvirales	f__Papillomaviridae	g__Gammapapillomavirus	s__Gammapapillomavirus 24	t__Gammapapillomavirus 24	173	0.9654949947950442	0.9792428183523786	set:MF588747
25-000632-54A2-SAD01-01-01-EC01-03-26.p2113_noHost_removal	24552302	k__Viruses	p__Cossaviricota	c__Papovaviricetes	o__Zurhausenvirales	f__Papillomaviridae	g__Gammapapillomavirus	s__Gammapapillomavirus 7	t__Human papillomavirus 109	22	0.12197744703524165	0.9951836243226971	GCF_000883695.1
25-000632-54A2-SAD01-01-01-EC01-03-26.p2113_noHost_removal	24552302	k__Viruses	p__Cossaviricota	c__Papovaviricetes	o__Zurhausenvirales	f__Papillomaviridae	g__Gammapapillomavirus	s__Gammapapillomavirus 7	t__Human papillomavirus 155	72	0.39887312955227844	0.998804267844003	set:JF906559
25-000632-54A2-SAD01-01-01-EC01-03-26.p2113_noHost_removal	24552302	k__Viruses	p__Cossaviricota	c__Papovaviricetes	o__Zurhausenvirales	f__Papillomaviridae	g__Gammapapillomavirus	s__Gammapapillomavirus 8	t__human papillomavirus 168	1408	7.960433767203865	0.9909774311938414	set:KC862317
25-000632-54A2-SAD01-01-01-EC01-03-26.p2113_noHost_removal	24552302	k__Viruses	p__Cossaviricota	c__Papovaviricetes	o__Zurhausenvirales	f__Papillomaviridae	g__Gammapapillomavirus	s__Gammapapillomavirus 9	t__Gammapapillomavirus 9	175	0.9821746215951676	0.98744523406159	set:MF588712
25-000632-54A2-SAD01-01-01-EC01-03-26.p2113_noHost_removal	24552302	k__Viruses	p__Cossaviricota	c__Papovaviricetes	o__Zurhausenvirales	f__Papillomaviridae	g__Gammapapillomavirus	s__Gammapapillomavirus sp.	t__Gammapapillomavirus sp.	119	0.6680628581203266	0.9990368457248292	GCF_004131585.1
25-000632-54A2-SAD01-01-01-EC01-03-26.p2113_noHost_removal	24552302	k__Viruses	p__Cossaviricota	c__Papovaviricetes	o__Zurhausenvirales	f__Papillomaviridae	g__Gammapapillomavirus	s__Human papillomavirus type 194	t__Human papillomavirus type 194	270	1.51472895065514	0.997228354181996	set:KR816181
25-000632-54A2-SAD01-01-01-EC01-03-26.p2113_noHost_removal	24552302	k__Viruses	p__Cossaviricota	c__Papovaviricetes	o__Zurhausenvirales	f__Papillomaviridae	g__unclassified_Papillomaviridae	s__Human papillomavirus	t__Human papillomavirus	991	5.5611655870356005	0.9911601796029496	set:MH777255,set:MH777319,set:MH777363,set:MH777329,set:KX781287,set:MH777227,set:MH972558,set:MH777202,set:MH777362,set:MK645900,set:MH777209,set:MH777302,set:MH777205,set:MH777268
25-000499-54A2-SAD01-01-01-EC01-03-07.p2113_noHost_removal	24854216	k__Viruses	p__unclassified_Viruses	c__unclassified_Viruses	o__unclassified_Viruses	f__Anelloviridae	g__Alphatorquevirus	s__unclassified_Alphatorquevirus	t__unclassified_Alphatorquevirus	5	0.06565702116296017	0.8095238095238095	GCF_002818245.1
25-000499-54A2-SAD01-01-01-EC01-03-07.p2113_noHost_removal	24854216	k__Viruses	p__unclassified_Viruses	c__unclassified_Viruses	o__unclassified_Viruses	f__Anelloviridae	g__Betatorquevirus	s__TTV-like mini virus	t__TTV-like mini virus	92	1.3061345364562114	0.9510723069910353	acc:MN770794.1
25-000499-54A2-SAD01-01-01-EC01-03-07.p2113_noHost_removal	24854216	k__Viruses	p__unclassified_Viruses	c__unclassified_Viruses	o__unclassified_Viruses	f__Anelloviridae	g__unclassified_Anelloviridae	s__Torque teno midi virus	t__Torque teno midi virus	28	0.3667218202872838	0.9752224687965658	acc:MN774937.1
25-000499-54A2-SAD01-01-01-EC01-03-07.p2113_noHost_removal	24854216	k__Viruses	p__unclassified_Viruses	c__unclassified_Viruses	o__unclassified_Viruses	f__Anelloviridae	g__unclassified_Anelloviridae	s__Torque teno midi virus	t__unclassified_Torque teno midi virus	146	1.8085760144780327	0.9276130662979137	acc:OP549859.1
25-000499-54A2-SAD01-01-01-EC01-03-07.p2113_noHost_removal	24854216	k__Viruses	p__unclassified_Viruses	c__unclassified_Viruses	o__unclassified_Viruses	f__Anelloviridae	g__unclassified_Anelloviridae	s__Torque teno virus	t__Torque teno virus	1968	20.81947689586822	0.9625992849307538	set:KP343845,set:MK452766,GCF_000893775.1,set:FR751497
25-000499-54A2-SAD01-01-01-EC01-03-07.p2113_noHost_removal	24854216	k__Viruses	p__unclassified_Viruses	c__unclassified_Viruses	o__unclassified_Viruses	f__Anelloviridae	g__unclassified_Anelloviridae	s__Torque teno virus	t__unclassified_Torque teno virus	188	2.4640684696117945	0.9320068388178119	set:KP343846,set:FJ426280,set:MK820646
25-000499-54A2-SAD01-01-01-EC01-03-07.p2113_noHost_removal	24854216	k__Viruses	p__Peploviricota	c__Herviviricetes	o__Herpesvirales	f__Orthoherpesviridae	g__Lymphocryptovirus	s__Lymphocryptovirus humangamma4	t__Human gammaherpesvirus 4	21399	5.01085819911652	0.9918702614215968	GCF_002402265.1
25-000499-54A2-SAD01-01-01-EC01-03-07.p2113_noHost_removal	24854216	k__Viruses	p__Peploviricota	c__Herviviricetes	o__Herpesvirales	f__Orthoherpesviridae	g__Roseolovirus	s__Roseolovirus humanbeta6b	t__Human betaherpesvirus 6B	259	0.06428048931790872	0.9951659223182403	GCF_000846365.1
25-000499-54A2-SAD01-01-01-EC01-03-07.p2113_noHost_removal	24854216	k__Viruses	p__Peploviricota	c__Herviviricetes	o__Herpesvirales	f__Orthoherpesviridae	g__Roseolovirus	s__Roseolovirus humanbeta7	t__Human betaherpesvirus 7	80971	21.28192856027652	0.9973584212675028	GCF_000848125.1
25-000499-54A2-SAD01-01-01-EC01-03-07.p2113_noHost_removal	24854216	k__Viruses	p__Cossaviricota	c__Papovaviricetes	o__Zurhausenvirales	f__Papillomaviridae	g__Alphapapillomavirus	s__Alphapapillomavirus 2	t__Human papillomavirus 28	6	0.030331415430578202	1.0	set:U31783
25-000499-54A2-SAD01-01-01-EC01-03-07.p2113_noHost_removal	24854216	k__Viruses	p__Cossaviricota	c__Papovaviricetes	o__Zurhausenvirales	f__Papillomaviridae	g__Betapapillomavirus	s__Betapapillomavirus 1	t__Human papillomavirus 5	62	0.3220431963925953	0.9762301536975703	GCF_000866505.1
26-000672-54A2-SAD01-01-01-EC01-03-55.p2113_noHost_removal	31973884	k__Viruses	p__unclassified_Viruses	c__unclassified_Viruses	o__unclassified_Viruses	f__Anelloviridae	g__Betatorquevirus	s__TTV-like mini virus	t__TTV-like mini virus	19	0.2017909572660439	0.9813256376026316	acc:MN771024.1,acc:MN771110.1
26-000672-54A2-SAD01-01-01-EC01-03-55.p2113_noHost_removal	31973884	k__Viruses	p__unclassified_Viruses	c__unclassified_Viruses	o__unclassified_Viruses	f__Anelloviridae	g__Betatorquevirus	s__TTV-like mini virus	t__unclassified_TTV-like mini virus	1	0.01084449540139615	0.9379310344827586	acc:MN769207.1
26-000672-54A2-SAD01-01-01-EC01-03-55.p2113_noHost_removal	31973884	k__Viruses	p__unclassified_Viruses	c__unclassified_Viruses	o__unclassified_Viruses	f__Anelloviridae	g__unclassified_Anelloviridae	s__SEN virus	t__SEN virus	65	0.5294034135275318	0.964761124277393	set:KM593802
26-000672-54A2-SAD01-01-01-EC01-03-55.p2113_noHost_removal	31973884	k__Viruses	p__unclassified_Viruses	c__unclassified_Viruses	o__unclassified_Viruses	f__Anelloviridae	g__unclassified_Anelloviridae	s__Torque teno midi virus	t__Torque teno midi virus	29	0.281322280532718	0.9649770759042284	acc:MN774944.1,acc:OP549859.1
26-000672-54A2-SAD01-01-01-EC01-03-55.p2113_noHost_removal	31973884	k__Viruses	p__unclassified_Viruses	c__unclassified_Viruses	o__unclassified_Viruses	f__Anelloviridae	g__unclassified_Anelloviridae	s__Torque teno virus	t__Torque teno virus	251	2.1007695659837484	0.9623293269188504	set:AJ620216,set:AB064603
26-000672-54A2-SAD01-01-01-EC01-03-55.p2113_noHost_removal	31973884	k__Viruses	p__unclassified_Viruses	c__unclassified_Viruses	o__unclassified_Viruses	f__Anelloviridae	g__unclassified_Anelloviridae	s__Torque teno virus	t__unclassified_Torque teno virus	319	2.6534288274741624	0.9481683061806488	set:AM712003
26-000672-54A2-SAD01-01-01-EC01-03-55.p2113_noHost_removal	31973884	k__Viruses	p__Cressdnaviricota	c__Arfiviricetes	o__Cirlivirales	f__Circoviridae	g__unclassified_Circoviridae	s__Human respiratory circovirus-like 1	t__unclassified_Human respiratory circovirus-like 1	162	1.6595594521767087	0.9487406325232929	acc:MK674279.1
26-000672-54A2-SAD01-01-01-EC01-03-55.p2113_noHost_removal	31973884	k__Viruses	p__Peploviricota	c__Herviviricetes	o__Herpesvirales	f__Orthoherpesviridae	g__Lymphocryptovirus	s__Lymphocryptovirus humangamma4	t__Human herpesvirus 4 type 2	80	0.014482426772997381	0.9917648681989354	GCF_000872045.1
26-000672-54A2-SAD01-01-01-EC01-03-55.p2113_noHost_removal	31973884	k__Viruses	p__Peploviricota	c__Herviviricetes	o__Herpesvirales	f__Orthoherpesviridae	g__Roseolovirus	s__Roseolovirus humanbeta6b	t__Human betaherpesvirus 6B	88	0.016977226994035872	0.9922211871715182	GCF_000846365.1
26-000672-54A2-SAD01-01-01-EC01-03-55.p2113_noHost_removal	31973884	k__Viruses	p__Peploviricota	c__Herviviricetes	o__Herpesvirales	f__Orthoherpesviridae	g__Roseolovirus	s__Roseolovirus humanbeta7	t__Human betaherpesvirus 7	7847	1.6032077516080159	0.9975091351274902	GCF_000848125.1
25-000494-54A2-SAD01-01-01-EC01-03-02.p2113_noHost_removal	21058650	k__Viruses	p__unclassified_Viruses	c__unclassified_Viruses	o__unclassified_Viruses	f__Anelloviridae	g__unclassified_Anelloviridae	s__Torque teno virus	t__Torque teno virus	190	2.3776661678857116	0.9522567850025219	GCF_018580245.1,set:FR751497
25-000494-54A2-SAD01-01-01-EC01-03-02.p2113_noHost_removal	21058650	k__Viruses	p__Cressdnaviricota	c__Arfiviricetes	o__Cirlivirales	f__Circoviridae	g__unclassified_Circoviridae	s__Human respiratory circovirus-like 1	t__Human respiratory circovirus-like 1	52503	816.6327422978943	0.9744493921556959	acc:MK674279.1
25-000494-54A2-SAD01-01-01-EC01-03-02.p2113_noHost_removal	21058650	k__Viruses	p__Peploviricota	c__Herviviricetes	o__Herpesvirales	f__Orthoherpesviridae	g__Lymphocryptovirus	s__Lymphocryptovirus humangamma4	t__Human gammaherpesvirus 4	2240	0.6190649190911772	0.9934896789076431	GCF_002402265.1
25-000494-54A2-SAD01-01-01-EC01-03-02.p2113_noHost_removal	21058650	k__Viruses	p__Peploviricota	c__Herviviricetes	o__Herpesvirales	f__Orthoherpesviridae	g__Roseolovirus	s__Roseolovirus humanbeta6b	t__Human betaherpesvirus 6B	50	0.01464599751357226	0.9819867549668877	GCF_000846365.1
25-000494-54A2-SAD01-01-01-EC01-03-02.p2113_noHost_removal	21058650	k__Viruses	p__Peploviricota	c__Herviviricetes	o__Herpesvirales	f__Orthoherpesviridae	g__Roseolovirus	s__Roseolovirus humanbeta7	t__Human betaherpesvirus 7	32656	10.130106407542266	0.9952669357025705	GCF_000848125.1
25-000494-54A2-SAD01-01-01-EC01-03-02.p2113_noHost_removal	21058650	k__Viruses	p__Cossaviricota	c__Papovaviricetes	o__Zurhausenvirales	f__Papillomaviridae	g__Alphapapillomavirus	s__Alphapapillomavirus 7	t__human papillomavirus 68	3399	19.978506988169194	0.9764405352733532	acc:PP718711.1
26-000786-54A1-UBD01-00-02-DB01-02-79.p2113_noHost_removal	520680	k__Viruses	p__Preplasmiviricota	c__Tectiliviricetes	o__Rowavirales	f__Adenoviridae	g__Mastadenovirus	s__Human mastadenovirus C	t__Human adenovirus 2	3046	160.17419851707464	0.9798737657229022	set:MT277585
26-000786-54A1-UBD01-00-02-DB01-02-79.p2113_noHost_removal	520680	k__Viruses	p__Pisuviricota	c__Pisoniviricetes	o__Picornavirales	f__Dicistroviridae	g__Aparavirus	s__Aparavirus apisacutum	t__Acute bee paralysis virus	238	48.16084381424591	0.9759864210584902	GCF_000856345.1
26-000786-54A1-UBD01-00-02-DB01-02-79.p2113_noHost_removal	520680	k__Viruses	p__Pisuviricota	c__Pisoniviricetes	o__Picornavirales	f__Dicistroviridae	g__Aparavirus	s__Aparavirus kashmirense	t__Kashmir bee virus	112	22.606760527514222	0.9729729729729717	set:KF956377
26-000786-54A1-UBD01-00-02-DB01-02-79.p2113_noHost_removal	520680	k__Viruses	p__Cossaviricota	c__Papovaviricetes	o__Zurhausenvirales	f__Papillomaviridae	g__Alphapapillomavirus	s__Alphapapillomavirus 4	t__Alphapapillomavirus 4	68	16.615578649255106	0.9979548110634983	GCF_000864945.1
26-000786-54A1-UBD01-00-02-DB01-02-79.p2113_noHost_removal	520680	k__Viruses	p__Cossaviricota	c__Papovaviricetes	o__Zurhausenvirales	f__Papillomaviridae	g__Betapapillomavirus	s__Betapapillomavirus 1	t__Human papillomavirus type 196	805	206.14068781849375	0.9964789310798986	set:KR816183
26-000786-54A1-UBD01-00-02-DB01-02-79.p2113_noHost_removal	520680	k__Viruses	p__Cossaviricota	c__Papovaviricetes	o__Zurhausenvirales	f__Papillomaviridae	g__Betapapillomavirus	s__Betapapillomavirus 1	t__human papillomavirus 25	285	70.96604993135416	0.9799747469569904	set:X74471
26-000786-54A1-UBD01-00-02-DB01-02-79.p2113_noHost_removal	520680	k__Viruses	p__Pisuviricota	c__Pisoniviricetes	o__Picornavirales	f__Picornaviridae	g__Enterovirus	s__Enterovirus A	t__Coxsackievirus A16	1729	448.1319300402038	0.987510701448729	set:FJ198212
26-000786-54A1-UBD01-00-02-DB01-02-79.p2113_noHost_removal	520680	k__Viruses	p__Cossaviricota	c__Papovaviricetes	o__Sepolyvirales	f__Polyomaviridae	g__Alphapolyomavirus	s__Alphapolyomavirus quintihominis	t__Merkel cell polyomavirus	4842	1726.2628061640457	0.9935121908382456	GCF_000874865.1
25-000542-54A2-SAD01-01-01-EC01-03-24.p2113_noHost_removal	29582718	k__Viruses	p__unclassified_Viruses	c__unclassified_Viruses	o__unclassified_Viruses	f__Anelloviridae	g__unclassified_Anelloviridae	s__Torque teno virus	t__unclassified_Torque teno virus	23	0.20252174012408686	0.90728476821192	set:KP343837
25-000542-54A2-SAD01-01-01-EC01-03-24.p2113_noHost_removal	29582718	k__Viruses	p__Peploviricota	c__Herviviricetes	o__Herpesvirales	f__Orthoherpesviridae	g__Roseolovirus	s__Roseolovirus humanbeta7	t__Human betaherpesvirus 7	153175	33.824498159394736	0.9968395545838065	GCF_000848125.1
25-000542-54A2-SAD01-01-01-EC01-03-24.p2113_noHost_removal	29582718	k__Viruses	p__Cossaviricota	c__Papovaviricetes	o__Zurhausenvirales	f__Papillomaviridae	g__Gammapapillomavirus	s__Gammapapillomavirus 7	t__Human papillomavirus 134	20	0.09249834454679096	0.990066225165563	GCF_000889695.1
25-000542-54A2-SAD01-01-01-EC01-03-24.p2113_noHost_removal	29582718	k__Viruses	p__Artverviricota	c__Revtraviricetes	o__Ortervirales	f__Retroviridae	g__Alpharetrovirus	s__Alpharetrovirus avileu	t__unclassified_Alpharetrovirus avileu	52	0.22928237658232586	0.9291240587733591	acc:MT538246.1,set:KU937324
25-000542-54A2-SAD01-01-01-EC01-03-24.p2113_noHost_removal	29582718	k__Viruses	p__Artverviricota	c__Revtraviricetes	o__Ortervirales	f__Retroviridae	g__Gammaretrovirus	s__Gammaretrovirus porConc	t__unclassified_Gammaretrovirus porConc	1116	4.673529278533352	0.9487835459398055	set:AF356697
25-000519-54A2-DPD02-08-01-FA03-01-75.p2113_noHost_removal	14205842	k__Viruses	p__unclassified_Viruses	c__unclassified_Viruses	o__unclassified_Viruses	f__Anelloviridae	g__Betatorquevirus	s__unclassified_Betatorquevirus	t__unclassified_Betatorquevirus	169	4.136152020623789	0.8939180678400444	acc:MN769523.1,acc:MN770164.1
25-000519-54A2-DPD02-08-01-FA03-01-75.p2113_noHost_removal	14205842	k__Viruses	p__unclassified_Viruses	c__unclassified_Viruses	o__unclassified_Viruses	f__Anelloviridae	g__unclassified_Anelloviridae	s__Anellovirus D_HF7_66	t__Anellovirus D_HF7_66	10047	186.6572301421212	0.9564966933300364	acc:OR148955.1
25-000519-54A2-DPD02-08-01-FA03-01-75.p2113_noHost_removal	14205842	k__Viruses	p__unclassified_Viruses	c__unclassified_Viruses	o__unclassified_Viruses	f__Anelloviridae	g__unclassified_Anelloviridae	s__Torque teno virus	t__Torque teno virus	624	14.086330640788807	0.963584853226193	set:AJ620216,set:KP343843
25-000519-54A2-DPD02-08-01-FA03-01-75.p2113_noHost_removal	14205842	k__Viruses	p__Peploviricota	c__Herviviricetes	o__Herpesvirales	f__Orthoherpesviridae	g__Lymphocryptovirus	s__Lymphocryptovirus humangamma4	t__Human herpesvirus 4 type 2	996	0.40582528999653744	0.9945364542182324	GCF_000872045.1
25-000519-54A2-DPD02-08-01-FA03-01-75.p2113_noHost_removal	14205842	k__Viruses	p__Peploviricota	c__Herviviricetes	o__Herpesvirales	f__Orthoherpesviridae	g__Roseolovirus	s__Roseolovirus humanbeta7	t__Human betaherpesvirus 7	193	0.0887507180366726	0.9940552470958963	GCF_000848125.1
25-000519-54A2-DPD02-08-01-FA03-01-75.p2113_noHost_removal	14205842	k__Viruses	p__Cossaviricota	c__Papovaviricetes	o__Zurhausenvirales	f__Papillomaviridae	g__Betapapillomavirus	s__Betapapillomavirus 1	t__Human papillomavirus type 196	6	0.05631485975980868	1.0	set:KR816183
25-000519-54A2-DPD02-08-01-FA03-01-75.p2113_noHost_removal	14205842	k__Viruses	p__Cossaviricota	c__Papovaviricetes	o__Zurhausenvirales	f__Papillomaviridae	g__Gammapapillomavirus	s__Gammapapillomavirus sp.	t__Gammapapillomavirus sp.	91	0.8864953359643285	0.9912670111345611	GCF_004131605.1
25-000519-54A2-DPD02-08-01-FA03-01-75.p2113_noHost_removal	14205842	k__Viruses	p__Artverviricota	c__Revtraviricetes	o__Ortervirales	f__Retroviridae	g__Gammaretrovirus	s__Gammaretrovirus porConc	t__unclassified_Gammaretrovirus porConc	44	0.383711259513067	0.9416014449127037	set:AF356697
25-000519-54A2-DPD02-08-01-FA03-01-75.p2113_noHost_removal	14205842	k__Viruses	p__Artverviricota	c__Revtraviricetes	o__Ortervirales	f__Retroviridae	g__unclassified_Retroviridae	s__Citrus blight-associated pararetrovirus	t__unclassified_Citrus blight-associated pararetrovirus	97	0.9427277020401493	0.9473598202735051	acc:MZ330114.1
25-000499-54A2-DPD03-08-01-FA03-01-70.p2113_noHost_removal	32923490	k__Viruses	p__unclassified_Viruses	c__unclassified_Viruses	o__unclassified_Viruses	f__Anelloviridae	g__Alphatorquevirus	s__Alphatorquevirus homin9	t__unclassified_Alphatorquevirus homin9	20	0.19826012198594783	0.9077488277662299	GCF_002818245.1
25-000499-54A2-DPD03-08-01-FA03-01-70.p2113_noHost_removal	32923490	k__Viruses	p__unclassified_Viruses	c__unclassified_Viruses	o__unclassified_Viruses	f__Anelloviridae	g__unclassified_Anelloviridae	s__Torque teno virus	t__Torque teno virus	2997	24.43737764098708	0.9670777271658351	GCF_000893775.1
25-000499-54A2-DPD03-08-01-FA03-01-70.p2113_noHost_removal	32923490	k__Viruses	p__unclassified_Viruses	c__unclassified_Viruses	o__unclassified_Viruses	f__Anelloviridae	g__unclassified_Anelloviridae	s__Torque teno virus	t__unclassified_Torque teno virus	1806	15.593334399040943	0.944011033146508	set:MK820646,acc:PP374828.1,set:KP343843
25-000499-54A2-DPD03-08-01-FA03-01-70.p2113_noHost_removal	32923490	k__Viruses	p__unclassified_Viruses	c__unclassified_Viruses	o__unclassified_Viruses	f__Anelloviridae	g__unclassified_Anelloviridae	s__unclassified_Anelloviridae	t__unclassified_Anelloviridae	4	0.043483823462057564	0.8943661971830986	set:KP343824
25-000499-54A2-DPD03-08-01-FA03-01-70.p2113_noHost_removal	32923490	k__Viruses	p__Peploviricota	c__Herviviricetes	o__Herpesvirales	f__Orthoherpesviridae	g__Lymphocryptovirus	s__Lymphocryptovirus humangamma4	t__Human gammaherpesvirus 4	3535	0.6248881010281154	0.9924956379331592	GCF_002402265.1
25-000499-54A2-DPD03-08-01-FA03-01-70.p2113_noHost_removal	32923490	k__Viruses	p__Peploviricota	c__Herviviricetes	o__Herpesvirales	f__Orthoherpesviridae	g__Roseolovirus	s__Roseolovirus humanbeta7	t__Human betaherpesvirus 7	778	0.15436728923083567	0.9967137697967946	GCF_000848125.1
25-000499-54A2-DPD03-08-01-FA03-01-70.p2113_noHost_removal	32923490	k__Viruses	p__Cossaviricota	c__Papovaviricetes	o__Sepolyvirales	f__Polyomaviridae	g__Alphapolyomavirus	s__Alphapolyomavirus quintihominis	t__Merkel cell polyomavirus	2	0.011276573487375981	1.0	GCF_000874865.1
25-000499-54A2-DPD03-08-01-FA03-01-70.p2113_noHost_removal	32923490	k__Viruses	p__Artverviricota	c__Revtraviricetes	o__Ortervirales	f__Retroviridae	g__Gammaretrovirus	s__Gammaretrovirus porConc	t__unclassified_Gammaretrovirus porConc	99	0.3725187832180963	0.9425354562259113	set:AF356697
25-000499-54A2-DPD03-08-01-FA03-01-70.p2113_noHost_removal	32923490	k__Viruses	p__Pisuviricota	c__Pisoniviricetes	o__Sobelivirales	f__Solemoviridae	g__Polerovirus	s__Polerovirus CABYV	t__Cucurbit aphid-borne yellows virus	16	0.08557408188271795	0.9689849624060153	set:MK055337
25-000638-54A2-SAD01-01-01-EC01-03-32.p2113_noHost_removal	30221766	k__Viruses	p__Preplasmiviricota	c__Tectiliviricetes	o__Rowavirales	f__Adenoviridae	g__Aviadenovirus	s__Fowl aviadenovirus E	t__Fowl aviadenovirus E	19	0.014270479195837736	0.9996443812233285	GCF_000890555.1
25-000638-54A2-SAD01-01-01-EC01-03-32.p2113_noHost_removal	30221766	k__Viruses	p__unclassified_Viruses	c__unclassified_Viruses	o__unclassified_Viruses	f__Anelloviridae	g__Gyrovirus	s__Gyrovirus chickenanemia	t__Chicken anemia virus	600	8.650649617786467	0.9717291523640671	set:MH186137
25-000638-54A2-SAD01-01-01-EC01-03-32.p2113_noHost_removal	30221766	k__Viruses	p__unclassified_Viruses	c__unclassified_Viruses	o__unclassified_Viruses	f__Anelloviridae	g__Gyrovirus	s__Gyrovirus galga1	t__Avian gyrovirus 2	39	0.5415277619527051	0.9843632884454095	GCF_000891935.1
25-000638-54A2-SAD01-01-01-EC01-03-32.p2113_noHost_removal	30221766	k__Viruses	p__unclassified_Viruses	c__unclassified_Viruses	o__unclassified_Viruses	f__Anelloviridae	g__unclassified_Anelloviridae	s__SEN virus	t__SEN virus	397	3.420892633033645	0.9650142604117289	set:KM593802
25-000638-54A2-SAD01-01-01-EC01-03-32.p2113_noHost_removal	30221766	k__Viruses	p__unclassified_Viruses	c__unclassified_Viruses	o__unclassified_Viruses	f__Anelloviridae	g__unclassified_Anelloviridae	s__Torque teno virus	t__Torque teno virus	203	2.146152720087518	0.9571534346036957	set:KP343840,set:FJ426280
25-000638-54A2-SAD01-01-01-EC01-03-32.p2113_noHost_removal	30221766	k__Viruses	p__unclassified_Viruses	c__unclassified_Viruses	o__unclassified_Viruses	f__Anelloviridae	g__unclassified_Anelloviridae	s__Torque teno virus	t__unclassified_Torque teno virus	630	5.774728005918132	0.9268901178371387	set:KP343843,set:AF298585
25-000638-54A2-SAD01-01-01-EC01-03-32.p2113_noHost_removal	30221766	k__Viruses	p__Pisuviricota	c__Stelpaviricetes	o__Stellavirales	f__Astroviridae	g__Mamastrovirus	s__Mamastrovirus hominis	t__Mamastrovirus 1	26	0.12892358826447836	0.9704533876719311	GCF_001736695.1
25-000638-54A2-SAD01-01-01-EC01-03-32.p2113_noHost_removal	30221766	k__Viruses	p__Peploviricota	c__Herviviricetes	o__Herpesvirales	f__Orthoherpesviridae	g__Lymphocryptovirus	s__Lymphocryptovirus humangamma4	t__Human gammaherpesvirus 4	264714	50.977176167797275	0.9936846056362871	GCF_002402265.1
25-000638-54A2-SAD01-01-01-EC01-03-32.p2113_noHost_removal	30221766	k__Viruses	p__Peploviricota	c__Herviviricetes	o__Herpesvirales	f__Orthoherpesviridae	g__Roseolovirus	s__Roseolovirus humanbeta6b	t__Human betaherpesvirus 6B	1014	0.20696532733178938	0.9938222779622353	GCF_000846365.1
25-000638-54A2-SAD01-01-01-EC01-03-32.p2113_noHost_removal	30221766	k__Viruses	p__Peploviricota	c__Herviviricetes	o__Herpesvirales	f__Orthoherpesviridae	g__Roseolovirus	s__Roseolovirus humanbeta7	t__Human betaherpesvirus 7	4604	0.9951694209831787	0.9969778083414595	GCF_000848125.1
25-000638-54A2-SAD01-01-01-EC01-03-32.p2113_noHost_removal	30221766	k__Viruses	p__Cossaviricota	c__Papovaviricetes	o__Zurhausenvirales	f__Papillomaviridae	g__Betapapillomavirus	s__Betapapillomavirus 2	t__Human papillomavirus 23	14	0.06324990265325851	1.0	set:U31781
25-000638-54A2-SAD01-01-01-EC01-03-32.p2113_noHost_removal	30221766	k__Viruses	p__Cossaviricota	c__Papovaviricetes	o__Zurhausenvirales	f__Papillomaviridae	g__Betapapillomavirus	s__Betapapillomavirus 2	t__Human papillomavirus type 209	26	0.11627342944842062	0.9918492103922568	set:KY242583
25-000638-54A2-SAD01-01-01-EC01-03-32.p2113_noHost_removal	30221766	k__Viruses	p__Artverviricota	c__Revtraviricetes	o__Ortervirales	f__Retroviridae	g__Alpharetrovirus	s__Alpharetrovirus avileu	t__unclassified_Alpharetrovirus avileu	3146	13.576229409840685	0.9139644067711346	acc:MT538246.1,set:KU937324
25-000638-54A2-SAD01-01-01-EC01-03-32.p2113_noHost_removal	30221766	k__Viruses	p__Artverviricota	c__Revtraviricetes	o__Ortervirales	f__Retroviridae	g__Alpharetrovirus	s__unclassified_Alpharetrovirus	t__unclassified_Alpharetrovirus	17	0.07260984786324579	0.8980241713053507	set:JF826241
25-000638-54A2-SAD01-01-01-EC01-03-32.p2113_noHost_removal	30221766	k__Viruses	p__Duplornaviricota	c__Resentoviricetes	o__Reovirales	f__Spinareoviridae	g__Aquareovirus	s__Aquareovirus salmonis	t__unclassified_Aquareovirus salmonis	12	0.01725243612671731	0.965753424657534	GCF_000866805.1
25-000501-54A2-DPD03-08-01-FA03-01-73.p2113_noHost_removal	944910	k__Viruses	p__unclassified_Viruses	c__unclassified_Viruses	o__unclassified_Viruses	f__Anelloviridae	g__unclassified_Anelloviridae	s__Torque teno virus	t__unclassified_Torque teno virus	40	11.897716119767622	0.9445364238410601	acc:MN765197.1
25-000501-54A2-DPD03-08-01-FA03-01-73.p2113_noHost_removal	944910	k__Viruses	p__Peploviricota	c__Herviviricetes	o__Herpesvirales	f__Orthoherpesviridae	g__Roseolovirus	s__Roseolovirus humanbeta7	t__Human betaherpesvirus 7	210	1.451812047682253	0.9981912704001749	GCF_000848125.1
25-000501-54A2-DPD03-08-01-FA03-01-73.p2113_noHost_removal	944910	k__Viruses	p__Duplornaviricota	c__Resentoviricetes	o__Reovirales	f__Sedoreoviridae	g__Rotavirus	s__Rotavirus alphagastroenteritidis	t__32	96	5.630825111673207	0.9737557744594167	set:18eec795824eee3bda2e2a13c18b982e363a66b2
25-000501-54A2-DPD03-08-01-FA03-01-73.p2113_noHost_removal	944910	k__Viruses	p__Duplornaviricota	c__Resentoviricetes	o__Reovirales	f__Sedoreoviridae	g__Rotavirus	s__Rotavirus alphagastroenteritidis	t__A1	2	0.11447288792356192	0.9735099337748345	set:00eb56d0ecf0ac3970db3168975cecd328031dbe
25-000636-54A2-DPD03-08-01-FA03-02-07.p2113_noHost_removal	10690292	k__Viruses	p__Cossaviricota	c__Papovaviricetes	o__Zurhausenvirales	f__Papillomaviridae	g__Betapapillomavirus	s__Betapapillomavirus 1	t__Human papillomavirus 98	12	0.15035009004936487	0.9994481236203091	set:FM955837
25-000636-54A2-DPD03-08-01-FA03-02-07.p2113_noHost_removal	10690292	k__Viruses	p__Cossaviricota	c__Papovaviricetes	o__Sepolyvirales	f__Polyomaviridae	g__Alphapolyomavirus	s__Alphapolyomavirus quintihominis	t__Merkel cell polyomavirus	307	5.330915910196264	0.9919591757320942	GCF_000874865.1
25-000636-54A2-DPD03-08-01-FA03-02-07.p2113_noHost_removal	10690292	k__Viruses	p__Duplornaviricota	c__Resentoviricetes	o__Reovirales	f__Sedoreoviridae	g__Rotavirus	s__Rotavirus alphagastroenteritidis	t__21	42	0.21773432737086862	0.982417684917452	set:82935e04980ac61890c9c3b0eb125bf3efc873ce
25-000518-54A2-DPD03-08-01-FA03-01-64.p2113_noHost_removal	24330902	k__Viruses	p__Cressdnaviricota	c__Arfiviricetes	o__Cirlivirales	f__Circoviridae	g__unclassified_Circoviridae	s__Human respiratory circovirus-like 1	t__Human respiratory circovirus-like 1	640	8.61578712769451	0.9829055833479214	acc:MK674279.1
25-000518-54A2-DPD03-08-01-FA03-01-64.p2113_noHost_removal	24330902	k__Viruses	p__Peploviricota	c__Herviviricetes	o__Herpesvirales	f__Orthoherpesviridae	g__Roseolovirus	s__Roseolovirus humanbeta7	t__Human betaherpesvirus 7	12330	3.310445279668892	0.9976260761281848	GCF_000848125.1
25-000518-54A2-DPD03-08-01-FA03-01-64.p2113_noHost_removal	24330902	k__Viruses	p__Peploviricota	c__Herviviricetes	o__Herpesvirales	f__Orthoherpesviridae	g__Simplexvirus	s__Simplexvirus humanalpha1	t__Human alphaherpesvirus 1	116	0.03132004346138735	0.987476822479268	GCF_000859985.2
25-000518-54A2-DPD03-08-01-FA03-01-64.p2113_noHost_removal	24330902	k__Viruses	p__Cossaviricota	c__Papovaviricetes	o__Zurhausenvirales	f__Papillomaviridae	g__Alphapapillomavirus	s__Alphapapillomavirus 6	t__human papillomavirus 56	24	0.1254004486119915	0.9928256070640177	acc:OP971047.1
25-000518-54A2-DPD03-08-01-FA03-01-64.p2113_noHost_removal	24330902	k__Viruses	p__Cossaviricota	c__Papovaviricetes	o__Zurhausenvirales	f__Papillomaviridae	g__unclassified_Papillomaviridae	s__Human papillomavirus	t__Human papillomavirus	144	0.8267276645114843	0.9880796949475605	set:MH972563,set:MH777346
25-000518-54A2-DPD03-08-01-FA03-01-64.p2113_noHost_removal	24330902	k__Viruses	p__Cossaviricota	c__Papovaviricetes	o__Sepolyvirales	f__Polyomaviridae	g__Alphapolyomavirus	s__Alphapolyomavirus quintihominis	t__Merkel cell polyomavirus	20	0.15258955646029407	0.9996688741721854	GCF_000874865.1
25-000518-54A2-DPD03-08-01-FA03-01-64.p2113_noHost_removal	24330902	k__Viruses	p__Artverviricota	c__Revtraviricetes	o__Ortervirales	f__Retroviridae	g__unclassified_Retroviridae	s__Atlantic salmon swim bladder sarcoma virus	t__Atlantic salmon swim bladder sarcoma virus	8	0.03190683903548197	0.952545829975826	GCF_000864385.1
25-000518-54A2-DPD03-08-01-FA03-01-64.p2113_noHost_removal	24330902	k__Viruses	p__Artverviricota	c__Revtraviricetes	o__Ortervirales	f__Retroviridae	g__unclassified_Retroviridae	s__Citrus blight-associated pararetrovirus	t__unclassified_Citrus blight-associated pararetrovirus	429	2.4343364250969093	0.9459053501513544	acc:MZ330114.1
25-000518-54A2-DPD03-08-01-FA03-01-64.p2113_noHost_removal	24330902	k__Viruses	p__Duplornaviricota	c__Resentoviricetes	o__Reovirales	f__Sedoreoviridae	g__Rotavirus	s__Rotavirus alphagastroenteritidis	t__E1	16	0.2464767438235695	0.9664735099337752	set:6cbceb6f17bbd57831b850b508452aeb4edcc19b
25-000518-54A2-DPD03-08-01-FA03-01-64.p2113_noHost_removal	24330902	k__Viruses	p__Duplornaviricota	c__Resentoviricetes	o__Reovirales	f__Sedoreoviridae	g__Rotavirus	s__Rotavirus alphagastroenteritidis	t__G9P[8]	310	0.6880332152554199	0.970240805369774	set:56ef8d28fd184ae43f9d5429e91e9429f8869ca1
25-000518-54A2-DPD03-08-01-FA03-01-64.p2113_noHost_removal	24330902	k__Viruses	p__Duplornaviricota	c__Resentoviricetes	o__Reovirales	f__Spinareoviridae	g__Aquareovirus	s__Aquareovirus salmonis	t__unclassified_Aquareovirus salmonis	125	0.22322396824125687	0.9253195192929917	GCF_000866805.1
25-000518-54A2-DPD03-08-01-FA03-01-64.p2113_noHost_removal	24330902	k__Viruses	p__Kitrinoviricota	c__Tolucaviricetes	o__Tolivirales	f__Tombusviridae	g__Luteovirus	s__Luteovirus pavhordei	t__Luteovirus pavhordei	12	0.0868462694824727	0.9597130242825607	set:EF521828
25-000680-54A3-CSD01-01-01-DD01-03-41.p2113_noHost_removal	383314	k__Viruses	p__Cossaviricota	c__Papovaviricetes	o__Sepolyvirales	f__Polyomaviridae	g__Alphapolyomavirus	s__Alphapolyomavirus quintihominis	t__Merkel cell polyomavirus	4270	2067.884214356823	0.992023382337291	GCF_000874865.1
25-000680-54A3-CSD01-01-01-DD01-03-41.p2113_noHost_removal	383314	k__Viruses	p__Duplornaviricota	c__Resentoviricetes	o__Reovirales	f__Sedoreoviridae	g__Phytoreovirus	s__Homalodisca vitripennis reovirus	t__unclassified_Homalodisca vitripennis reovirus	234	23.7313625916294	0.9992146499750094	GCF_000881235.1
25-000510-54A2-DPD01-08-01-FA03-01-81.p2113_noHost_removal	46838044	k__Viruses	p__Peploviricota	c__Herviviricetes	o__Herpesvirales	f__Orthoherpesviridae	g__Simplexvirus	s__Simplexvirus humanalpha1	t__Human alphaherpesvirus 1	1561	0.21894081435166815	0.9906951572803635	GCF_000859985.2
25-000510-54A2-DPD01-08-01-FA03-01-81.p2113_noHost_removal	46838044	k__Viruses	p__Cossaviricota	c__Papovaviricetes	o__Zurhausenvirales	f__Papillomaviridae	g__Gammapapillomavirus	s__Gammapapillomavirus 15	t__Human papillomavirus 146	95	0.27918317144653904	0.9880019596994154	set:HM999998
25-000510-54A2-DPD01-08-01-FA03-01-81.p2113_noHost_removal	46838044	k__Viruses	p__Cossaviricota	c__Papovaviricetes	o__Sepolyvirales	f__Polyomaviridae	g__Alphapolyomavirus	s__Alphapolyomavirus quintihominis	t__Merkel cell polyomavirus	774	3.067575319126451	0.9844334389446839	GCF_000874865.1
26-000651-54A2-SAD01-01-01-EC01-03-40.p2113_noHost_removal	28772150	k__Viruses	p__unclassified_Viruses	c__unclassified_Viruses	o__unclassified_Viruses	f__Anelloviridae	g__Betatorquevirus	s__TTV-like mini virus	t__TTV-like mini virus	150	1.7672456742759455	0.9600906200244913	acc:MN770037.1
26-000651-54A2-SAD01-01-01-EC01-03-40.p2113_noHost_removal	28772150	k__Viruses	p__unclassified_Viruses	c__unclassified_Viruses	o__unclassified_Viruses	f__Anelloviridae	g__Betatorquevirus	s__TTV-like mini virus	t__unclassified_TTV-like mini virus	407	4.892986322655169	0.9304623732008411	acc:MN770525.1
26-000651-54A2-SAD01-01-01-EC01-03-40.p2113_noHost_removal	28772150	k__Viruses	p__unclassified_Viruses	c__unclassified_Viruses	o__unclassified_Viruses	f__Anelloviridae	g__unclassified_Anelloviridae	s__Torque teno midi virus	t__Torque teno midi virus	648	7.534887545323737	0.968777269157048	acc:MN774969.1
26-000651-54A2-SAD01-01-01-EC01-03-40.p2113_noHost_removal	28772150	k__Viruses	p__unclassified_Viruses	c__unclassified_Viruses	o__unclassified_Viruses	f__Anelloviridae	g__unclassified_Anelloviridae	s__Torque teno midi virus	t__unclassified_Torque teno midi virus	30	0.3158663883134831	0.9428198308813279	acc:MN774988.1
26-000651-54A2-SAD01-01-01-EC01-03-40.p2113_noHost_removal	28772150	k__Viruses	p__unclassified_Viruses	c__unclassified_Viruses	o__unclassified_Viruses	f__Anelloviridae	g__unclassified_Anelloviridae	s__Torque teno virus	t__Torque teno virus	27	0.3190776786945009	0.9591139276281605	set:KP343858
26-000651-54A2-SAD01-01-01-EC01-03-40.p2113_noHost_removal	28772150	k__Viruses	p__Peploviricota	c__Herviviricetes	o__Herpesvirales	f__Orthoherpesviridae	g__Cytomegalovirus	s__Cytomegalovirus humanbeta5	t__Human betaherpesvirus 5	163	0.024041148798779763	0.9926461625970018	GCF_000845245.1
26-000651-54A2-SAD01-01-01-EC01-03-40.p2113_noHost_removal	28772150	k__Viruses	p__Peploviricota	c__Herviviricetes	o__Herpesvirales	f__Orthoherpesviridae	g__Lymphocryptovirus	s__Lymphocryptovirus humangamma4	t__Human gammaherpesvirus 4	3702	0.7488292519705422	0.9931149809428479	GCF_002402265.1
26-000651-54A2-SAD01-01-01-EC01-03-40.p2113_noHost_removal	28772150	k__Viruses	p__Peploviricota	c__Herviviricetes	o__Herpesvirales	f__Orthoherpesviridae	g__Roseolovirus	s__Roseolovirus humanbeta6b	t__Human betaherpesvirus 6B	1527	0.32737551873484655	0.9907761318984708	GCF_000846365.1
26-000651-54A2-SAD01-01-01-EC01-03-40.p2113_noHost_removal	28772150	k__Viruses	p__Peploviricota	c__Herviviricetes	o__Herpesvirales	f__Orthoherpesviridae	g__Roseolovirus	s__Roseolovirus humanbeta7	t__Human betaherpesvirus 7	39605	8.992061081030029	0.9971107040026509	GCF_000848125.1
26-000651-54A2-SAD01-01-01-EC01-03-40.p2113_noHost_removal	28772150	k__Viruses	p__Cossaviricota	c__Papovaviricetes	o__Sepolyvirales	f__Polyomaviridae	g__Deltapolyomavirus	s__Deltapolyomavirus decihominis	t__MW polyomavirus	32	0.2212866317172692	0.9933774834437087	acc:OP910239.1
25-000495-54A2-SAD01-01-01-EC01-03-03.p2113_noHost_removal	23799780	k__Viruses	p__unclassified_Viruses	c__unclassified_Viruses	o__unclassified_Viruses	f__Anelloviridae	g__Alphatorquevirus	s__Alphatorquevirus homin6	t__unclassified_Alphatorquevirus homin6	20	0.2268134689172991	0.9430553069625913	GCF_000888995.1
25-000495-54A2-SAD01-01-01-EC01-03-03.p2113_noHost_removal	23799780	k__Viruses	p__unclassified_Viruses	c__unclassified_Viruses	o__unclassified_Viruses	f__Anelloviridae	g__unclassified_Anelloviridae	s__Torque teno virus	t__Torque teno virus	144	1.5695655128380281	0.9527092745057363	set:FR751490,set:MK452766
25-000495-54A2-SAD01-01-01-EC01-03-03.p2113_noHost_removal	23799780	k__Viruses	p__unclassified_Viruses	c__unclassified_Viruses	o__unclassified_Viruses	f__Anelloviridae	g__unclassified_Anelloviridae	s__Torque teno virus	t__unclassified_Torque teno virus	47	0.5739707616247951	0.937346601266036	set:FR848326,acc:OP985293.1,set:MK820645
25-000495-54A2-SAD01-01-01-EC01-03-03.p2113_noHost_removal	23799780	k__Viruses	p__Cressdnaviricota	c__Arfiviricetes	o__Cirlivirales	f__Circoviridae	g__Cyclovirus	s__Cyclovirus humana	t__Cyclovirus humana	12	0.2816795203369586	0.9830239716444359	GCF_000918035.2
25-000495-54A2-SAD01-01-01-EC01-03-03.p2113_noHost_removal	23799780	k__Viruses	p__Cressdnaviricota	c__Arfiviricetes	o__Cirlivirales	f__Circoviridae	g__unclassified_Circoviridae	s__Human PoSCV5-like circular virus	t__Human PoSCV5-like circular virus	239858	3339.3506913043443	0.9602544355701553	GCF_013087445.1
25-000495-54A2-SAD01-01-01-EC01-03-03.p2113_noHost_removal	23799780	k__Viruses	p__Peploviricota	c__Herviviricetes	o__Herpesvirales	f__Orthoherpesviridae	g__Lymphocryptovirus	s__Lymphocryptovirus humangamma4	t__Human herpesvirus 4 type 2	23084	5.614161121988401	0.9881959481026465	GCF_000872045.1
25-000495-54A2-SAD01-01-01-EC01-03-03.p2113_noHost_removal	23799780	k__Viruses	p__Peploviricota	c__Herviviricetes	o__Herpesvirales	f__Orthoherpesviridae	g__Roseolovirus	s__Roseolovirus humanbeta7	t__Human betaherpesvirus 7	936	0.2569120370358385	0.997749262083846	GCF_000848125.1
25-000495-54A2-SAD01-01-01-EC01-03-03.p2113_noHost_removal	23799780	k__Viruses	p__Cossaviricota	c__Papovaviricetes	o__Zurhausenvirales	f__Papillomaviridae	g__Betapapillomavirus	s__Betapapillomavirus 1	t__Betapapillomavirus 1	17	0.09460825390566942	0.9688352162056878	set:MF588677
25-000495-54A2-SAD01-01-01-EC01-03-03.p2113_noHost_removal	23799780	k__Viruses	p__Cossaviricota	c__Papovaviricetes	o__Zurhausenvirales	f__Papillomaviridae	g__Betapapillomavirus	s__Betapapillomavirus 1	t__Human papillomavirus type 195	748	4.152313640832789	0.9867011685535745	set:KR816182
25-000495-54A2-SAD01-01-01-EC01-03-03.p2113_noHost_removal	23799780	k__Viruses	p__Cossaviricota	c__Papovaviricetes	o__Zurhausenvirales	f__Papillomaviridae	g__Betapapillomavirus	s__Betapapillomavirus 4	t__Human papillomavirus type 92	3	0.016894730646131745	1.0	GCF_000846285.1
25-000495-54A2-SAD01-01-01-EC01-03-03.p2113_noHost_removal	23799780	k__Viruses	p__Cossaviricota	c__Papovaviricetes	o__Zurhausenvirales	f__Papillomaviridae	g__unclassified_Papillomaviridae	s__Human papillomavirus	t__Human papillomavirus	20	0.11516212050527197	0.9961378438463828	set:MH777205,set:MH777375
26-000677-54A2-SAD01-01-01-EC01-03-60.p2113_noHost_removal	29039574	k__Viruses	p__unclassified_Viruses	c__unclassified_Viruses	o__unclassified_Viruses	f__Anelloviridae	g__Alphatorquevirus	s__Torque teno virus 27	t__unclassified_Torque teno virus 27	4	0.036938339351855524	0.9470198675496688	GCF_000888215.1
26-000677-54A2-SAD01-01-01-EC01-03-60.p2113_noHost_removal	29039574	k__Viruses	p__unclassified_Viruses	c__unclassified_Viruses	o__unclassified_Viruses	f__Anelloviridae	g__Betatorquevirus	s__TTV-like mini virus	t__TTV-like mini virus	15	0.17774828042378168	0.9995203836930455	acc:MN769052.1
26-000677-54A2-SAD01-01-01-EC01-03-60.p2113_noHost_removal	29039574	k__Viruses	p__unclassified_Viruses	c__unclassified_Viruses	o__unclassified_Viruses	f__Anelloviridae	g__Betatorquevirus	s__TTV-like mini virus	t__unclassified_TTV-like mini virus	9	0.10679596889969187	0.9153789551140546	acc:MN769100.1
26-000677-54A2-SAD01-01-01-EC01-03-60.p2113_noHost_removal	29039574	k__Viruses	p__unclassified_Viruses	c__unclassified_Viruses	o__unclassified_Viruses	f__Anelloviridae	g__unclassified_Anelloviridae	s__SEN virus	t__unclassified_SEN virus	1474	13.218312591867454	0.9491372675554819	set:KM593802
26-000677-54A2-SAD01-01-01-EC01-03-60.p2113_noHost_removal	29039574	k__Viruses	p__unclassified_Viruses	c__unclassified_Viruses	o__unclassified_Viruses	f__Anelloviridae	g__unclassified_Anelloviridae	s__Torque teno midi virus	t__Torque teno midi virus	51	0.5454112142543891	0.9630713765746367	acc:MN774941.1
26-000677-54A2-SAD01-01-01-EC01-03-60.p2113_noHost_removal	29039574	k__Viruses	p__unclassified_Viruses	c__unclassified_Viruses	o__unclassified_Viruses	f__Anelloviridae	g__unclassified_Anelloviridae	s__Torque teno virus	t__Torque teno virus	292	3.0998263508589394	0.9630983613884422	set:AB064606,set:KP343840
26-000677-54A2-SAD01-01-01-EC01-03-60.p2113_noHost_removal	29039574	k__Viruses	p__unclassified_Viruses	c__unclassified_Viruses	o__unclassified_Viruses	f__Anelloviridae	g__unclassified_Anelloviridae	s__Torque teno virus	t__unclassified_Torque teno virus	97	1.0969685995055596	0.9451823265193995	set:KP343846
26-000677-54A2-SAD01-01-01-EC01-03-60.p2113_noHost_removal	29039574	k__Viruses	p__unclassified_Viruses	c__unclassified_Viruses	o__unclassified_Viruses	f__Anelloviridae	g__unclassified_Anelloviridae	s__unclassified_Anelloviridae	t__unclassified_Anelloviridae	173	1.5852548341971116	0.8749474130994571	set:FR751511
26-000677-54A2-SAD01-01-01-EC01-03-60.p2113_noHost_removal	29039574	k__Viruses	p__Peploviricota	c__Herviviricetes	o__Herpesvirales	f__Orthoherpesviridae	g__Lymphocryptovirus	s__Lymphocryptovirus humangamma4	t__Human gammaherpesvirus 4	1	0.00020041418704578147	1.0	GCF_002402265.1
26-000677-54A2-SAD01-01-01-EC01-03-60.p2113_noHost_removal	29039574	k__Viruses	p__Peploviricota	c__Herviviricetes	o__Herpesvirales	f__Orthoherpesviridae	g__Roseolovirus	s__Roseolovirus humanbeta6b	t__Human betaherpesvirus 6B	259	0.05501599872274285	0.9941154941380443	GCF_000846365.1
26-000677-54A2-SAD01-01-01-EC01-03-60.p2113_noHost_removal	29039574	k__Viruses	p__Peploviricota	c__Herviviricetes	o__Herpesvirales	f__Orthoherpesviridae	g__Roseolovirus	s__Roseolovirus humanbeta7	t__Human betaherpesvirus 7	23	0.00517391323358798	0.9982723869853153	GCF_000848125.1
25-000503-54A2-SAD01-01-01-EC01-03-11.p2113_noHost_removal	23723464	k__Viruses	p__unclassified_Viruses	c__unclassified_Viruses	o__unclassified_Viruses	f__Anelloviridae	g__Betatorquevirus	s__TTV-like mini virus	t__unclassified_TTV-like mini virus	31	0.453528580591926	0.9162249775321056	acc:MN769940.1,acc:MN769461.1
25-000503-54A2-SAD01-01-01-EC01-03-11.p2113_noHost_removal	23723464	k__Viruses	p__unclassified_Viruses	c__unclassified_Viruses	o__unclassified_Viruses	f__Anelloviridae	g__unclassified_Anelloviridae	s__Torque teno virus	t__unclassified_Torque teno virus	267	3.185637150078275	0.9355217499504834	acc:OP985294.1,set:MK820645
25-000503-54A2-SAD01-01-01-EC01-03-11.p2113_noHost_removal	23723464	k__Viruses	p__Cressdnaviricota	c__Arfiviricetes	o__Cirlivirales	f__Circoviridae	g__unclassified_Circoviridae	s__Human respiratory circular DNA virus	t__Human respiratory circular DNA virus	40	0.5528178388434613	0.9650615614215099	acc:MN535739.1
25-000503-54A2-SAD01-01-01-EC01-03-11.p2113_noHost_removal	23723464	k__Viruses	p__Peploviricota	c__Herviviricetes	o__Herpesvirales	f__Orthoherpesviridae	g__Lymphocryptovirus	s__Lymphocryptovirus humangamma4	t__Human gammaherpesvirus 4	1339994	328.7331135509762	0.992605319204612	GCF_002402265.1
25-000503-54A2-SAD01-01-01-EC01-03-11.p2113_noHost_removal	23723464	k__Viruses	p__Peploviricota	c__Herviviricetes	o__Herpesvirales	f__Orthoherpesviridae	g__Rhadinovirus	s__Rhadinovirus humangamma8	t__Human gammaherpesvirus 8	6831	2.0870106517181464	0.9973218498397018	GCF_000838265.1
25-000503-54A2-SAD01-01-01-EC01-03-11.p2113_noHost_removal	23723464	k__Viruses	p__Peploviricota	c__Herviviricetes	o__Herpesvirales	f__Orthoherpesviridae	g__Roseolovirus	s__Roseolovirus humanbeta6b	t__Human betaherpesvirus 6B	525	0.13650880930211032	0.9944278190756868	GCF_000846365.1
25-000503-54A2-SAD01-01-01-EC01-03-11.p2113_noHost_removal	23723464	k__Viruses	p__Peploviricota	c__Herviviricetes	o__Herpesvirales	f__Orthoherpesviridae	g__Roseolovirus	s__Roseolovirus humanbeta7	t__Human betaherpesvirus 7	5514	1.518344095949451	0.9969475439606191	GCF_000848125.1
25-000503-54A2-SAD01-01-01-EC01-03-11.p2113_noHost_removal	23723464	k__Viruses	p__Cossaviricota	c__Papovaviricetes	o__Zurhausenvirales	f__Papillomaviridae	g__Alphapapillomavirus	s__Alphapapillomavirus 3	t__human papillomavirus 72	20	0.10553920934355013	0.9703066513101065	acc:OP712107.1
25-000503-54A2-SAD01-01-01-EC01-03-11.p2113_noHost_removal	23723464	k__Viruses	p__Cossaviricota	c__Papovaviricetes	o__Zurhausenvirales	f__Papillomaviridae	g__Betapapillomavirus	s__Betapapillomavirus 1	t__Human papillomavirus type 196	6	0.033721888169451146	0.9933774834437087	set:KR816183
25-000503-54A2-SAD01-01-01-EC01-03-11.p2113_noHost_removal	23723464	k__Viruses	p__Cossaviricota	c__Papovaviricetes	o__Zurhausenvirales	f__Papillomaviridae	g__Betapapillomavirus	s__Betapapillomavirus 2	t__Betapapillomavirus 2	8	0.04590337818194289	0.9871995339710572	set:MF588682,set:MF588680
25-000503-54A2-SAD01-01-01-EC01-03-11.p2113_noHost_removal	23723464	k__Viruses	p__Cossaviricota	c__Papovaviricetes	o__Zurhausenvirales	f__Papillomaviridae	g__Betapapillomavirus	s__Betapapillomavirus 2	t__Human papillomavirus 120	35	0.20190674796954802	0.992809839167455	set:JQ963484
25-000503-54A2-SAD01-01-01-EC01-03-11.p2113_noHost_removal	23723464	k__Viruses	p__Cossaviricota	c__Papovaviricetes	o__Zurhausenvirales	f__Papillomaviridae	g__Betapapillomavirus	s__Betapapillomavirus 5	t__Human papillomavirus type 185	10	0.05662595407282903	0.9536423841059601	set:KR816172
25-000503-54A2-SAD01-01-01-EC01-03-11.p2113_noHost_removal	23723464	k__Viruses	p__Cossaviricota	c__Papovaviricetes	o__Zurhausenvirales	f__Papillomaviridae	g__unclassified_Papillomaviridae	s__Human papillomavirus	t__Human papillomavirus	46	0.2695688266013403	0.9914910689058573	set:MH777278
25-000503-54A2-SAD01-01-01-EC01-03-11.p2113_noHost_removal	23723464	k__Viruses	p__Cossaviricota	c__Quintoviricetes	o__Piccovirales	f__Parvoviridae	g__Tetraparvovirus	s__Tetraparvovirus primate1	t__Human parvovirus 4 G1	60	0.4800952188133705	0.9953398909232568	GCF_000861005.1
25-000503-54A2-SAD01-01-01-EC01-03-11.p2113_noHost_removal	23723464	k__Viruses	p__Cossaviricota	c__Papovaviricetes	o__Sepolyvirales	f__Polyomaviridae	g__Alphapolyomavirus	s__Alphapolyomavirus quintihominis	t__Merkel cell polyomavirus	1658	12.97356844833627	0.9930870233962149	GCF_000874865.1
25-000503-54A2-SAD01-01-01-EC01-03-11.p2113_noHost_removal	23723464	k__Viruses	p__Cossaviricota	c__Papovaviricetes	o__Sepolyvirales	f__Polyomaviridae	g__Deltapolyomavirus	s__Deltapolyomavirus septihominis	t__Human polyomavirus 7	22	0.18726815926088577	0.9960866947621916	GCF_000889175.1
25-000503-54A2-SAD01-01-01-EC01-03-11.p2113_noHost_removal	23723464	k__Viruses	p__Cossaviricota	c__Papovaviricetes	o__Sepolyvirales	f__Polyomaviridae	g__Deltapolyomavirus	s__Deltapolyomavirus sextihominis	t__Human polyomavirus 6	39	0.33372757780364254	0.9947359483783327	GCF_000888495.1
25-000515-54A2-SAD01-01-01-EC01-03-23.p2113_noHost_removal	34985262	k__Viruses	p__unclassified_Viruses	c__unclassified_Viruses	o__unclassified_Viruses	f__Anelloviridae	g__unclassified_Anelloviridae	s__Torque teno virus	t__unclassified_Torque teno virus	72	0.5470342214561212	0.9313594409718201	set:FR751499,acc:MT501648.1
25-000515-54A2-SAD01-01-01-EC01-03-23.p2113_noHost_removal	34985262	k__Viruses	p__Cressdnaviricota	c__Arfiviricetes	o__Cirlivirales	f__Circoviridae	g__unclassified_Circoviridae	s__Human respiratory circular DNA virus	t__unclassified_Human respiratory circular DNA virus	183	1.7303255153130315	0.9445415341014142	acc:MN535740.1
25-000515-54A2-SAD01-01-01-EC01-03-23.p2113_noHost_removal	34985262	k__Viruses	p__Peploviricota	c__Herviviricetes	o__Herpesvirales	f__Orthoherpesviridae	g__Cytomegalovirus	s__Cytomegalovirus humanbeta5	t__Human betaherpesvirus 5	1258	0.15259329053901888	0.9829302743081607	GCF_000845245.1
25-000515-54A2-SAD01-01-01-EC01-03-23.p2113_noHost_removal	34985262	k__Viruses	p__Peploviricota	c__Herviviricetes	o__Herpesvirales	f__Orthoherpesviridae	g__Lymphocryptovirus	s__Lymphocryptovirus humangamma4	t__Human gammaherpesvirus 4	12650	2.1043796694841825	0.9938187536608688	GCF_002402265.1
25-000515-54A2-SAD01-01-01-EC01-03-23.p2113_noHost_removal	34985262	k__Viruses	p__Peploviricota	c__Herviviricetes	o__Herpesvirales	f__Orthoherpesviridae	g__Roseolovirus	s__Roseolovirus humanbeta7	t__Human betaherpesvirus 7	33646	6.282461797442099	0.997447988759209	GCF_000848125.1
25-000515-54A2-SAD01-01-01-EC01-03-23.p2113_noHost_removal	34985262	k__Viruses	p__Cossaviricota	c__Papovaviricetes	o__Zurhausenvirales	f__Papillomaviridae	g__Alphapapillomavirus	s__Alphapapillomavirus 9	t__Human papillomavirus type 16	304	1.0990859166024236	0.9839604395588358	GCF_000863945.3
25-000515-54A2-SAD01-01-01-EC01-03-23.p2113_noHost_removal	34985262	k__Viruses	p__Cossaviricota	c__Papovaviricetes	o__Sepolyvirales	f__Polyomaviridae	g__Alphapolyomavirus	s__Alphapolyomavirus quintihominis	t__Merkel cell polyomavirus	123991	657.8972278941362	0.997359668995645	GCF_000874865.1
25-000515-54A2-SAD01-01-01-EC01-03-23.p2113_noHost_removal	34985262	k__Viruses	p__Cossaviricota	c__Papovaviricetes	o__Sepolyvirales	f__Polyomaviridae	g__Deltapolyomavirus	s__Deltapolyomavirus sextihominis	t__Human polyomavirus 6	2	0.011605141965108288	1.0	GCF_000888495.1
25-000515-54A2-SAD01-01-01-EC01-03-23.p2113_noHost_removal	34985262	k__Viruses	p__Pisuviricota	c__Pisoniviricetes	o__Picornavirales	f__Secoviridae	g__Nepovirus	s__Nepovirus lycopersici	t__Nepovirus lycopersici	11	0.020304689135336056	0.9768211920529801	GCF_000860465.1
26-000649-54A2-SAD01-01-01-EC01-03-39.p2113_noHost_removal	24353092	k__Viruses	p__unclassified_Viruses	c__unclassified_Viruses	o__unclassified_Viruses	f__Anelloviridae	g__Alphatorquevirus	s__Alphatorquevirus homin29	t__Torque teno virus 29	173	1.932486599199157	0.9658191779133347	GCF_002818425.1
26-000649-54A2-SAD01-01-01-EC01-03-39.p2113_noHost_removal	24353092	k__Viruses	p__unclassified_Viruses	c__unclassified_Viruses	o__unclassified_Viruses	f__Anelloviridae	g__Alphatorquevirus	s__Torque teno virus 8	t__unclassified_Torque teno virus 8	42	0.4550467018828927	0.9488598256203898	GCF_000887295.1
26-000649-54A2-SAD01-01-01-EC01-03-39.p2113_noHost_removal	24353092	k__Viruses	p__unclassified_Viruses	c__unclassified_Viruses	o__unclassified_Viruses	f__Anelloviridae	g__unclassified_Anelloviridae	s__Torque teno virus	t__Torque teno virus	92	1.0139480769776057	0.9684183259109829	set:KP343837,set:KP343845
26-000649-54A2-SAD01-01-01-EC01-03-39.p2113_noHost_removal	24353092	k__Viruses	p__unclassified_Viruses	c__unclassified_Viruses	o__unclassified_Viruses	f__Anelloviridae	g__unclassified_Anelloviridae	s__unclassified_Anelloviridae	t__unclassified_Anelloviridae	60	0.6687711339135115	0.8295041033631995	acc:MW679005.1
26-000649-54A2-SAD01-01-01-EC01-03-39.p2113_noHost_removal	24353092	k__Viruses	p__Cressdnaviricota	c__Arfiviricetes	o__Cirlivirales	f__Circoviridae	g__unclassified_Circoviridae	s__Human respiratory circovirus-like 1	t__Human respiratory circovirus-like 1	102575	1379.6235906833792	0.9750785424597088	acc:MK674279.1
26-000649-54A2-SAD01-01-01-EC01-03-39.p2113_noHost_removal	24353092	k__Viruses	p__Peploviricota	c__Herviviricetes	o__Herpesvirales	f__Orthoherpesviridae	g__Lymphocryptovirus	s__Lymphocryptovirus humangamma4	t__Human gammaherpesvirus 4	30	0.007169450124073541	0.9949227373068433	GCF_002402265.1
26-000649-54A2-SAD01-01-01-EC01-03-39.p2113_noHost_removal	24353092	k__Viruses	p__Peploviricota	c__Herviviricetes	o__Herpesvirales	f__Orthoherpesviridae	g__Roseolovirus	s__Roseolovirus humanbeta7	t__Human betaherpesvirus 7	12006	3.22051833520518	0.9969966816843716	GCF_000848125.1
26-000649-54A2-SAD01-01-01-EC01-03-39.p2113_noHost_removal	24353092	k__Viruses	p__Cossaviricota	c__Papovaviricetes	o__Zurhausenvirales	f__Papillomaviridae	g__Betapapillomavirus	s__Betapapillomavirus 2	t__Betapapillomavirus 2	18	0.10019328415361432	0.9966887417218544	set:MF588681
26-000649-54A2-SAD01-01-01-EC01-03-39.p2113_noHost_removal	24353092	k__Viruses	p__Artverviricota	c__Revtraviricetes	o__Ortervirales	f__Retroviridae	g__Gammaretrovirus	s__Gammaretrovirus porConc	t__unclassified_Gammaretrovirus porConc	166	0.8444478326684929	0.9430756474095654	set:AF356697
25-000639-54A2-SAD01-01-01-EC01-03-33.p2113_noHost_removal	23320238	k__Viruses	p__unclassified_Viruses	c__unclassified_Viruses	o__unclassified_Viruses	f__Anelloviridae	g__Betatorquevirus	s__TTV-like mini virus	t__unclassified_TTV-like mini virus	11	0.16203823400378753	0.9458157736303431	acc:MN770860.1
25-000639-54A2-SAD01-01-01-EC01-03-33.p2113_noHost_removal	23320238	k__Viruses	p__unclassified_Viruses	c__unclassified_Viruses	o__unclassified_Viruses	f__Anelloviridae	g__unclassified_Anelloviridae	s__SEN virus	t__SEN virus	115	1.2842028742016556	0.9700047189429581	set:KM593802
25-000639-54A2-SAD01-01-01-EC01-03-33.p2113_noHost_removal	23320238	k__Viruses	p__unclassified_Viruses	c__unclassified_Viruses	o__unclassified_Viruses	f__Anelloviridae	g__unclassified_Anelloviridae	s__Torque teno virus	t__unclassified_Torque teno virus	21	0.2559708326757335	0.9368402533427165	acc:MN765195.1
25-000639-54A2-SAD01-01-01-EC01-03-33.p2113_noHost_removal	23320238	k__Viruses	p__Cressdnaviricota	c__Arfiviricetes	o__Cirlivirales	f__Circoviridae	g__unclassified_Circoviridae	s__Human respiratory circular DNA virus	t__Human respiratory circular DNA virus	33823	452.25167838351103	0.9886186434791553	acc:MN535745.1
25-000639-54A2-SAD01-01-01-EC01-03-33.p2113_noHost_removal	23320238	k__Viruses	p__Peploviricota	c__Herviviricetes	o__Herpesvirales	f__Orthoherpesviridae	g__Lymphocryptovirus	s__Lymphocryptovirus humangamma4	t__Human herpesvirus 4 type 2	337048	83.65762390718736	0.9889142314248371	GCF_000872045.1
25-000639-54A2-SAD01-01-01-EC01-03-33.p2113_noHost_removal	23320238	k__Viruses	p__Peploviricota	c__Herviviricetes	o__Herpesvirales	f__Orthoherpesviridae	g__Roseolovirus	s__Roseolovirus humanbeta6b	t__Human betaherpesvirus 6B	1	0.0002645126825371066	1.0	GCF_000846365.1
25-000639-54A2-SAD01-01-01-EC01-03-33.p2113_noHost_removal	23320238	k__Viruses	p__Peploviricota	c__Herviviricetes	o__Herpesvirales	f__Orthoherpesviridae	g__Roseolovirus	s__Roseolovirus humanbeta7	t__Human betaherpesvirus 7	75	0.0210092152878334	0.9914348785871967	GCF_000848125.1
25-000639-54A2-SAD01-01-01-EC01-03-33.p2113_noHost_removal	23320238	k__Viruses	p__Cossaviricota	c__Papovaviricetes	o__Zurhausenvirales	f__Papillomaviridae	g__Betapapillomavirus	s__Betapapillomavirus 1	t__Human papillomavirus 5	7	0.03875141532632888	0.9735099337748344	GCF_000866505.1
25-000639-54A2-SAD01-01-01-EC01-03-33.p2113_noHost_removal	23320238	k__Viruses	p__Cossaviricota	c__Papovaviricetes	o__Zurhausenvirales	f__Papillomaviridae	g__Betapapillomavirus	s__Betapapillomavirus 1	t__human papillomavirus 21	18	0.09922377713109255	0.9889624724061812	set:U31779
25-000639-54A2-SAD01-01-01-EC01-03-33.p2113_noHost_removal	23320238	k__Viruses	p__Cossaviricota	c__Papovaviricetes	o__Zurhausenvirales	f__Papillomaviridae	g__Betapapillomavirus	s__Betapapillomavirus 4	t__Betapapillomavirus 4	12	0.06918183761788733	0.9963503649635035	set:MF588686
25-000639-54A2-SAD01-01-01-EC01-03-33.p2113_noHost_removal	23320238	k__Viruses	p__Cossaviricota	c__Papovaviricetes	o__Zurhausenvirales	f__Papillomaviridae	g__Gammapapillomavirus	s__Gammapapillomavirus 12	t__Human papillomavirus 132	40	0.24073661202425542	0.9938948675496697	GCF_000888015.1
25-000639-54A2-SAD01-01-01-EC01-03-33.p2113_noHost_removal	23320238	k__Viruses	p__Cossaviricota	c__Papovaviricetes	o__Zurhausenvirales	f__Papillomaviridae	g__unclassified_Papillomaviridae	s__Human papillomavirus	t__Human papillomavirus	8	0.047507225056718456	0.9792370590620353	set:MH777344
25-000639-54A2-SAD01-01-01-EC01-03-33.p2113_noHost_removal	23320238	k__Viruses	p__Cossaviricota	c__Papovaviricetes	o__Sepolyvirales	f__Polyomaviridae	g__Alphapolyomavirus	s__Alphapolyomavirus quintihominis	t__Merkel cell polyomavirus	196	1.5601850691102315	0.9908481725135095	GCF_000874865.1
25-000639-54A2-SAD01-01-01-EC01-03-33.p2113_noHost_removal	23320238	k__Viruses	p__Artverviricota	c__Revtraviricetes	o__Ortervirales	f__Retroviridae	g__Alpharetrovirus	s__unclassified_Alpharetrovirus	t__unclassified_Alpharetrovirus	1	0.005591499415415373	0.8940397350993378	set:KU937324
26-000782-54A1-UBD01-00-01-DB01-02-72.p2113_noHost_removal	1289526	k__Viruses	p__Preplasmiviricota	c__Tectiliviricetes	o__Rowavirales	f__Adenoviridae	g__Mastadenovirus	s__Human mastadenovirus C	t__Human adenovirus 2	340888	7237.9431409014815	0.9910128529703128	set:MT277585
26-000782-54A1-UBD01-00-01-DB01-02-72.p2113_noHost_removal	1289526	k__Viruses	p__Pisuviricota	c__Pisoniviricetes	o__Picornavirales	f__Picornaviridae	g__Enterovirus	s__Enterovirus A	t__Coxsackievirus A16	1131	118.25083685819264	0.988586408550098	set:KC695830
26-000782-54A1-UBD01-00-01-DB01-02-72.p2113_noHost_removal	1289526	k__Viruses	p__Pisuviricota	c__Pisoniviricetes	o__Picornavirales	f__Picornaviridae	g__Salivirus	s__Salivirus A	t__Salivirus A	180	17.40258989206148	0.9727005150846216	set:KT240115
26-000782-54A1-UBD01-00-01-DB01-02-72.p2113_noHost_removal	1289526	k__Viruses	p__Cossaviricota	c__Papovaviricetes	o__Sepolyvirales	f__Polyomaviridae	g__Alphapolyomavirus	s__Alphapolyomavirus quintihominis	t__Merkel cell polyomavirus	13772	1982.5307651915405	0.985458454739932	GCF_000874865.1
26-000657-54A2-SAD01-01-01-EC01-03-43.p2113_noHost_removal	21627226	k__Viruses	p__unclassified_Viruses	c__unclassified_Viruses	o__unclassified_Viruses	f__Anelloviridae	g__Alphatorquevirus	s__Torque teno virus 28	t__unclassified_Torque teno virus 28	35	0.4459439307473618	0.9465985671481448	GCF_000888895.1
26-000657-54A2-SAD01-01-01-EC01-03-43.p2113_noHost_removal	21627226	k__Viruses	p__unclassified_Viruses	c__unclassified_Viruses	o__unclassified_Viruses	f__Anelloviridae	g__Betatorquevirus	s__TTV-like mini virus	t__TTV-like mini virus	43	0.6899124991141757	0.9737162145478073	acc:MN771415.1,acc:MN770411.1
26-000657-54A2-SAD01-01-01-EC01-03-43.p2113_noHost_removal	21627226	k__Viruses	p__unclassified_Viruses	c__unclassified_Viruses	o__unclassified_Viruses	f__Anelloviridae	g__Betatorquevirus	s__TTV-like mini virus	t__unclassified_TTV-like mini virus	56	0.9078993125846709	0.9232394723516718	acc:MN769453.1
26-000657-54A2-SAD01-01-01-EC01-03-43.p2113_noHost_removal	21627226	k__Viruses	p__unclassified_Viruses	c__unclassified_Viruses	o__unclassified_Viruses	f__Anelloviridae	g__unclassified_Anelloviridae	s__Anellovirus D_HF7_66	t__Anellovirus D_HF7_66	593	7.236511715390644	0.9642553735973212	acc:OR148955.1
26-000657-54A2-SAD01-01-01-EC01-03-43.p2113_noHost_removal	21627226	k__Viruses	p__unclassified_Viruses	c__unclassified_Viruses	o__unclassified_Viruses	f__Anelloviridae	g__unclassified_Anelloviridae	s__Anellovirus cya/2019	t__Anellovirus cya/2019	17	0.21529615306645528	0.9933695869613284	acc:MT501646.1
26-000657-54A2-SAD01-01-01-EC01-03-43.p2113_noHost_removal	21627226	k__Viruses	p__unclassified_Viruses	c__unclassified_Viruses	o__unclassified_Viruses	f__Anelloviridae	g__unclassified_Anelloviridae	s__Torque teno virus	t__Torque teno virus	2709	33.35719180012457	0.9692132945917796	GCF_000893775.1,set:MK452766,set:FR751497
26-000657-54A2-SAD01-01-01-EC01-03-43.p2113_noHost_removal	21627226	k__Viruses	p__Cressdnaviricota	c__Arfiviricetes	o__Cirlivirales	f__Circoviridae	g__unclassified_Circoviridae	s__Human respiratory circular DNA virus	t__Human respiratory circular DNA virus	8485	129.78152735625218	0.9819810563086049	acc:MN535740.1
26-000657-54A2-SAD01-01-01-EC01-03-43.p2113_noHost_removal	21627226	k__Viruses	p__Peploviricota	c__Herviviricetes	o__Herpesvirales	f__Orthoherpesviridae	g__Lymphocryptovirus	s__Lymphocryptovirus humangamma4	t__Human gammaherpesvirus 4	83	0.022335515293332688	0.9951043530792992	GCF_002402265.1
26-000657-54A2-SAD01-01-01-EC01-03-43.p2113_noHost_removal	21627226	k__Viruses	p__Peploviricota	c__Herviviricetes	o__Herpesvirales	f__Orthoherpesviridae	g__Roseolovirus	s__Roseolovirus humanbeta6b	t__Human betaherpesvirus 6B	158	0.04506462346598845	0.9912496979678794	GCF_000846365.1
26-000657-54A2-SAD01-01-01-EC01-03-43.p2113_noHost_removal	21627226	k__Viruses	p__Peploviricota	c__Herviviricetes	o__Herpesvirales	f__Orthoherpesviridae	g__Roseolovirus	s__Roseolovirus humanbeta7	t__Human betaherpesvirus 7	24858	7.508391538047245	0.9964829284047525	GCF_000848125.1
25-000681-54A3-CSD01-01-01-DD01-03-42.p2113_noHost_removal	77752200	k__Viruses	p__Peploviricota	c__Herviviricetes	o__Herpesvirales	f__Orthoherpesviridae	g__Lymphocryptovirus	s__Lymphocryptovirus humangamma4	t__Human herpesvirus 4 type 2	1776	0.13221387211755473	0.9939358578409931	GCF_000872045.1
25-000681-54A3-CSD01-01-01-DD01-03-42.p2113_noHost_removal	77752200	k__Viruses	p__Peploviricota	c__Herviviricetes	o__Herpesvirales	f__Orthoherpesviridae	g__Roseolovirus	s__Roseolovirus humanbeta6b	t__Human betaherpesvirus 6B	534	0.04236508177978929	0.9563087531314266	GCF_000846365.1
25-000681-54A3-CSD01-01-01-DD01-03-42.p2113_noHost_removal	77752200	k__Viruses	p__Cossaviricota	c__Papovaviricetes	o__Sepolyvirales	f__Polyomaviridae	g__Alphapolyomavirus	s__Alphapolyomavirus quintihominis	t__Merkel cell polyomavirus	5539	13.224269869378453	0.9901291536573716	GCF_000874865.1
25-000406-54A2-DPD01-08-01-FA03-01-47.p2113_noHost_removal	8704494	k__Viruses	p__unclassified_Viruses	c__unclassified_Viruses	o__unclassified_Viruses	f__Anelloviridae	g__Alphatorquevirus	s__Alphatorquevirus homin10	t__unclassified_Alphatorquevirus homin10	2002	61.05551835075635	0.9444142102703018	set:GU797360
25-000406-54A2-DPD01-08-01-FA03-01-47.p2113_noHost_removal	8704494	k__Viruses	p__unclassified_Viruses	c__unclassified_Viruses	o__unclassified_Viruses	f__Anelloviridae	g__Betatorquevirus	s__TTV-like mini virus	t__TTV-like mini virus	149	5.953945968200075	0.9629839531326984	acc:MN769269.1
25-000406-54A2-DPD01-08-01-FA03-01-47.p2113_noHost_removal	8704494	k__Viruses	p__unclassified_Viruses	c__unclassified_Viruses	o__unclassified_Viruses	f__Anelloviridae	g__Betatorquevirus	s__TTV-like mini virus	t__unclassified_TTV-like mini virus	27	1.0703402387703873	0.900705434470941	acc:MN771457.1
25-000406-54A2-DPD01-08-01-FA03-01-47.p2113_noHost_removal	8704494	k__Viruses	p__unclassified_Viruses	c__unclassified_Viruses	o__unclassified_Viruses	f__Anelloviridae	g__Samektorquevirus	s__Samektorquevirus hominid18	t__Samektorquevirus hominid18	141	5.509703800527565	0.9655272787819743	acc:PP728781.1
25-000406-54A2-DPD01-08-01-FA03-01-47.p2113_noHost_removal	8704494	k__Viruses	p__unclassified_Viruses	c__unclassified_Viruses	o__unclassified_Viruses	f__Anelloviridae	g__unclassified_Anelloviridae	s__Torque teno midi virus	t__Torque teno midi virus	67	2.35459572868689	0.9609765675549846	acc:MN774987.1
25-000406-54A2-DPD01-08-01-FA03-01-47.p2113_noHost_removal	8704494	k__Viruses	p__unclassified_Viruses	c__unclassified_Viruses	o__unclassified_Viruses	f__Anelloviridae	g__unclassified_Anelloviridae	s__Torque teno virus	t__Torque teno virus	1915	59.2516295388261	0.952963836640087	acc:MN768563.1
25-000406-54A2-DPD01-08-01-FA03-01-47.p2113_noHost_removal	8704494	k__Viruses	p__unclassified_Viruses	c__unclassified_Viruses	o__unclassified_Viruses	f__Anelloviridae	g__unclassified_Anelloviridae	s__Torque teno virus	t__unclassified_Torque teno virus	16927	517.4634601185527	0.942583556220353	set:AJ620222
25-000406-54A2-DPD01-08-01-FA03-01-47.p2113_noHost_removal	8704494	k__Viruses	p__unclassified_Viruses	c__unclassified_Viruses	o__unclassified_Viruses	f__Anelloviridae	g__unclassified_Anelloviridae	s__unclassified_Anelloviridae	t__unclassified_Anelloviridae	10	0.4528308459914134	0.8953642384105958	set:KP343822
25-000406-54A2-DPD01-08-01-FA03-01-47.p2113_noHost_removal	8704494	k__Viruses	p__Peploviricota	c__Herviviricetes	o__Herpesvirales	f__Orthoherpesviridae	g__Lymphocryptovirus	s__Lymphocryptovirus humangamma4	t__Human gammaherpesvirus 4	3387	2.2645940864849816	0.9941601527041374	GCF_002402265.1
25-000406-54A2-DPD01-08-01-FA03-01-47.p2113_noHost_removal	8704494	k__Viruses	p__Peploviricota	c__Herviviricetes	o__Herpesvirales	f__Orthoherpesviridae	g__Roseolovirus	s__Roseolovirus humanbeta7	t__Human betaherpesvirus 7	545	0.4090105576644352	0.9954918281791041	GCF_000848125.1
25-000406-54A2-DPD01-08-01-FA03-01-47.p2113_noHost_removal	8704494	k__Viruses	p__Cossaviricota	c__Papovaviricetes	o__Zurhausenvirales	f__Papillomaviridae	g__Alphapapillomavirus	s__Alphapapillomavirus 2	t__Human papillomavirus type 10	193	2.7999059005187728	0.9985335909771128	GCF_000864905.1
25-000406-54A2-DPD01-08-01-FA03-01-47.p2113_noHost_removal	8704494	k__Viruses	p__Cossaviricota	c__Papovaviricetes	o__Zurhausenvirales	f__Papillomaviridae	g__Betapapillomavirus	s__Betapapillomavirus 1	t__human papillomavirus 21	42	0.6202717311192835	0.9992116051718701	set:U31779
25-000406-54A2-DPD01-08-01-FA03-01-47.p2113_noHost_removal	8704494	k__Viruses	p__Cossaviricota	c__Papovaviricetes	o__Zurhausenvirales	f__Papillomaviridae	g__Betapapillomavirus	s__Betapapillomavirus 2	t__Human papillomavirus 120	12	0.18866815759357586	0.9933774834437087	set:JQ963484
25-000406-54A2-DPD01-08-01-FA03-01-47.p2113_noHost_removal	8704494	k__Viruses	p__Cossaviricota	c__Papovaviricetes	o__Zurhausenvirales	f__Papillomaviridae	g__Betapapillomavirus	s__Betapapillomavirus 2	t__Human papillomavirus 17	14	0.21658559100354186	0.9749290444654685	set:JN211195
25-000406-54A2-DPD01-08-01-FA03-01-47.p2113_noHost_removal	8704494	k__Viruses	p__Cossaviricota	c__Papovaviricetes	o__Zurhausenvirales	f__Papillomaviridae	g__Gammapapillomavirus	s__Gammapapillomavirus 15	t__Gammapapillomavirus 15	51	0.8056989091074119	0.9913060999691036	set:MF588724
25-000406-54A2-DPD01-08-01-FA03-01-47.p2113_noHost_removal	8704494	k__Viruses	p__Cossaviricota	c__Papovaviricetes	o__Zurhausenvirales	f__Papillomaviridae	g__Gammapapillomavirus	s__Gammapapillomavirus 9	t__Gammapapillomavirus 9	22	0.34827478073811136	0.9831426851294404	set:MF588712
25-000406-54A2-DPD02-08-01-FA03-01-48.p2113_noHost_removal	37631400	k__Viruses	p__unclassified_Viruses	c__unclassified_Viruses	o__unclassified_Viruses	f__Anelloviridae	g__Alphatorquevirus	s__Alphatorquevirus homin10	t__Torque teno virus 10	1013	7.140320722906652	0.9530247626742067	GCF_000887255.1
25-000406-54A2-DPD02-08-01-FA03-01-48.p2113_noHost_removal	37631400	k__Viruses	p__unclassified_Viruses	c__unclassified_Viruses	o__unclassified_Viruses	f__Anelloviridae	g__Betatorquevirus	s__TTV-like mini virus	t__TTV-like mini virus	3476	32.017216641115986	0.9727539824840409	acc:MN769466.1
25-000406-54A2-DPD02-08-01-FA03-01-48.p2113_noHost_removal	37631400	k__Viruses	p__unclassified_Viruses	c__unclassified_Viruses	o__unclassified_Viruses	f__Anelloviridae	g__Betatorquevirus	s__unclassified_Betatorquevirus	t__unclassified_Betatorquevirus	40	0.36792735115506825	0.8417479027782789	acc:MN770109.1
25-000406-54A2-DPD02-08-01-FA03-01-48.p2113_noHost_removal	37631400	k__Viruses	p__unclassified_Viruses	c__unclassified_Viruses	o__unclassified_Viruses	f__Anelloviridae	g__Gammatorquevirus	s__Gammatorquevirus homidi11	t__unclassified_Gammatorquevirus homidi11	856	7.112870955041162	0.9463611758354082	GCF_002818705.1
25-000406-54A2-DPD02-08-01-FA03-01-48.p2113_noHost_removal	37631400	k__Viruses	p__unclassified_Viruses	c__unclassified_Viruses	o__unclassified_Viruses	f__Anelloviridae	g__unclassified_Anelloviridae	s__Torque teno midi virus	t__unclassified_Torque teno midi virus	1195	9.776907561552923	0.9407918665070981	acc:OP549859.1
25-000406-54A2-DPD02-08-01-FA03-01-48.p2113_noHost_removal	37631400	k__Viruses	p__unclassified_Viruses	c__unclassified_Viruses	o__unclassified_Viruses	f__Anelloviridae	g__unclassified_Anelloviridae	s__Torque teno virus	t__Torque teno virus	1033	7.393073036386096	0.956424782935137	acc:MN768563.1
25-000406-54A2-DPD02-08-01-FA03-01-48.p2113_noHost_removal	37631400	k__Viruses	p__unclassified_Viruses	c__unclassified_Viruses	o__unclassified_Viruses	f__Anelloviridae	g__unclassified_Anelloviridae	s__Torque teno virus	t__unclassified_Torque teno virus	26552	187.75438466946926	0.9443973571801927	set:AJ620222
25-000406-54A2-DPD02-08-01-FA03-01-48.p2113_noHost_removal	37631400	k__Viruses	p__unclassified_Viruses	c__unclassified_Viruses	o__unclassified_Viruses	f__Anelloviridae	g__unclassified_Anelloviridae	s__unclassified_Anelloviridae	t__unclassified_Anelloviridae	158	1.4453085590614867	0.8903815201915019	set:KP343830
25-000406-54A2-DPD02-08-01-FA03-01-48.p2113_noHost_removal	37631400	k__Viruses	p__Peploviricota	c__Herviviricetes	o__Herpesvirales	f__Orthoherpesviridae	g__Lymphocryptovirus	s__Lymphocryptovirus humangamma4	t__Human gammaherpesvirus 4	163	0.02520901816846111	0.9940205313504855	GCF_002402265.1
25-000406-54A2-DPD02-08-01-FA03-01-48.p2113_noHost_removal	37631400	k__Viruses	p__Peploviricota	c__Herviviricetes	o__Herpesvirales	f__Orthoherpesviridae	g__Simplexvirus	s__Simplexvirus humanalpha1	t__Human alphaherpesvirus 1	46	0.007961231683253057	0.9863230636337462	acc:ON783215.1
25-000406-54A2-DPD02-08-01-FA03-01-48.p2113_noHost_removal	37631400	k__Viruses	p__Cossaviricota	c__Papovaviricetes	o__Zurhausenvirales	f__Papillomaviridae	g__Alphapapillomavirus	s__Alphapapillomavirus 2	t__Human papillomavirus type 10	12	0.04026804334462655	0.9983443708609272	GCF_000864905.1
25-000406-54A2-DPD02-08-01-FA03-01-48.p2113_noHost_removal	37631400	k__Viruses	p__Cossaviricota	c__Papovaviricetes	o__Zurhausenvirales	f__Papillomaviridae	g__Betapapillomavirus	s__Betapapillomavirus 1	t__human papillomavirus 36	4	0.01374020317330652	0.9867549668874173	set:JF304769
25-000406-54A2-DPD02-08-01-FA03-01-48.p2113_noHost_removal	37631400	k__Viruses	p__Cossaviricota	c__Papovaviricetes	o__Zurhausenvirales	f__Papillomaviridae	g__Gammapapillomavirus	s__Gammapapillomavirus 1	t__Human papillomavirus 4	1432	5.175211179931229	0.9976993613524269	GCF_000864845.1
25-000496-54A2-SAD01-01-01-EC01-03-04.p2113_noHost_removal	30871552	k__Viruses	p__unclassified_Viruses	c__unclassified_Viruses	o__unclassified_Viruses	f__Anelloviridae	g__Alphatorquevirus	s__Alphatorquevirus homin15	t__Torque teno virus 15	96	0.8211404846906305	0.9500957037685924	GCF_000889875.1
25-000496-54A2-SAD01-01-01-EC01-03-04.p2113_noHost_removal	30871552	k__Viruses	p__unclassified_Viruses	c__unclassified_Viruses	o__unclassified_Viruses	f__Anelloviridae	g__Betatorquevirus	s__TTV-like mini virus	t__unclassified_TTV-like mini virus	30	0.33695740724621526	0.9295035015604782	acc:MN770989.1,acc:MN770544.1
25-000496-54A2-SAD01-01-01-EC01-03-04.p2113_noHost_removal	30871552	k__Viruses	p__unclassified_Viruses	c__unclassified_Viruses	o__unclassified_Viruses	f__Anelloviridae	g__unclassified_Anelloviridae	s__Torque teno virus	t__Torque teno virus	206	1.910009964747819	0.9693209334237717	set:KP343839,set:KP343838
25-000496-54A2-SAD01-01-01-EC01-03-04.p2113_noHost_removal	30871552	k__Viruses	p__unclassified_Viruses	c__unclassified_Viruses	o__unclassified_Viruses	f__Anelloviridae	g__unclassified_Anelloviridae	s__Torque teno virus	t__unclassified_Torque teno virus	217	1.8834740263503191	0.9094014549684316	acc:MT783405.1
25-000496-54A2-SAD01-01-01-EC01-03-04.p2113_noHost_removal	30871552	k__Viruses	p__unclassified_Viruses	c__unclassified_Viruses	o__unclassified_Viruses	f__Anelloviridae	g__unclassified_Anelloviridae	s__unclassified_Anelloviridae	t__unclassified_Anelloviridae	21	0.21267366550540406	0.8798916315472607	acc:MN765195.1,set:MK820646
25-000496-54A2-SAD01-01-01-EC01-03-04.p2113_noHost_removal	30871552	k__Viruses	p__Peploviricota	c__Herviviricetes	o__Herpesvirales	f__Orthoherpesviridae	g__Lymphocryptovirus	s__Lymphocryptovirus humangamma4	t__Human gammaherpesvirus 4	2235325	421.4061938542183	0.9922300775179335	GCF_002402265.1
25-000496-54A2-SAD01-01-01-EC01-03-04.p2113_noHost_removal	30871552	k__Viruses	p__Peploviricota	c__Herviviricetes	o__Herpesvirales	f__Orthoherpesviridae	g__Roseolovirus	s__Roseolovirus humanbeta6b	t__Human betaherpesvirus 6B	1270	0.2537609175818367	0.9910019975389167	GCF_000846365.1
25-000496-54A2-SAD01-01-01-EC01-03-04.p2113_noHost_removal	30871552	k__Viruses	p__Peploviricota	c__Herviviricetes	o__Herpesvirales	f__Orthoherpesviridae	g__Roseolovirus	s__Roseolovirus humanbeta7	t__Human betaherpesvirus 7	290299	61.42831788303995	0.9975180359685499	GCF_000848125.1
25-000496-54A2-SAD01-01-01-EC01-03-04.p2113_noHost_removal	30871552	k__Viruses	p__Cossaviricota	c__Papovaviricetes	o__Zurhausenvirales	f__Papillomaviridae	g__Alphapapillomavirus	s__Alphapapillomavirus 3	t__human papillomavirus 87	39708	160.7589939127451	0.9963564158466012	acc:LR861968.1
25-000496-54A2-SAD01-01-01-EC01-03-04.p2113_noHost_removal	30871552	k__Viruses	p__Cossaviricota	c__Papovaviricetes	o__Zurhausenvirales	f__Papillomaviridae	g__unclassified_Papillomaviridae	s__Human papillomavirus	t__unclassified_Human papillomavirus	2	0.008767703724916026	0.9271523178807947	set:MH777158
25-000496-54A2-SAD01-01-01-EC01-03-04.p2113_noHost_removal	30871552	k__Viruses	p__Cossaviricota	c__Quintoviricetes	o__Piccovirales	f__Parvoviridae	g__Blattambidensovirus	s__Blattambidensovirus incertum1	t__unclassified_Blattambidensovirus incertum1	10	0.06270282890379841	0.939394234514998	GCF_001777225.1
25-000496-54A2-SAD01-01-01-EC01-03-04.p2113_noHost_removal	30871552	k__Viruses	p__Cossaviricota	c__Papovaviricetes	o__Sepolyvirales	f__Polyomaviridae	g__Alphapolyomavirus	s__Alphapolyomavirus quintihominis	t__Merkel cell polyomavirus	1109	6.668468551248897	0.9974367499226231	GCF_000874865.1
25-000496-54A2-SAD01-01-01-EC01-03-04.p2113_noHost_removal	30871552	k__Viruses	p__Artverviricota	c__Revtraviricetes	o__Ortervirales	f__Retroviridae	g__Gammaretrovirus	s__Gammaretrovirus porConc	t__unclassified_Gammaretrovirus porConc	696	2.7929915587889957	0.9406915697118664	set:AF356697
25-000496-54A2-SAD01-01-01-EC01-03-04.p2113_noHost_removal	30871552	k__Viruses	p__Kitrinoviricota	c__Tolucaviricetes	o__Tolivirales	f__Tombusviridae	g__Luteovirus	s__Luteovirus pavhordei	t__Luteovirus pavhordei	10	0.057018625966735195	0.9966887417218544	acc:OR771727.1
26-000784-54A1-UBD01-00-01-DB01-02-75.p2113_noHost_removal	364520	k__Viruses	p__Preplasmiviricota	c__Tectiliviricetes	o__Rowavirales	f__Adenoviridae	g__Mastadenovirus	s__Human mastadenovirus C	t__Human adenovirus 2	4	0.30044998484365026	0.966686056917845	set:MT277585
26-000784-54A1-UBD01-00-01-DB01-02-75.p2113_noHost_removal	364520	k__Viruses	p__Peploviricota	c__Herviviricetes	o__Herpesvirales	f__Orthoherpesviridae	g__Simplexvirus	s__Simplexvirus humanalpha1	t__Human alphaherpesvirus 1	27688	498.99110155555564	0.9915437852556555	GCF_000859985.2
26-000784-54A1-UBD01-00-01-DB01-02-75.p2113_noHost_removal	364520	k__Viruses	p__Cossaviricota	c__Papovaviricetes	o__Zurhausenvirales	f__Papillomaviridae	g__Betapapillomavirus	s__Betapapillomavirus 1	t__human papillomavirus 21	426	150.23269775309862	0.9992382551378908	set:U31779
26-000784-54A1-UBD01-00-01-DB01-02-75.p2113_noHost_removal	364520	k__Viruses	p__Cossaviricota	c__Papovaviricetes	o__Sepolyvirales	f__Polyomaviridae	g__Alphapolyomavirus	s__Alphapolyomavirus quintihominis	t__Merkel cell polyomavirus	2094	1066.371035073096	0.9901546128561344	GCF_000874865.1
25-000501-54A2-DPD02-08-01-FA03-01-72.p2113_noHost_removal	251240	k__Viruses	p__unclassified_Viruses	c__unclassified_Viruses	o__unclassified_Viruses	f__Anelloviridae	g__unclassified_Anelloviridae	s__Torque teno virus	t__Torque teno virus	59	60.50894545789293	0.9697898988612897	set:FR751497
25-000501-54A2-DPD02-08-01-FA03-01-72.p2113_noHost_removal	251240	k__Viruses	p__Peploviricota	c__Herviviricetes	o__Herpesvirales	f__Orthoherpesviridae	g__Roseolovirus	s__Roseolovirus humanbeta7	t__Human betaherpesvirus 7	1313	34.139526064126684	0.9953947619749672	GCF_000848125.1
25-000501-54A2-DPD02-08-01-FA03-01-72.p2113_noHost_removal	251240	k__Viruses	p__Cossaviricota	c__Papovaviricetes	o__Zurhausenvirales	f__Papillomaviridae	g__Betapapillomavirus	s__Betapapillomavirus 3	t__human papillomavirus 76	4	2.1090252593526357	0.9867549668874173	set:Y15174
25-000501-54A2-DPD02-08-01-FA03-01-72.p2113_noHost_removal	251240	k__Viruses	p__Duplornaviricota	c__Resentoviricetes	o__Reovirales	f__Sedoreoviridae	g__Rotavirus	s__Rotavirus alphagastroenteritidis	t__3	76	18.092081457787557	0.9747816765318018	set:1b2987b24d93718ff5e31f22fbc50a9333da61f5
26-000648-54A2-SAD01-01-01-EC01-03-38.p2113_noHost_removal	33949342	k__Viruses	p__unclassified_Viruses	c__unclassified_Viruses	o__unclassified_Viruses	f__Anelloviridae	g__Alphatorquevirus	s__unclassified_Alphatorquevirus	t__unclassified_Alphatorquevirus	6	0.05768078047229722	0.8741721854304636	GCF_002818245.1
26-000648-54A2-SAD01-01-01-EC01-03-38.p2113_noHost_removal	33949342	k__Viruses	p__unclassified_Viruses	c__unclassified_Viruses	o__unclassified_Viruses	f__Anelloviridae	g__unclassified_Anelloviridae	s__Torque teno virus	t__TT virus sle1931	4768	37.3522734662421	0.9518692595898173	set:AM712003
26-000648-54A2-SAD01-01-01-EC01-03-38.p2113_noHost_removal	33949342	k__Viruses	p__unclassified_Viruses	c__unclassified_Viruses	o__unclassified_Viruses	f__Anelloviridae	g__unclassified_Anelloviridae	s__Torque teno virus	t__Torque teno virus	906	7.361659794874381	0.9589480112684743	acc:MN768564.1,set:MK452766
26-000648-54A2-SAD01-01-01-EC01-03-38.p2113_noHost_removal	33949342	k__Viruses	p__Peploviricota	c__Herviviricetes	o__Herpesvirales	f__Orthoherpesviridae	g__Lymphocryptovirus	s__Lymphocryptovirus humangamma4	t__Human gammaherpesvirus 4	3781043	648.1849717803248	0.9912910619962328	GCF_002402265.1
26-000648-54A2-SAD01-01-01-EC01-03-38.p2113_noHost_removal	33949342	k__Viruses	p__Peploviricota	c__Herviviricetes	o__Herpesvirales	f__Orthoherpesviridae	g__Roseolovirus	s__Roseolovirus humanbeta7	t__Human betaherpesvirus 7	561	0.10794761374984058	0.9991125985778634	GCF_000848125.1
26-000648-54A2-SAD01-01-01-EC01-03-38.p2113_noHost_removal	33949342	k__Viruses	p__Peploviricota	c__Herviviricetes	o__Herpesvirales	f__Orthoherpesviridae	g__Simplexvirus	s__Simplexvirus humanalpha1	t__Human alphaherpesvirus 1	199772	38.6567939606102	0.9920233186355294	GCF_000859985.2
26-000648-54A2-SAD01-01-01-EC01-03-38.p2113_noHost_removal	33949342	k__Viruses	p__Cossaviricota	c__Papovaviricetes	o__Zurhausenvirales	f__Papillomaviridae	g__Betapapillomavirus	s__Betapapillomavirus 1	t__Betapapillomavirus 1	37	0.14435220133738172	0.9812695437938916	set:MF588677
26-000648-54A2-SAD01-01-01-EC01-03-38.p2113_noHost_removal	33949342	k__Viruses	p__Cossaviricota	c__Papovaviricetes	o__Zurhausenvirales	f__Papillomaviridae	g__Betapapillomavirus	s__Betapapillomavirus 1	t__Human papillomavirus 98	4	0.015781222552649226	0.9850993377483444	set:FM955837
26-000648-54A2-SAD01-01-01-EC01-03-38.p2113_noHost_removal	33949342	k__Viruses	p__Cossaviricota	c__Papovaviricetes	o__Zurhausenvirales	f__Papillomaviridae	g__Betapapillomavirus	s__Betapapillomavirus 1	t__Human papillomavirus type 8	8462	32.56515891447954	0.9927048036599871	set:M12737
26-000648-54A2-SAD01-01-01-EC01-03-38.p2113_noHost_removal	33949342	k__Viruses	p__Cossaviricota	c__Papovaviricetes	o__Zurhausenvirales	f__Papillomaviridae	g__Betapapillomavirus	s__Betapapillomavirus 1	t__human papillomavirus 20	3729	14.160129678311751	0.9977795133559686	set:U31778
26-000648-54A2-SAD01-01-01-EC01-03-38.p2113_noHost_removal	33949342	k__Viruses	p__Cossaviricota	c__Papovaviricetes	o__Zurhausenvirales	f__Papillomaviridae	g__Betapapillomavirus	s__Betapapillomavirus 1	t__human papillomavirus 24	18	0.07114891761961299	0.9996320824135394	set:U31782
26-000648-54A2-SAD01-01-01-EC01-03-38.p2113_noHost_removal	33949342	k__Viruses	p__Cossaviricota	c__Papovaviricetes	o__Zurhausenvirales	f__Papillomaviridae	g__Betapapillomavirus	s__Betapapillomavirus 1	t__human papillomavirus 36	95	0.3623785198108494	0.9935866155454862	set:U31785
26-000648-54A2-SAD01-01-01-EC01-03-38.p2113_noHost_removal	33949342	k__Viruses	p__Cossaviricota	c__Papovaviricetes	o__Zurhausenvirales	f__Papillomaviridae	g__Betapapillomavirus	s__Betapapillomavirus 3	t__human papillomavirus 75	6	0.023448840568809696	0.9646799116997794	set:Y15173
26-000648-54A2-SAD01-01-01-EC01-03-38.p2113_noHost_removal	33949342	k__Viruses	p__Cossaviricota	c__Papovaviricetes	o__Zurhausenvirales	f__Papillomaviridae	g__Gammapapillomavirus	s__Gammapapillomavirus 15	t__Human papillomavirus 179	10	0.040752147059379885	0.9841059602649007	GCF_000912535.1
26-000648-54A2-SAD01-01-01-EC01-03-38.p2113_noHost_removal	33949342	k__Viruses	p__Cossaviricota	c__Papovaviricetes	o__Zurhausenvirales	f__Papillomaviridae	g__unclassified_Papillomaviridae	s__Human papillomavirus	t__Human papillomavirus	11	0.041878269463579886	0.9897652016857315	set:MH777286
26-000648-54A2-SAD01-01-01-EC01-03-38.p2113_noHost_removal	33949342	k__Viruses	p__Cossaviricota	c__Papovaviricetes	o__Zurhausenvirales	f__Papillomaviridae	g__unclassified_Papillomaviridae	s__Human papillomavirus type 222	t__Human papillomavirus type 222	4	0.016195547433412935	0.990066225165563	set:MH172379
26-000648-54A2-SAD01-01-01-EC01-03-38.p2113_noHost_removal	33949342	k__Viruses	p__Artverviricota	c__Revtraviricetes	o__Ortervirales	f__Retroviridae	g__Gammaretrovirus	s__Gammaretrovirus porConc	t__unclassified_Gammaretrovirus porConc	298	1.08743610809798	0.9398448524495114	set:AF356697
25-000544-54A2-SAD01-01-01-EC01-03-25.p2113_noHost_removal	36024238	k__Viruses	p__unclassified_Viruses	c__unclassified_Viruses	o__unclassified_Viruses	f__Anelloviridae	g__Betatorquevirus	s__Betatorquevirus homini1	t__unclassified_Betatorquevirus homini1	114	1.1080308315349967	0.9475127868783226	GCF_000887355.1
25-000544-54A2-SAD01-01-01-EC01-03-25.p2113_noHost_removal	36024238	k__Viruses	p__unclassified_Viruses	c__unclassified_Viruses	o__unclassified_Viruses	f__Anelloviridae	g__Betatorquevirus	s__Betatorquevirus homini18	t__Torque teno mini virus 18	68	0.6734277551331237	0.9521171345413852	GCF_001661815.1
25-000544-54A2-SAD01-01-01-EC01-03-25.p2113_noHost_removal	36024238	k__Viruses	p__unclassified_Viruses	c__unclassified_Viruses	o__unclassified_Viruses	f__Anelloviridae	g__Betatorquevirus	s__TTV-like mini virus	t__TTV-like mini virus	1456	14.281650982558153	0.9669520408712556	acc:MN770148.1,acc:MN771078.1,acc:MN769563.1,acc:MN770472.1
25-000544-54A2-SAD01-01-01-EC01-03-25.p2113_noHost_removal	36024238	k__Viruses	p__unclassified_Viruses	c__unclassified_Viruses	o__unclassified_Viruses	f__Anelloviridae	g__Betatorquevirus	s__TTV-like mini virus	t__unclassified_TTV-like mini virus	349	3.4097920840240468	0.9188507491388473	acc:MN771373.1,acc:MN770111.1,acc:MN769083.1,acc:MN769281.1,set:AB038626,acc:MN770129.1,acc:MN769332.1,acc:MN769186.1
25-000544-54A2-SAD01-01-01-EC01-03-25.p2113_noHost_removal	36024238	k__Viruses	p__unclassified_Viruses	c__unclassified_Viruses	o__unclassified_Viruses	f__Anelloviridae	g__Betatorquevirus	s__unclassified_Betatorquevirus	t__unclassified_Betatorquevirus	9	0.08809301615128656	0.8982963371760282	acc:MN769204.1
25-000544-54A2-SAD01-01-01-EC01-03-25.p2113_noHost_removal	36024238	k__Viruses	p__unclassified_Viruses	c__unclassified_Viruses	o__unclassified_Viruses	f__Anelloviridae	g__Gammatorquevirus	s__Gammatorquevirus homidi14	t__Torque teno midi virus 14	255	2.1962666742609516	0.9540351315097035	GCF_002818765.1
25-000544-54A2-SAD01-01-01-EC01-03-25.p2113_noHost_removal	36024238	k__Viruses	p__unclassified_Viruses	c__unclassified_Viruses	o__unclassified_Viruses	f__Anelloviridae	g__unclassified_Anelloviridae	s__SEN virus	t__SEN virus	6457	46.67719596641203	0.9502735038068675	set:KM593802
25-000544-54A2-SAD01-01-01-EC01-03-25.p2113_noHost_removal	36024238	k__Viruses	p__unclassified_Viruses	c__unclassified_Viruses	o__unclassified_Viruses	f__Anelloviridae	g__unclassified_Anelloviridae	s__Torque teno virus	t__Torque teno virus	402	2.995487890788025	0.9556448991516888	set:AB064596,GCF_000893775.1
25-000544-54A2-SAD01-01-01-EC01-03-25.p2113_noHost_removal	36024238	k__Viruses	p__unclassified_Viruses	c__unclassified_Viruses	o__unclassified_Viruses	f__Anelloviridae	g__unclassified_Anelloviridae	s__Torque teno virus	t__unclassified_Torque teno virus	2192	19.184845563430848	0.9239807182664803	set:KP343843,set:FJ426280,set:KP343830
25-000544-54A2-SAD01-01-01-EC01-03-25.p2113_noHost_removal	36024238	k__Viruses	p__Cressdnaviricota	c__Arfiviricetes	o__Cirlivirales	f__Circoviridae	g__unclassified_Circoviridae	s__Human respiratory circovirus-like 1	t__Human respiratory circovirus-like 1	5937	53.981561299289375	0.9795964004081573	acc:MK674279.1
25-000544-54A2-SAD01-01-01-EC01-03-25.p2113_noHost_removal	36024238	k__Viruses	p__Peploviricota	c__Herviviricetes	o__Herpesvirales	f__Orthoherpesviridae	g__Lymphocryptovirus	s__Lymphocryptovirus humangamma4	t__Human gammaherpesvirus 4	4260308	688.2795989684471	0.9902976787398922	GCF_002402265.1
25-000544-54A2-SAD01-01-01-EC01-03-25.p2113_noHost_removal	36024238	k__Viruses	p__Peploviricota	c__Herviviricetes	o__Herpesvirales	f__Orthoherpesviridae	g__Roseolovirus	s__Roseolovirus humanbeta7	t__Human betaherpesvirus 7	320766	58.16678655435811	0.9967783971458076	GCF_000848125.1
25-000544-54A2-SAD01-01-01-EC01-03-25.p2113_noHost_removal	36024238	k__Viruses	p__Cossaviricota	c__Papovaviricetes	o__Zurhausenvirales	f__Papillomaviridae	g__Betapapillomavirus	s__Betapapillomavirus 1	t__human papillomavirus 12	20	0.07235524097630905	0.9710641069419428	set:X74466
25-000544-54A2-SAD01-01-01-EC01-03-25.p2113_noHost_removal	36024238	k__Viruses	p__Cossaviricota	c__Papovaviricetes	o__Zurhausenvirales	f__Papillomaviridae	g__Betapapillomavirus	s__Betapapillomavirus 2	t__Human papillomavirus 100	12	0.045136728781399946	0.9862030905077264	set:FM955839
25-000544-54A2-SAD01-01-01-EC01-03-25.p2113_noHost_removal	36024238	k__Viruses	p__Cossaviricota	c__Papovaviricetes	o__Zurhausenvirales	f__Papillomaviridae	g__Betapapillomavirus	s__Betapapillomavirus 2	t__Human papillomavirus 22	58	0.2185161666167937	0.9820735327700393	set:U31780
25-000544-54A2-SAD01-01-01-EC01-03-25.p2113_noHost_removal	36024238	k__Viruses	p__Cossaviricota	c__Papovaviricetes	o__Zurhausenvirales	f__Papillomaviridae	g__Betapapillomavirus	s__Betapapillomavirus 2	t__Human papillomavirus 9	50	0.18670357950336944	0.9932450331125828	GCF_000863685.1
25-000637-54A2-SAD01-01-01-EC01-03-31.p2113_noHost_removal	25866890	k__Viruses	p__unclassified_Viruses	c__unclassified_Viruses	o__unclassified_Viruses	f__Anelloviridae	g__Alphatorquevirus	s__Alphatorquevirus homin9	t__Torque teno virus 9	58	0.731804400005145	0.9755651975336841	GCF_002818245.1
25-000637-54A2-SAD01-01-01-EC01-03-31.p2113_noHost_removal	25866890	k__Viruses	p__unclassified_Viruses	c__unclassified_Viruses	o__unclassified_Viruses	f__Anelloviridae	g__Betatorquevirus	s__TTV-like mini virus	t__TTV-like mini virus	23	0.31419349139248554	0.9663723776578272	acc:MN770946.1
25-000637-54A2-SAD01-01-01-EC01-03-31.p2113_noHost_removal	25866890	k__Viruses	p__unclassified_Viruses	c__unclassified_Viruses	o__unclassified_Viruses	f__Anelloviridae	g__Betatorquevirus	s__TTV-like mini virus	t__unclassified_TTV-like mini virus	12	0.16521136764041883	0.9403973509933775	acc:MN769719.1
25-000637-54A2-SAD01-01-01-EC01-03-31.p2113_noHost_removal	25866890	k__Viruses	p__unclassified_Viruses	c__unclassified_Viruses	o__unclassified_Viruses	f__Anelloviridae	g__Betatorquevirus	s__unclassified_Betatorquevirus	t__unclassified_Betatorquevirus	17	0.22764489798184484	0.8445656408258665	acc:MN770384.1
25-000637-54A2-SAD01-01-01-EC01-03-31.p2113_noHost_removal	25866890	k__Viruses	p__unclassified_Viruses	c__unclassified_Viruses	o__unclassified_Viruses	f__Anelloviridae	g__unclassified_Anelloviridae	s__Torque teno virus	t__Torque teno virus	10	0.10378378530968593	0.9525015710349496	GCF_000893775.1
25-000637-54A2-SAD01-01-01-EC01-03-31.p2113_noHost_removal	25866890	k__Viruses	p__unclassified_Viruses	c__unclassified_Viruses	o__unclassified_Viruses	f__Anelloviridae	g__unclassified_Anelloviridae	s__Torque teno virus	t__unclassified_Torque teno virus	6424	68.54771493760967	0.9358379967642338	set:MK820644
25-000637-54A2-SAD01-01-01-EC01-03-31.p2113_noHost_removal	25866890	k__Viruses	p__Peploviricota	c__Herviviricetes	o__Herpesvirales	f__Orthoherpesviridae	g__Lymphocryptovirus	s__Lymphocryptovirus humangamma4	t__Human gammaherpesvirus 4	3337	0.7508111144198517	0.9921650941714576	GCF_002402265.1
25-000637-54A2-SAD01-01-01-EC01-03-31.p2113_noHost_removal	25866890	k__Viruses	p__Peploviricota	c__Herviviricetes	o__Herpesvirales	f__Orthoherpesviridae	g__Rhadinovirus	s__Rhadinovirus humangamma8	t__Human gammaherpesvirus 8	5691	1.5946407310232003	0.9945413168506039	GCF_000838265.1
25-000637-54A2-SAD01-01-01-EC01-03-31.p2113_noHost_removal	25866890	k__Viruses	p__Peploviricota	c__Herviviricetes	o__Herpesvirales	f__Orthoherpesviridae	g__Roseolovirus	s__Roseolovirus humanbeta6b	t__Human betaherpesvirus 6B	75	0.017885312200607906	0.9984988962472406	GCF_000846365.1
25-000637-54A2-SAD01-01-01-EC01-03-31.p2113_noHost_removal	25866890	k__Viruses	p__Peploviricota	c__Herviviricetes	o__Herpesvirales	f__Orthoherpesviridae	g__Roseolovirus	s__Roseolovirus humanbeta7	t__Human betaherpesvirus 7	5466	1.3804063790976733	0.9973111546551724	GCF_000848125.1
25-000637-54A2-SAD01-01-01-EC01-03-31.p2113_noHost_removal	25866890	k__Viruses	p__Cossaviricota	c__Papovaviricetes	o__Zurhausenvirales	f__Papillomaviridae	g__Alphapapillomavirus	s__Alphapapillomavirus 1	t__Human papillomavirus type 32	4284	20.803558191099572	0.9952507586155029	GCF_000864925.1
25-000637-54A2-SAD01-01-01-EC01-03-31.p2113_noHost_removal	25866890	k__Viruses	p__Cossaviricota	c__Papovaviricetes	o__Zurhausenvirales	f__Papillomaviridae	g__Alphapapillomavirus	s__Alphapapillomavirus 6	t__human papillomavirus 66	1752	8.656872951023418	0.9841016242108427	acc:LR861902.1
25-000637-54A2-SAD01-01-01-EC01-03-31.p2113_noHost_removal	25866890	k__Viruses	p__Cossaviricota	c__Papovaviricetes	o__Zurhausenvirales	f__Papillomaviridae	g__Gammapapillomavirus	s__Gammapapillomavirus 10	t__Human papillomavirus 180	830	4.362065228809427	0.9954435893732829	set:KC108722
25-000637-54A2-SAD01-01-01-EC01-03-31.p2113_noHost_removal	25866890	k__Viruses	p__Cossaviricota	c__Papovaviricetes	o__Sepolyvirales	f__Polyomaviridae	g__Alphapolyomavirus	s__Alphapolyomavirus quintihominis	t__Merkel cell polyomavirus	31	0.2224695119479484	0.9965819269386884	GCF_000874865.1
25-000637-54A2-SAD01-01-01-EC01-03-31.p2113_noHost_removal	25866890	k__Viruses	p__Artverviricota	c__Revtraviricetes	o__Ortervirales	f__Retroviridae	g__Gammaretrovirus	s__Gammaretrovirus porConc	t__unclassified_Gammaretrovirus porConc	121	0.5795087541341449	0.9422490574489473	set:AF356697
25-000632-54A2-DPD03-08-01-FA03-02-04.p2113_noHost_removal	28046172	k__Viruses	p__unclassified_Viruses	c__unclassified_Viruses	o__unclassified_Viruses	f__Anelloviridae	g__Alphatorquevirus	s__Alphatorquevirus homin5	t__Torque teno virus 5	10	0.11042269994297431	0.976158940397351	GCF_002818195.1
25-000632-54A2-DPD03-08-01-FA03-02-04.p2113_noHost_removal	28046172	k__Viruses	p__Peploviricota	c__Herviviricetes	o__Herpesvirales	f__Orthoherpesviridae	g__Roseolovirus	s__Roseolovirus humanbeta7	t__Human betaherpesvirus 7	75	0.01746904713789509	0.9973486229017586	GCF_000848125.1
25-000632-54A2-DPD03-08-01-FA03-02-04.p2113_noHost_removal	28046172	k__Viruses	p__Cossaviricota	c__Papovaviricetes	o__Zurhausenvirales	f__Papillomaviridae	g__Betapapillomavirus	s__Betapapillomavirus 2	t__Human papillomavirus 17	34	0.16324894338727955	0.9732592978757528	set:JN211195
25-000632-54A2-DPD03-08-01-FA03-02-04.p2113_noHost_removal	28046172	k__Viruses	p__Cossaviricota	c__Papovaviricetes	o__Zurhausenvirales	f__Papillomaviridae	g__Gammapapillomavirus	s__Gammapapillomavirus 15	t__Human papillomavirus 146	5	0.024539222169020238	0.9801324503311258	set:HM999998
25-000632-54A2-DPD03-08-01-FA03-02-04.p2113_noHost_removal	28046172	k__Viruses	p__Cossaviricota	c__Papovaviricetes	o__Zurhausenvirales	f__Papillomaviridae	g__Gammapapillomavirus	s__Gammapapillomavirus 8	t__human papillomavirus 168	16	0.07919042712179103	0.9933774834437087	set:KC862317
25-000632-54A2-DPD03-08-01-FA03-02-04.p2113_noHost_removal	28046172	k__Viruses	p__Cossaviricota	c__Quintoviricetes	o__Piccovirales	f__Parvoviridae	g__Bocaparvovirus	s__Bocaparvovirus primate2	t__Human bocavirus 2	16	0.10749723704265733	0.9917218543046359	set:JX257046
25-000632-54A2-DPD03-08-01-FA03-02-04.p2113_noHost_removal	28046172	k__Viruses	p__Cossaviricota	c__Papovaviricetes	o__Sepolyvirales	f__Polyomaviridae	g__Alphapolyomavirus	s__Alphapolyomavirus quintihominis	t__Merkel cell polyomavirus	432	2.8593227396705636	0.9931462659771592	GCF_000874865.1
25-000513-54A2-SAD01-01-01-EC01-03-21.p2113_noHost_removal	32633066	k__Viruses	p__unclassified_Viruses	c__unclassified_Viruses	o__unclassified_Viruses	f__Anelloviridae	g__Betatorquevirus	s__TTV-like mini virus	t__unclassified_TTV-like mini virus	115	1.2372923752567684	0.9355881927052259	set:AB038626,acc:MN771243.1
25-000513-54A2-SAD01-01-01-EC01-03-21.p2113_noHost_removal	32633066	k__Viruses	p__Peploviricota	c__Herviviricetes	o__Herpesvirales	f__Orthoherpesviridae	g__Lymphocryptovirus	s__Lymphocryptovirus humangamma4	t__Human herpesvirus 4 type 2	838075	148.65234195277262	0.9929276772179243	GCF_000872045.1
25-000513-54A2-SAD01-01-01-EC01-03-21.p2113_noHost_removal	32633066	k__Viruses	p__Peploviricota	c__Herviviricetes	o__Herpesvirales	f__Orthoherpesviridae	g__Roseolovirus	s__Roseolovirus humanbeta7	t__Human betaherpesvirus 7	16518	3.306595945700667	0.9973774395132953	GCF_000848125.1
25-000513-54A2-SAD01-01-01-EC01-03-21.p2113_noHost_removal	32633066	k__Viruses	p__Cossaviricota	c__Papovaviricetes	o__Zurhausenvirales	f__Papillomaviridae	g__Betapapillomavirus	s__Betapapillomavirus 1	t__Human papillomavirus 98	596	2.4462475000382202	0.9943333823242615	set:FM955837
25-000513-54A2-SAD01-01-01-EC01-03-21.p2113_noHost_removal	32633066	k__Viruses	p__Cossaviricota	c__Papovaviricetes	o__Zurhausenvirales	f__Papillomaviridae	g__unclassified_Papillomaviridae	s__Human papillomavirus	t__unclassified_Human papillomavirus	28	0.11869213101127678	0.9068464661171941	set:MH777203
25-000513-54A2-SAD01-01-01-EC01-03-21.p2113_noHost_removal	32633066	k__Viruses	p__Cossaviricota	c__Quintoviricetes	o__Piccovirales	f__Parvoviridae	g__Ambidensovirus	s__Lepidopteran ambidensovirus 1	t__Junonia coenia densovirus	898	4.657769264086872	0.9686724598453641	GCF_000861805.1
25-000513-54A2-SAD01-01-01-EC01-03-21.p2113_noHost_removal	32633066	k__Viruses	p__Cossaviricota	c__Papovaviricetes	o__Sepolyvirales	f__Polyomaviridae	g__Deltapolyomavirus	s__Deltapolyomavirus sextihominis	t__Human polyomavirus 6	245	1.524101173762596	0.976661882829945	GCF_000888495.1
26-000785-54A1-UBD01-00-01-DB01-02-77.p2113_noHost_removal	1252164	k__Viruses	p__Pisuviricota	c__Pisoniviricetes	o__Picornavirales	f__Caliciviridae	g__Sapovirus	s__Sapovirus Sapozj-9	t__Sapovirus Sapozj-9	193	20.436643418898353	0.9722755794147624	acc:MZ576278.1
26-000785-54A1-UBD01-00-01-DB01-02-77.p2113_noHost_removal	1252164	k__Viruses	p__Cossaviricota	c__Papovaviricetes	o__Sepolyvirales	f__Polyomaviridae	g__Alphapolyomavirus	s__Alphapolyomavirus quintihominis	t__Merkel cell polyomavirus	11100	1645.5640452645816	0.9911080573531909	GCF_000874865.1
25-000498-54A2-SAD01-01-01-EC01-03-06.p2113_noHost_removal	25610084	k__Viruses	p__unclassified_Viruses	c__unclassified_Viruses	o__unclassified_Viruses	f__Anelloviridae	g__unclassified_Anelloviridae	s__Torque teno midi virus	t__Torque teno midi virus	5	0.06835980233848685	0.9652777777777779	acc:MN774968.1
25-000498-54A2-SAD01-01-01-EC01-03-06.p2113_noHost_removal	25610084	k__Viruses	p__unclassified_Viruses	c__unclassified_Viruses	o__unclassified_Viruses	f__Anelloviridae	g__unclassified_Anelloviridae	s__Torque teno virus	t__Torque teno virus	51	0.5363326350344542	0.9501479347939044	acc:MN768563.1
25-000498-54A2-SAD01-01-01-EC01-03-06.p2113_noHost_removal	25610084	k__Viruses	p__unclassified_Viruses	c__unclassified_Viruses	o__unclassified_Viruses	f__Anelloviridae	g__unclassified_Anelloviridae	s__Torque teno virus	t__unclassified_Torque teno virus	1563	16.949625700835895	0.9374439122280123	set:KP343846,set:AB064597,acc:MN768564.1,acc:MT783405.1,set:MK820646,set:KP343840
25-000498-54A2-SAD01-01-01-EC01-03-06.p2113_noHost_removal	25610084	k__Viruses	p__Cressdnaviricota	c__Arfiviricetes	o__Cirlivirales	f__Circoviridae	g__unclassified_Circoviridae	s__Human respiratory circular DNA virus	t__Human respiratory circular DNA virus	6	0.07661305250963445	0.9801324503311258	acc:MN535741.1
25-000498-54A2-SAD01-01-01-EC01-03-06.p2113_noHost_removal	25610084	k__Viruses	p__Peploviricota	c__Herviviricetes	o__Herpesvirales	f__Orthoherpesviridae	g__Lymphocryptovirus	s__unclassified_Lymphocryptovirus	t__unclassified_Lymphocryptovirus	1	0.00022601421069055874	0.8543046357615894	GCF_000872045.1
25-000498-54A2-SAD01-01-01-EC01-03-06.p2113_noHost_removal	25610084	k__Viruses	p__Peploviricota	c__Herviviricetes	o__Herpesvirales	f__Orthoherpesviridae	g__Roseolovirus	s__Roseolovirus humanbeta6b	t__Human betaherpesvirus 6B	245	0.059011215431469234	0.9896589877156926	GCF_000846365.1
25-000498-54A2-SAD01-01-01-EC01-03-06.p2113_noHost_removal	25610084	k__Viruses	p__Peploviricota	c__Herviviricetes	o__Herpesvirales	f__Orthoherpesviridae	g__Roseolovirus	s__Roseolovirus humanbeta7	t__Human betaherpesvirus 7	467654	119.28757142409796	0.9982765943429102	GCF_000848125.1
25-000498-54A2-SAD01-01-01-EC01-03-06.p2113_noHost_removal	25610084	k__Viruses	p__Cossaviricota	c__Papovaviricetes	o__Zurhausenvirales	f__Papillomaviridae	g__Betapapillomavirus	s__Betapapillomavirus 1	t__human papillomavirus 24	23	0.12051579967822126	0.9815721278433635	set:U31782
25-000498-54A2-SAD01-01-01-EC01-03-06.p2113_noHost_removal	25610084	k__Viruses	p__Cossaviricota	c__Papovaviricetes	o__Zurhausenvirales	f__Papillomaviridae	g__Betapapillomavirus	s__Betapapillomavirus 2	t__Human papillomavirus 107	208	1.0740281369895117	0.9959241682244941	set:EF422221
25-000498-54A2-SAD01-01-01-EC01-03-06.p2113_noHost_removal	25610084	k__Viruses	p__Cossaviricota	c__Papovaviricetes	o__Zurhausenvirales	f__Papillomaviridae	g__Betapapillomavirus	s__Betapapillomavirus 5	t__human papillomavirus 150	18	0.09451965353999278	0.9966887417218544	set:FN677755
25-000498-54A2-SAD01-01-01-EC01-03-06.p2113_noHost_removal	25610084	k__Viruses	p__Cossaviricota	c__Papovaviricetes	o__Sepolyvirales	f__Polyomaviridae	g__Deltapolyomavirus	s__Deltapolyomavirus sextihominis	t__Human polyomavirus 6	6	0.04756043738823835	0.9922737306843268	GCF_000888495.1
25-000498-54A2-SAD01-01-01-EC01-03-06.p2113_noHost_removal	25610084	k__Viruses	p__Nucleocytoviricota	c__Pokkesviricetes	o__Chitovirales	f__Poxviridae	g__Molluscipoxvirus	s__Molluscipoxvirus molluscum	t__Molluscum contagiosum virus subtype 1	47	0.009644354626383833	0.9984500493166127	GCF_000843325.1
25-000502-54A2-DPD01-08-01-FA03-01-76.p2113_noHost_removal	22696340	k__Viruses	p__unclassified_Viruses	c__unclassified_Viruses	o__unclassified_Viruses	f__Anelloviridae	g__unclassified_Anelloviridae	s__Torque teno virus	t__Torque teno virus	16	0.20124449844362047	0.9958609271523179	acc:MN765198.1
25-000502-54A2-DPD01-08-01-FA03-01-76.p2113_noHost_removal	22696340	k__Viruses	p__unclassified_Viruses	c__unclassified_Viruses	o__unclassified_Viruses	f__Anelloviridae	g__unclassified_Anelloviridae	s__Torque teno virus	t__unclassified_Torque teno virus	934	10.534014465696167	0.9265210288574222	acc:PP374832.1,set:JN980171
25-000502-54A2-DPD01-08-01-FA03-01-76.p2113_noHost_removal	22696340	k__Viruses	p__Peploviricota	c__Herviviricetes	o__Herpesvirales	f__Orthoherpesviridae	g__Lymphocryptovirus	s__Lymphocryptovirus humangamma4	t__Human gammaherpesvirus 4	8933	2.2906577616947406	0.9898133953699211	GCF_002402265.1
25-000506-54A2-DPD01-08-01-FA03-01-78.p2113_noHost_removal	55068272	k__Viruses	p__Preplasmiviricota	c__Tectiliviricetes	o__Rowavirales	f__Adenoviridae	g__Siadenovirus	s__Turkey siadenovirus A	t__Turkey adenovirus 3	5	0.0034537785587717374	1.0	acc:MT603863.1
25-000506-54A2-DPD01-08-01-FA03-01-78.p2113_noHost_removal	55068272	k__Viruses	p__unclassified_Viruses	c__unclassified_Viruses	o__unclassified_Viruses	f__Anelloviridae	g__Alphatorquevirus	s__Alphatorquevirus homin10	t__Torque teno virus 10	105	0.5061651380840336	0.9893446487505877	set:GU797360
25-000506-54A2-DPD01-08-01-FA03-01-78.p2113_noHost_removal	55068272	k__Viruses	p__unclassified_Viruses	c__unclassified_Viruses	o__unclassified_Viruses	f__Anelloviridae	g__Gyrovirus	s__Gyrovirus chickenanemia	t__Chicken anemia virus	9	0.07121285061298056	0.9801324503311258	set:MH186137
25-000506-54A2-DPD01-08-01-FA03-01-78.p2113_noHost_removal	55068272	k__Viruses	p__unclassified_Viruses	c__unclassified_Viruses	o__unclassified_Viruses	f__Anelloviridae	g__unclassified_Anelloviridae	s__SEN virus	t__SEN virus	8822	41.71904710090292	0.9510539877782249	set:KM593802
25-000506-54A2-DPD01-08-01-FA03-01-78.p2113_noHost_removal	55068272	k__Viruses	p__unclassified_Viruses	c__unclassified_Viruses	o__unclassified_Viruses	f__Anelloviridae	g__unclassified_Anelloviridae	s__Torque teno virus	t__Torque teno virus	369	1.9416902864179675	0.9820651694851478	acc:MN768561.1
25-000506-54A2-DPD01-08-01-FA03-01-78.p2113_noHost_removal	55068272	k__Viruses	p__Pisuviricota	c__Pisoniviricetes	o__Nidovirales	f__Coronaviridae	g__Betacoronavirus	s__Betacoronavirus hongkongense	t__Human coronavirus HKU1	14	0.008497555875671522	1.0	acc:OZ030608.1
25-000506-54A2-DPD01-08-01-FA03-01-78.p2113_noHost_removal	55068272	k__Viruses	p__Peploviricota	c__Herviviricetes	o__Herpesvirales	f__Orthoherpesviridae	g__Lymphocryptovirus	s__Lymphocryptovirus humangamma4	t__Human gammaherpesvirus 4	7551	0.7980346049105599	0.9914609476007017	GCF_002402265.1
25-000506-54A2-DPD01-08-01-FA03-01-78.p2113_noHost_removal	55068272	k__Viruses	p__Peploviricota	c__Herviviricetes	o__Herpesvirales	f__Orthoherpesviridae	g__Roseolovirus	s__Roseolovirus humanbeta7	t__Human betaherpesvirus 7	58	0.0068803113441728665	0.9993149120803837	GCF_000848125.1
25-000506-54A2-DPD01-08-01-FA03-01-78.p2113_noHost_removal	55068272	k__Viruses	p__Cossaviricota	c__Papovaviricetes	o__Zurhausenvirales	f__Papillomaviridae	g__unclassified_Papillomaviridae	s__Human papillomavirus	t__Human papillomavirus	16	0.040153182766854714	0.9713302752293582	set:MH777299
25-000506-54A2-DPD01-08-01-FA03-01-78.p2113_noHost_removal	55068272	k__Viruses	p__Pisuviricota	c__Pisoniviricetes	o__Sobelivirales	f__Solemoviridae	g__Polerovirus	s__Polerovirus TUYV	t__Turnip yellows virus	320	1.023238001412082	0.9800389440543237	set:LR584025
25-000636-54A2-SAD01-01-01-EC01-03-30.p2113_noHost_removal	28035046	k__Viruses	p__Peploviricota	c__Herviviricetes	o__Herpesvirales	f__Orthoherpesviridae	g__Lymphocryptovirus	s__Lymphocryptovirus humangamma4	t__Human gammaherpesvirus 4	80	0.016607620662697144	0.9942052980132452	GCF_002402265.1
25-000636-54A2-SAD01-01-01-EC01-03-30.p2113_noHost_removal	28035046	k__Viruses	p__Peploviricota	c__Herviviricetes	o__Herpesvirales	f__Orthoherpesviridae	g__Roseolovirus	s__Roseolovirus humanbeta6b	t__Human betaherpesvirus 6B	12	0.0026403375449929782	0.9966887417218544	GCF_000846365.1
25-000636-54A2-SAD01-01-01-EC01-03-30.p2113_noHost_removal	28035046	k__Viruses	p__Peploviricota	c__Herviviricetes	o__Herpesvirales	f__Orthoherpesviridae	g__Roseolovirus	s__Roseolovirus humanbeta7	t__Human betaherpesvirus 7	2243	0.5226483058775631	0.9972853633649873	GCF_000848125.1
25-000518-54A2-DPD01-08-01-FA03-01-62.p2113_noHost_removal	29590166	k__Viruses	p__Cressdnaviricota	c__Arfiviricetes	o__Cirlivirales	f__Circoviridae	g__unclassified_Circoviridae	s__Human respiratory circular DNA virus	t__Human respiratory circular DNA virus	1742	19.47433344951225	0.9831157070856441	acc:MN535740.1
25-000518-54A2-DPD01-08-01-FA03-01-62.p2113_noHost_removal	29590166	k__Viruses	p__Kitrinoviricota	c__Alsuviricetes	o__Hepelivirales	f__Hepeviridae	g__Orthohepevirus	s__Zhejiang orthohepevirus	t__unclassified_Zhejiang orthohepevirus	6	0.02986304402767401	0.9387755102040817	acc:MW897150.1
25-000518-54A2-DPD01-08-01-FA03-01-62.p2113_noHost_removal	29590166	k__Viruses	p__Peploviricota	c__Herviviricetes	o__Herpesvirales	f__Orthoherpesviridae	g__Roseolovirus	s__Roseolovirus humanbeta7	t__Human betaherpesvirus 7	2252	0.49716727122058785	0.9974302138633439	GCF_000848125.1
25-000518-54A2-DPD01-08-01-FA03-01-62.p2113_noHost_removal	29590166	k__Viruses	p__Cossaviricota	c__Papovaviricetes	o__Zurhausenvirales	f__Papillomaviridae	g__Gammapapillomavirus	s__Gammapapillomavirus 9	t__Gammapapillomavirus 9	10	0.04656884592988529	0.9958073626801713	set:MF588712
25-000518-54A2-DPD01-08-01-FA03-01-62.p2113_noHost_removal	29590166	k__Viruses	p__Artverviricota	c__Revtraviricetes	o__Ortervirales	f__Retroviridae	g__unclassified_Retroviridae	s__Citrus blight-associated pararetrovirus	t__Citrus blight-associated pararetrovirus	72	0.3359437839810684	0.951276512584998	acc:MZ330114.1
25-000518-54A2-DPD01-08-01-FA03-01-62.p2113_noHost_removal	29590166	k__Viruses	p__Duplornaviricota	c__Resentoviricetes	o__Reovirales	f__Spinareoviridae	g__Aquareovirus	s__Aquareovirus salmonis	t__unclassified_Aquareovirus salmonis	71	0.10425573825259876	0.9467958249431675	GCF_000866805.1
25-000504-54A2-SAD01-01-01-EC01-03-12.p2113_noHost_removal	31353652	k__Viruses	p__unclassified_Viruses	c__unclassified_Viruses	o__unclassified_Viruses	f__Anelloviridae	g__Betatorquevirus	s__TTV-like mini virus	t__unclassified_TTV-like mini virus	55	0.6178871497503787	0.944486072791377	acc:MN770967.1
25-000504-54A2-SAD01-01-01-EC01-03-12.p2113_noHost_removal	31353652	k__Viruses	p__unclassified_Viruses	c__unclassified_Viruses	o__unclassified_Viruses	f__Anelloviridae	g__unclassified_Anelloviridae	s__Torque teno virus	t__unclassified_Torque teno virus	456	3.9882070924512116	0.9206684255554275	acc:OP985294.1,set:MK820645,set:MK820646
25-000504-54A2-SAD01-01-01-EC01-03-12.p2113_noHost_removal	31353652	k__Viruses	p__Peploviricota	c__Herviviricetes	o__Herpesvirales	f__Orthoherpesviridae	g__Lymphocryptovirus	s__Lymphocryptovirus humangamma4	t__Human gammaherpesvirus 4	2914838	541.0594559475129	0.9917013556500662	GCF_002402265.1
25-000504-54A2-SAD01-01-01-EC01-03-12.p2113_noHost_removal	31353652	k__Viruses	p__Peploviricota	c__Herviviricetes	o__Herpesvirales	f__Orthoherpesviridae	g__Roseolovirus	s__Roseolovirus humanbeta6b	t__Human betaherpesvirus 6B	19	0.0037380486172676666	0.9710249228292515	GCF_000846365.1
25-000504-54A2-SAD01-01-01-EC01-03-12.p2113_noHost_removal	31353652	k__Viruses	p__Cossaviricota	c__Papovaviricetes	o__Zurhausenvirales	f__Papillomaviridae	g__Betapapillomavirus	s__Betapapillomavirus 1	t__human papillomavirus 36	29	0.11977883008664365	0.9997716373601279	set:U31785
25-000504-54A2-SAD01-01-01-EC01-03-12.p2113_noHost_removal	31353652	k__Viruses	p__Cossaviricota	c__Papovaviricetes	o__Zurhausenvirales	f__Papillomaviridae	g__Betapapillomavirus	s__Betapapillomavirus 2	t__Human papillomavirus 100	10	0.04321708839963846	1.0	set:FM955839
25-000504-54A2-SAD01-01-01-EC01-03-12.p2113_noHost_removal	31353652	k__Viruses	p__Cossaviricota	c__Papovaviricetes	o__Zurhausenvirales	f__Papillomaviridae	g__Gammapapillomavirus	s__Gammapapillomavirus sp.	t__Gammapapillomavirus sp.	26	0.11426891170073897	1.0	GCF_004131525.1
25-000504-54A2-SAD01-01-01-EC01-03-12.p2113_noHost_removal	31353652	k__Viruses	p__Cossaviricota	c__Papovaviricetes	o__Zurhausenvirales	f__Papillomaviridae	g__Gammapapillomavirus	s__Human papillomavirus KC5	t__Human papillomavirus KC5	6	0.0267906016286713	0.9898313841529286	GCF_000989155.1
25-000504-54A2-SAD01-01-01-EC01-03-12.p2113_noHost_removal	31353652	k__Viruses	p__Cossaviricota	c__Papovaviricetes	o__Zurhausenvirales	f__Papillomaviridae	g__unclassified_Papillomaviridae	s__Human papillomavirus	t__Human papillomavirus	92	0.4066041586409007	0.9890413118889941	set:MH777247,set:MG869605,set:MH777163
25-000504-54A2-SAD01-01-01-EC01-03-12.p2113_noHost_removal	31353652	k__Viruses	p__Cossaviricota	c__Quintoviricetes	o__Piccovirales	f__Parvoviridae	g__Protoparvovirus	s__Protoparvovirus primate3	t__Cutavirus	72	0.5153463216344679	0.9857023857641806	GCF_003033315.1
25-000501-54A2-DPD01-08-01-FA03-01-71.p2113_noHost_removal	36617984	k__Viruses	p__unclassified_Viruses	c__unclassified_Viruses	o__unclassified_Viruses	f__Anelloviridae	g__Alphatorquevirus	s__Alphatorquevirus homin13	t__Torque teno virus 13	231	1.9047028042721903	0.9596704662772788	GCF_002818305.1
25-000501-54A2-DPD01-08-01-FA03-01-71.p2113_noHost_removal	36617984	k__Viruses	p__unclassified_Viruses	c__unclassified_Viruses	o__unclassified_Viruses	f__Anelloviridae	g__Alphatorquevirus	s__Alphatorquevirus homin29	t__Torque teno virus 29	6	0.04457397006733387	0.9768211920529802	GCF_002818425.1
25-000501-54A2-DPD01-08-01-FA03-01-71.p2113_noHost_removal	36617984	k__Viruses	p__unclassified_Viruses	c__unclassified_Viruses	o__unclassified_Viruses	f__Anelloviridae	g__Alphatorquevirus	s__Torque teno virus 16	t__unclassified_Torque teno virus 16	385	2.7537871868995523	0.9446809674189867	GCF_000889855.1
25-000501-54A2-DPD01-08-01-FA03-01-71.p2113_noHost_removal	36617984	k__Viruses	p__unclassified_Viruses	c__unclassified_Viruses	o__unclassified_Viruses	f__Anelloviridae	g__Betatorquevirus	s__TTV-like mini virus	t__unclassified_TTV-like mini virus	26	0.2526810061183572	0.9228222109016817	acc:MN769438.1
25-000501-54A2-DPD01-08-01-FA03-01-71.p2113_noHost_removal	36617984	k__Viruses	p__unclassified_Viruses	c__unclassified_Viruses	o__unclassified_Viruses	f__Anelloviridae	g__unclassified_Anelloviridae	s__Anellovirus D_HF7_66	t__Anellovirus D_HF7_66	1097	7.906560377512479	0.9597276280648681	acc:OR148955.1
25-000501-54A2-DPD01-08-01-FA03-01-71.p2113_noHost_removal	36617984	k__Viruses	p__unclassified_Viruses	c__unclassified_Viruses	o__unclassified_Viruses	f__Anelloviridae	g__unclassified_Anelloviridae	s__Torque teno virus	t__Torque teno virus	235	1.7072656638453068	0.9733954478886514	set:AJ620232
25-000501-54A2-DPD01-08-01-FA03-01-71.p2113_noHost_removal	36617984	k__Viruses	p__unclassified_Viruses	c__unclassified_Viruses	o__unclassified_Viruses	f__Anelloviridae	g__unclassified_Anelloviridae	s__Torque teno virus	t__unclassified_Torque teno virus	61	0.453460229921196	0.9441152550249796	set:AF129887,set:KP343858
25-000501-54A2-DPD01-08-01-FA03-01-71.p2113_noHost_removal	36617984	k__Viruses	p__unclassified_Viruses	c__unclassified_Viruses	o__unclassified_Viruses	f__Anelloviridae	g__unclassified_Anelloviridae	s__unclassified_Anelloviridae	t__unclassified_Anelloviridae	45	0.40489396037238357	0.8874765213257096	set:KP343843,set:KP343846
25-000501-54A2-DPD01-08-01-FA03-01-71.p2113_noHost_removal	36617984	k__Viruses	p__Peploviricota	c__Herviviricetes	o__Herpesvirales	f__Orthoherpesviridae	g__Lymphocryptovirus	s__Lymphocryptovirus humangamma4	t__Human gammaherpesvirus 4	248	0.0394163088992207	0.9956757154817212	GCF_002402265.1
25-000501-54A2-DPD01-08-01-FA03-01-71.p2113_noHost_removal	36617984	k__Viruses	p__Peploviricota	c__Herviviricetes	o__Herpesvirales	f__Orthoherpesviridae	g__Roseolovirus	s__Roseolovirus humanbeta7	t__Human betaherpesvirus 7	11584	2.0665487973605785	0.9971628054958346	GCF_000848125.1
25-000501-54A2-DPD01-08-01-FA03-01-71.p2113_noHost_removal	36617984	k__Viruses	p__Peploviricota	c__Herviviricetes	o__Herpesvirales	f__Orthoherpesviridae	g__Simplexvirus	s__Simplexvirus humanalpha2	t__Human alphaherpesvirus 2	4	0.0007062288194279159	1.0	GCF_000858385.2
26-000781-54A1-UBD01-00-02-DB01-02-71.p2113_noHost_removal	603316	k__Viruses	p__unclassified_Viruses	c__unclassified_Viruses	o__unclassified_Viruses	f__Anelloviridae	g__unclassified_Anelloviridae	s__Torque teno virus	t__Torque teno virus	125	55.22075501392793	0.967649028020549	set:FR848326
26-000781-54A1-UBD01-00-02-DB01-02-71.p2113_noHost_removal	603316	k__Viruses	p__unclassified_Viruses	c__unclassified_Viruses	o__unclassified_Viruses	f__Anelloviridae	g__unclassified_Anelloviridae	s__Torque teno virus	t__unclassified_Torque teno virus	339	155.09097318985442	0.9464601368632729	set:MK820644
26-000781-54A1-UBD01-00-02-DB01-02-71.p2113_noHost_removal	603316	k__Viruses	p__Peploviricota	c__Herviviricetes	o__Herpesvirales	f__Orthoherpesviridae	g__Lymphocryptovirus	s__Lymphocryptovirus humangamma4	t__Human herpesvirus 4 type 2	176	1.6885525232088785	0.9997952597655558	GCF_000872045.1
26-000781-54A1-UBD01-00-02-DB01-02-71.p2113_noHost_removal	603316	k__Viruses	p__Peploviricota	c__Herviviricetes	o__Herpesvirales	f__Orthoherpesviridae	g__Roseolovirus	s__Roseolovirus humanbeta7	t__Human betaherpesvirus 7	164	1.7757447996451656	0.9991933224640608	GCF_000848125.1
26-000781-54A1-UBD01-00-02-DB01-02-71.p2113_noHost_removal	603316	k__Viruses	p__Cossaviricota	c__Papovaviricetes	o__Zurhausenvirales	f__Papillomaviridae	g__Betapapillomavirus	s__Betapapillomavirus 2	t__Human papillomavirus 110	190	42.42572742484596	0.9994074590449634	set:EU410348
26-000781-54A1-UBD01-00-02-DB01-02-71.p2113_noHost_removal	603316	k__Viruses	p__Cossaviricota	c__Papovaviricetes	o__Zurhausenvirales	f__Papillomaviridae	g__Dyothetapapillomavirus	s__Dyothetapapillomavirus 1	t__Felis domesticus papillomavirus 2	1746	366.3762241602246	0.9971748253488162	GCF_002826945.1
26-000781-54A1-UBD01-00-02-DB01-02-71.p2113_noHost_removal	603316	k__Viruses	p__Cossaviricota	c__Papovaviricetes	o__Zurhausenvirales	f__Papillomaviridae	g__Gammapapillomavirus	s__Gammapapillomavirus 11	t__Human papillomavirus 169	473	108.10816661908201	0.9917942170917894	set:JX413105
26-000781-54A1-UBD01-00-02-DB01-02-71.p2113_noHost_removal	603316	k__Viruses	p__Cossaviricota	c__Papovaviricetes	o__Zurhausenvirales	f__Papillomaviridae	g__unclassified_Papillomaviridae	s__Human papillomavirus	t__Human papillomavirus	39	8.966949801279563	0.9728307013075231	set:MH777166
26-000781-54A1-UBD01-00-02-DB01-02-71.p2113_noHost_removal	603316	k__Viruses	p__Pisuviricota	c__Pisoniviricetes	o__Picornavirales	f__Picornaviridae	g__Enterovirus	s__unclassified_Enterovirus	t__unclassified_Enterovirus	51	11.951479613657726	0.8607972990520705	acc:OM001346.1
26-000781-54A1-UBD01-00-02-DB01-02-71.p2113_noHost_removal	603316	k__Viruses	p__Cossaviricota	c__Papovaviricetes	o__Sepolyvirales	f__Polyomaviridae	g__Alphapolyomavirus	s__Alphapolyomavirus quintihominis	t__Merkel cell polyomavirus	4221	1298.7439384303534	0.988799372480582	GCF_000874865.1
25-000510-54A2-DPD02-08-01-FA03-02-01.p2113_noHost_removal	36252062	k__Viruses	p__Peploviricota	c__Herviviricetes	o__Herpesvirales	f__Orthoherpesviridae	g__Lymphocryptovirus	s__Lymphocryptovirus humangamma4	t__Human gammaherpesvirus 4	322	0.05169420492957867	0.9924519764715537	GCF_002402265.1
25-000510-54A2-DPD02-08-01-FA03-02-01.p2113_noHost_removal	36252062	k__Viruses	p__Cossaviricota	c__Papovaviricetes	o__Sepolyvirales	f__Polyomaviridae	g__Alphapolyomavirus	s__Alphapolyomavirus quintihominis	t__Merkel cell polyomavirus	524	2.6831910544791273	0.9886226306433801	GCF_000874865.1
26-000644-54A2-SAD01-01-01-EC01-03-36.p2113_noHost_removal	31438918	k__Viruses	p__unclassified_Viruses	c__unclassified_Viruses	o__unclassified_Viruses	f__Anelloviridae	g__Alphatorquevirus	s__Alphatorquevirus homin9	t__Torque teno virus 9	29	0.301052089586052	0.9593514501027641	GCF_002818245.1
26-000644-54A2-SAD01-01-01-EC01-03-36.p2113_noHost_removal	31438918	k__Viruses	p__unclassified_Viruses	c__unclassified_Viruses	o__unclassified_Viruses	f__Anelloviridae	g__Betatorquevirus	s__TTV-like mini virus	t__TTV-like mini virus	197	2.2179283764494886	0.9743250984972842	acc:MN770148.1,acc:MN771078.1
26-000644-54A2-SAD01-01-01-EC01-03-36.p2113_noHost_removal	31438918	k__Viruses	p__unclassified_Viruses	c__unclassified_Viruses	o__unclassified_Viruses	f__Anelloviridae	g__Betatorquevirus	s__TTV-like mini virus	t__unclassified_TTV-like mini virus	930	10.462067296006449	0.9487921199860418	acc:MN771212.1,acc:MN770101.1
26-000644-54A2-SAD01-01-01-EC01-03-36.p2113_noHost_removal	31438918	k__Viruses	p__unclassified_Viruses	c__unclassified_Viruses	o__unclassified_Viruses	f__Anelloviridae	g__unclassified_Anelloviridae	s__Torque teno midi virus	t__unclassified_Torque teno midi virus	24	0.23503234308433749	0.9400536099479764	acc:OP549859.1
26-000644-54A2-SAD01-01-01-EC01-03-36.p2113_noHost_removal	31438918	k__Viruses	p__unclassified_Viruses	c__unclassified_Viruses	o__unclassified_Viruses	f__Anelloviridae	g__unclassified_Anelloviridae	s__Torque teno virus	t__Torque teno virus	9684	79.39186310655883	0.9620413427654675	set:KP343844,set:KP343843,set:FR751497,set:AY823989,set:KP343840
26-000644-54A2-SAD01-01-01-EC01-03-36.p2113_noHost_removal	31438918	k__Viruses	p__unclassified_Viruses	c__unclassified_Viruses	o__unclassified_Viruses	f__Anelloviridae	g__unclassified_Anelloviridae	s__Torque teno virus	t__unclassified_Torque teno virus	116	1.2523074239987555	0.9340381469038611	set:KP343830,set:MK820645
26-000644-54A2-SAD01-01-01-EC01-03-36.p2113_noHost_removal	31438918	k__Viruses	p__unclassified_Viruses	c__unclassified_Viruses	o__unclassified_Viruses	f__Anelloviridae	g__unclassified_Anelloviridae	s__unclassified_Anelloviridae	t__unclassified_Anelloviridae	31	0.33907806855335537	0.8796421881497937	set:MK820646
26-000644-54A2-SAD01-01-01-EC01-03-36.p2113_noHost_removal	31438918	k__Viruses	p__Cressdnaviricota	c__Arfiviricetes	o__Cirlivirales	f__Circoviridae	g__unclassified_Circoviridae	s__Human respiratory circular DNA virus	t__unclassified_Human respiratory circular DNA virus	590	6.20792231364232	0.9343486662994576	acc:MN535740.1
26-000644-54A2-SAD01-01-01-EC01-03-36.p2113_noHost_removal	31438918	k__Viruses	p__Peploviricota	c__Herviviricetes	o__Herpesvirales	f__Orthoherpesviridae	g__Lymphocryptovirus	s__Lymphocryptovirus humangamma4	t__Human herpesvirus 4 type 2	17972	3.308838484067197	0.991055454018956	GCF_000872045.1
26-000644-54A2-SAD01-01-01-EC01-03-36.p2113_noHost_removal	31438918	k__Viruses	p__Peploviricota	c__Herviviricetes	o__Herpesvirales	f__Orthoherpesviridae	g__Roseolovirus	s__Roseolovirus humanbeta7	t__Human betaherpesvirus 7	18254	3.792905318806218	0.9976776907393442	GCF_000848125.1
26-000644-54A2-SAD01-01-01-EC01-03-36.p2113_noHost_removal	31438918	k__Viruses	p__Cossaviricota	c__Papovaviricetes	o__Zurhausenvirales	f__Papillomaviridae	g__Alphapapillomavirus	s__Alphapapillomavirus 2	t__Human papillomavirus 28	85	0.3396978749357326	0.9974007648939014	set:U31783
26-000644-54A2-SAD01-01-01-EC01-03-36.p2113_noHost_removal	31438918	k__Viruses	p__Cossaviricota	c__Papovaviricetes	o__Zurhausenvirales	f__Papillomaviridae	g__Betapapillomavirus	s__Betapapillomavirus 1	t__human papillomavirus 12	5659	23.458860071366786	0.978073426425177	set:X74466
26-000644-54A2-SAD01-01-01-EC01-03-36.p2113_noHost_removal	31438918	k__Viruses	p__Cossaviricota	c__Papovaviricetes	o__Zurhausenvirales	f__Papillomaviridae	g__Betapapillomavirus	s__Betapapillomavirus 1	t__human papillomavirus 124	46	0.19537383893902557	0.9896343219118918	set:GQ845446
26-000644-54A2-SAD01-01-01-EC01-03-36.p2113_noHost_removal	31438918	k__Viruses	p__Cossaviricota	c__Papovaviricetes	o__Zurhausenvirales	f__Papillomaviridae	g__Gammapapillomavirus	s__Gammapapillomavirus 22	t__Gammapapillomavirus 22	95	0.413426254059511	0.9949808295573372	set:MF588738
26-000644-54A2-SAD01-01-01-EC01-03-36.p2113_noHost_removal	31438918	k__Viruses	p__Cossaviricota	c__Papovaviricetes	o__Zurhausenvirales	f__Papillomaviridae	g__Gammapapillomavirus	s__Gammapapillomavirus 8	t__human papillomavirus 147	141237	621.8750827944926	0.971675243688388	set:HM999999
26-000644-54A2-SAD01-01-01-EC01-03-36.p2113_noHost_removal	31438918	k__Viruses	p__Cossaviricota	c__Papovaviricetes	o__Zurhausenvirales	f__Papillomaviridae	g__Gammapapillomavirus	s__Gammapapillomavirus sp.	t__Gammapapillomavirus sp.	7928	34.74865089139414	0.9955163412240202	GCF_004131525.1,GCF_004131645.1
26-000644-54A2-SAD01-01-01-EC01-03-36.p2113_noHost_removal	31438918	k__Viruses	p__Cossaviricota	c__Papovaviricetes	o__Sepolyvirales	f__Polyomaviridae	g__Alphapolyomavirus	s__Alphapolyomavirus quintihominis	t__Merkel cell polyomavirus	11348	67.00462186154019	0.9982025961213868	GCF_000874865.1
26-000644-54A2-SAD01-01-01-EC01-03-36.p2113_noHost_removal	31438918	k__Viruses	p__Cossaviricota	c__Papovaviricetes	o__Sepolyvirales	f__Polyomaviridae	g__Deltapolyomavirus	s__Deltapolyomavirus sextihominis	t__Human polyomavirus 6	2	0.012914214547603333	0.9801324503311258	GCF_000888495.1
26-000644-54A2-SAD01-01-01-EC01-03-36.p2113_noHost_removal	31438918	k__Viruses	p__Artverviricota	c__Revtraviricetes	o__Ortervirales	f__Retroviridae	g__Lentivirus	s__Lentivirus humimdef1	t__Human immunodeficiency virus 1	13	0.04614442981806842	0.9602649006622516	set:EU786677
25-000508-54A2-SAD01-01-01-EC01-03-16.p2113_noHost_removal	49621126	k__Viruses	p__Peploviricota	c__Herviviricetes	o__Herpesvirales	f__Orthoherpesviridae	g__Lymphocryptovirus	s__Lymphocryptovirus humangamma4	t__Human herpesvirus 4 type 2	18855375	2199.4561523281973	0.9931929644764127	GCF_000872045.1
25-000508-54A2-SAD01-01-01-EC01-03-16.p2113_noHost_removal	49621126	k__Viruses	p__Peploviricota	c__Herviviricetes	o__Herpesvirales	f__Orthoherpesviridae	g__Roseolovirus	s__Roseolovirus humanbeta6b	t__Human betaherpesvirus 6B	5	0.0006215597274821786	1.0	GCF_000846365.1
25-000508-54A2-SAD01-01-01-EC01-03-16.p2113_noHost_removal	49621126	k__Viruses	p__Peploviricota	c__Herviviricetes	o__Herpesvirales	f__Orthoherpesviridae	g__Roseolovirus	s__Roseolovirus humanbeta7	t__Human betaherpesvirus 7	3035	0.399552292476188	0.9966524365621179	GCF_000848125.1
25-000508-54A2-SAD01-01-01-EC01-03-16.p2113_noHost_removal	49621126	k__Viruses	p__Cossaviricota	c__Papovaviricetes	o__Zurhausenvirales	f__Papillomaviridae	g__Mupapillomavirus	s__Mupapillomavirus 1	t__Mupapillomavirus 1	7	0.018051048896412576	0.9933774834437087	GCF_000866405.1
25-000406-54A2-DPD03-08-01-FA03-01-49.p2113_noHost_removal	14297204	k__Viruses	p__unclassified_Viruses	c__unclassified_Viruses	o__unclassified_Viruses	f__Anelloviridae	g__Alphatorquevirus	s__Alphatorquevirus homin10	t__unclassified_Alphatorquevirus homin10	1259	23.357871555998628	0.9421855539087732	GCF_000887255.1
25-000406-54A2-DPD03-08-01-FA03-01-49.p2113_noHost_removal	14297204	k__Viruses	p__unclassified_Viruses	c__unclassified_Viruses	o__unclassified_Viruses	f__Anelloviridae	g__Betatorquevirus	s__TTV-like mini virus	t__TTV-like mini virus	515	12.399665751046614	0.9655486957804366	acc:MN771205.1
25-000406-54A2-DPD03-08-01-FA03-01-49.p2113_noHost_removal	14297204	k__Viruses	p__unclassified_Viruses	c__unclassified_Viruses	o__unclassified_Viruses	f__Anelloviridae	g__Betatorquevirus	s__unclassified_Betatorquevirus	t__unclassified_Betatorquevirus	73	1.793238678703968	0.8618995889738897	acc:MN770071.1,acc:MN771117.1,acc:MN769782.1
25-000406-54A2-DPD03-08-01-FA03-01-49.p2113_noHost_removal	14297204	k__Viruses	p__unclassified_Viruses	c__unclassified_Viruses	o__unclassified_Viruses	f__Anelloviridae	g__unclassified_Anelloviridae	s__Torque teno midi virus	t__unclassified_Torque teno midi virus	832	17.916624500005756	0.9494112429552575	acc:OP549859.1
25-000406-54A2-DPD03-08-01-FA03-01-49.p2113_noHost_removal	14297204	k__Viruses	p__unclassified_Viruses	c__unclassified_Viruses	o__unclassified_Viruses	f__Anelloviridae	g__unclassified_Anelloviridae	s__Torque teno virus	t__Torque teno virus	26	0.4975478486321707	0.9640855832908819	acc:MN768562.1
25-000406-54A2-DPD03-08-01-FA03-01-49.p2113_noHost_removal	14297204	k__Viruses	p__unclassified_Viruses	c__unclassified_Viruses	o__unclassified_Viruses	f__Anelloviridae	g__unclassified_Anelloviridae	s__Torque teno virus	t__unclassified_Torque teno virus	12532	233.38170912292665	0.9464790308825155	set:KP343830,set:AJ620222
25-000406-54A2-DPD03-08-01-FA03-01-49.p2113_noHost_removal	14297204	k__Viruses	p__Peploviricota	c__Herviviricetes	o__Herpesvirales	f__Orthoherpesviridae	g__Lymphocryptovirus	s__Lymphocryptovirus humangamma4	t__Human herpesvirus 4 type 2	5126	2.0752682281750947	0.993416140295492	GCF_000872045.1
25-000406-54A2-DPD03-08-01-FA03-01-49.p2113_noHost_removal	14297204	k__Viruses	p__Peploviricota	c__Herviviricetes	o__Herpesvirales	f__Orthoherpesviridae	g__Roseolovirus	s__Roseolovirus humanbeta6b	t__Human betaherpesvirus 6B	24	0.010354749716015134	0.9988353785222698	GCF_000846365.1
25-000406-54A2-DPD03-08-01-FA03-01-49.p2113_noHost_removal	14297204	k__Viruses	p__Peploviricota	c__Herviviricetes	o__Herpesvirales	f__Orthoherpesviridae	g__Roseolovirus	s__Roseolovirus humanbeta7	t__Human betaherpesvirus 7	402	0.18367772242611574	0.9971172160999724	GCF_000848125.1
25-000406-54A2-DPD03-08-01-FA03-01-49.p2113_noHost_removal	14297204	k__Viruses	p__Cossaviricota	c__Papovaviricetes	o__Zurhausenvirales	f__Papillomaviridae	g__Betapapillomavirus	s__Betapapillomavirus 2	t__Human papillomavirus 120	14	0.13401018735726636	0.9929044465468307	set:JQ963484
25-000406-54A2-DPD03-08-01-FA03-01-49.p2113_noHost_removal	14297204	k__Viruses	p__Cossaviricota	c__Papovaviricetes	o__Zurhausenvirales	f__Papillomaviridae	g__unclassified_Papillomaviridae	s__Human papillomavirus	t__Human papillomavirus	12	0.11456796993325671	0.9867549668874175	set:MH777330
