sample_ID	filtered_reads_in_sample	kingdom	phylum	tclass	order	family	genus	species	subspecies	read_count	RPKMF	avg_read_identity	consensus_ref_identity	assembly_list
SEVAD_1BF6.p1894	14905602	k__Viruses	p__Peploviricota	c__Herviviricetes	o__Herpesvirales	f__Orthoherpesviridae	g__Lymphocryptovirus	s__Lymphocryptovirus humangamma4	t__unclassified_Lymphocryptovirus humangamma4	3	0.0011649800365618728	0.9911699779249448	0.9933774834437086	GCF_000872045.1
SEVAD_1BF6.p1894	14905602	k__Viruses	p__Negarnaviricota	c__Insthoviricetes	o__Articulavirales	f__Orthomyxoviridae	g__Alphainfluenzavirus	s__Alphainfluenzavirus influenzae	t__Influenza A H3N2	2	0.009846462221402381	0.9927536231884058	0.9927536231884058	GCF_000865085.1
SEVAD_1BF6.p1894	14905602	k__Viruses	p__Cossaviricota	c__Quintoviricetes	o__Piccovirales	f__Parvoviridae	g__Dependoparvovirus	s__Dependoparvovirus primate1	t__adeno-associated virus 2	32	0.458825358208336	0.9911009933774836	0.9861687413554634	GCF_000838645.1
SEVAD_1BF6.p1894	14905602	k__Viruses	p__Cossaviricota	c__Quintoviricetes	o__Piccovirales	f__Parvoviridae	g__Erythroparvovirus	s__Erythroparvovirus primate1	t__Human parvovirus B19	46	0.5549519935073108	0.9876187733947598	0.9868421052631579	acc:ON023025.1
SEVAD_2BO18.p1894	13591648	k__Viruses	p__unclassified_Viruses	c__unclassified_Viruses	o__unclassified_Viruses	f__Anelloviridae	g__Alphatorquevirus	s__Torque teno virus 16	t__Torque teno virus 16	2	0.03854090896909739	0.9768211920529801	0.9765625	GCF_000889855.1
SEVAD_2BO18.p1894	13591648	k__Viruses	p__Cossaviricota	c__Quintoviricetes	o__Piccovirales	f__Parvoviridae	g__Dependoparvovirus	s__Dependoparvovirus primate1	t__adeno-associated virus 2	55	0.8635515871127574	0.9797712221553285	0.979253112033195	set:MK139297
SEVAD_2BO18.p1894	13591648	k__Viruses	p__Cossaviricota	c__Quintoviricetes	o__Piccovirales	f__Parvoviridae	g__Erythroparvovirus	s__Erythroparvovirus primate1	t__Human parvovirus B19	36	0.4762966063643679	0.987674760853569	0.9928649835345774	acc:ON023025.1
SEVAD_2BH12.p1894	12483336	k__Viruses	p__Peploviricota	c__Herviviricetes	o__Herpesvirales	f__Orthoherpesviridae	g__Lymphocryptovirus	s__Lymphocryptovirus humangamma4	t__Human gammaherpesvirus 4	2	0.0009324338646922284	0.9933774834437086	0.9933774834437086	GCF_002402265.1
SEVAD_2BH12.p1894	12483336	k__Viruses	p__Peploviricota	c__Herviviricetes	o__Herpesvirales	f__Orthoherpesviridae	g__Roseolovirus	s__Roseolovirus humanbeta6b	t__Human betaherpesvirus 6B	31	0.015318297932082966	0.9976500747703483	0.9983098591549295	GCF_000846365.1
SEVAD_2BH12.p1894	12483336	k__Viruses	p__Cossaviricota	c__Papovaviricetes	o__Zurhausenvirales	f__Papillomaviridae	g__Betapapillomavirus	s__Betapapillomavirus 1	t__Human papillomavirus type 195	4	0.042334148218526296	0.9966887417218543	1.0	set:KR816182
SEVAD_2BH12.p1894	12483336	k__Viruses	p__Cossaviricota	c__Papovaviricetes	o__Zurhausenvirales	f__Papillomaviridae	g__Betapapillomavirus	s__Betapapillomavirus 2	t__Human papillomavirus 110	14	0.15108380540631677	0.9654683065279094	0.9701986754966887	set:EU410348
SEVAD_2BH12.p1894	12483336	k__Viruses	p__Cossaviricota	c__Papovaviricetes	o__Zurhausenvirales	f__Papillomaviridae	g__Betapapillomavirus	s__Betapapillomavirus 2	t__Human papillomavirus type 38b	18	0.19485435883744798	0.9996320824135394	0.9991915925626516	set:DQ090005
SEVAD_2BH12.p1894	12483336	k__Viruses	p__Cossaviricota	c__Papovaviricetes	o__Zurhausenvirales	f__Papillomaviridae	g__Gammapapillomavirus	s__Gammapapillomavirus 9	t__Gammapapillomavirus 9	6	0.06623132862050962	0.9867549668874173	0.9902439024390244	set:MF588712
SEVAD_2BH12.p1894	12483336	k__Viruses	p__Cossaviricota	c__Papovaviricetes	o__Zurhausenvirales	f__Papillomaviridae	g__unclassified_Papillomaviridae	s__Human papillomavirus	t__Human papillomavirus	6	0.06567512643730325	0.978476821192053	0.9773623678366643	set:MH777306,set:MH777256
SEVAD_2BH12.p1894	12483336	k__Viruses	p__Cossaviricota	c__Papovaviricetes	o__Sepolyvirales	f__Polyomaviridae	g__Alphapolyomavirus	s__Alphapolyomavirus quintihominis	t__Merkel cell polyomavirus	141	2.0967250171296454	0.997871116576833	0.9990400767938565	GCF_000874865.1
SEVAD_1BH2.p1894	10912624	k__Viruses	p__Cossaviricota	c__Quintoviricetes	o__Piccovirales	f__Parvoviridae	g__Erythroparvovirus	s__Erythroparvovirus primate1	t__Human parvovirus B19	10	0.16478508991306887	0.9933774834437088	0.9938271604938271	acc:ON023025.1
SEVAD_2BO9.p1894	9119962	k__Viruses	p__Peploviricota	c__Herviviricetes	o__Herpesvirales	f__Orthoherpesviridae	g__Roseolovirus	s__Roseolovirus humanbeta6b	t__Human betaherpesvirus 6B	48	0.03246591796299381	0.9883430193269361	0.99321608040201	GCF_000846365.1
MODAD_1BH3.p1894	11922382	k__Viruses	p__unclassified_Viruses	c__unclassified_Viruses	o__unclassified_Viruses	f__Anelloviridae	g__Alphatorquevirus	s__Alphatorquevirus homin15	t__unclassified_Alphatorquevirus homin15	19	0.42081892544995064	0.9372603694667131	0.9461827284105131	GCF_000889875.1
MODAD_1BH3.p1894	11922382	k__Viruses	p__unclassified_Viruses	c__unclassified_Viruses	o__unclassified_Viruses	f__Anelloviridae	g__unclassified_Anelloviridae	s__Torque teno virus	t__unclassified_Torque teno virus	157	3.7242471693738293	0.9351753261326892	0.9328809546485628	set:KP343846,set:KP343840,set:MK820645,set:FR751497
MODAD_1BH3.p1894	11922382	k__Viruses	p__Cossaviricota	c__Papovaviricetes	o__Zurhausenvirales	f__Papillomaviridae	g__Betapapillomavirus	s__Betapapillomavirus 4	t__Human papillomavirus type 92	2	0.022483810843459153	1.0	1.0	GCF_000846285.1
MODAD_1BH3.p1894	11922382	k__Viruses	p__Cossaviricota	c__Quintoviricetes	o__Piccovirales	f__Parvoviridae	g__Erythroparvovirus	s__Erythroparvovirus primate1	t__Human parvovirus B19	60	0.9049723756683083	0.984983597007604	0.9769954688044615	acc:ON023025.1
MODAD_1BH3.p1894	11922382	k__Viruses	p__Cossaviricota	c__Quintoviricetes	o__Piccovirales	f__Parvoviridae	g__Iteradensovirus	s__Danaus plexippus plexippus iteravirus	t__unclassified_Danaus plexippus plexippus iteravirus	2	0.03351013038414877	0.9285747598171812	0.9320987654320988	GCF_000918875.1
MODAD_1BH3.p1894	11922382	k__Viruses	p__Cossaviricota	c__Papovaviricetes	o__Sepolyvirales	f__Polyomaviridae	g__Alphapolyomavirus	s__Alphapolyomavirus quintihominis	t__Merkel cell polyomavirus	25	0.3892512360846685	0.9992052980132451	0.9987021414665801	GCF_000874865.1
SEVAD_1BF3.p1894	9288650	k__Viruses	p__unclassified_Viruses	c__unclassified_Viruses	o__unclassified_Viruses	f__Anelloviridae	g__unclassified_Anelloviridae	s__Torque teno virus	t__unclassified_Torque teno virus	3	0.08432762750586748	0.9612614591149585	0.9493087557603687	acc:PP374828.1
SEVAD_1BF3.p1894	9288650	k__Viruses	p__Cressdnaviricota	c__Repensiviricetes	o__Geplafuvirales	f__Genomoviridae	g__Gemycircularvirus	s__Gemycircularvirus derva1	t__Tick-associated genomovirus 1	2	0.08717268916261064	0.9966887417218543	0.9947089947089947	acc:ON456890.1
SEVAD_1BF3.p1894	9288650	k__Viruses	p__Peploviricota	c__Herviviricetes	o__Herpesvirales	f__Orthoherpesviridae	g__Roseolovirus	s__Roseolovirus humanbeta6b	t__Human betaherpesvirus 6B	9	0.005976809159248536	0.9963208241353936	0.9965811965811966	GCF_000846365.1
SEVAD_1BF3.p1894	9288650	k__Viruses	p__Cossaviricota	c__Papovaviricetes	o__Zurhausenvirales	f__Papillomaviridae	g__unclassified_Papillomaviridae	s__Human papillomavirus	t__Human papillomavirus	10	0.14448835205452173	0.9933774834437086	0.9933774834437086	set:MH777193
SEVAD_1BF3.p1894	9288650	k__Viruses	p__Cossaviricota	c__Quintoviricetes	o__Piccovirales	f__Parvoviridae	g__Erythroparvovirus	s__Erythroparvovirus primate1	t__Human parvovirus B19	12	0.23285855324259006	0.9950331125827815	0.9900662251655629	acc:ON023021.1
SEVAD_2BH7.p1894	16429472	k__Viruses	p__Preplasmiviricota	c__Tectiliviricetes	o__Rowavirales	f__Adenoviridae	g__Mastadenovirus	s__Human mastadenovirus C	t__unclassified_Human mastadenovirus C	1	0.0016665177748135696	0.9391891891891891	0.9391891891891891	set:MT277585
SEVAD_2BH7.p1894	16429472	k__Viruses	p__Peploviricota	c__Herviviricetes	o__Herpesvirales	f__Orthoherpesviridae	g__Varicellovirus	s__Varicellovirus humanalpha3	t__Human alphaherpesvirus 3	280	0.13646699363460876	0.9965354948044448	0.999115973258191	GCF_000858285.1
SEVAD_2BH7.p1894	16429472	k__Viruses	p__Cossaviricota	c__Quintoviricetes	o__Piccovirales	f__Parvoviridae	g__Erythroparvovirus	s__Erythroparvovirus primate1	t__Human parvovirus B19	11	0.12067925659420982	0.9891631547260687	0.9901414487783969	acc:ON023021.1
SEVAD_2BO19.p1894	29377454	k__Viruses	p__unclassified_Viruses	c__unclassified_Viruses	o__unclassified_Viruses	f__Anelloviridae	g__Alphatorquevirus	s__Torque teno virus 16	t__Torque teno virus 16	5	0.0446012965142463	0.9475222653573875	0.9933993399339934	set:AY823988
SEVAD_2BO19.p1894	29377454	k__Viruses	p__unclassified_Viruses	c__unclassified_Viruses	o__unclassified_Viruses	f__Anelloviridae	g__unclassified_Anelloviridae	s__Torque teno virus	t__Torque teno virus	51	0.466047029391493	0.943552566379909	0.9612462006079028	GCF_000893775.1
SEVAD_2BO19.p1894	29377454	k__Viruses	p__unclassified_Viruses	c__unclassified_Viruses	o__unclassified_Viruses	f__Anelloviridae	g__unclassified_Anelloviridae	s__Torque teno virus	t__unclassified_Torque teno virus	88	0.796885989883268	0.9390942107403005	0.944872554831061	acc:MT501648.1
SEVAD_2BO19.p1894	29377454	k__Viruses	p__Peploviricota	c__Herviviricetes	o__Herpesvirales	f__Orthoherpesviridae	g__Roseolovirus	s__Roseolovirus humanbeta6b	t__Human betaherpesvirus 6B	30	0.006299217124925566	0.9878587196467993	0.9857618903362617	GCF_000846365.1
SEVAD_2BO19.p1894	29377454	k__Viruses	p__Peploviricota	c__Herviviricetes	o__Herpesvirales	f__Orthoherpesviridae	g__Roseolovirus	s__Roseolovirus humanbeta7	t__Human betaherpesvirus 7	6	0.0013341929513851361	1.0	1.0	GCF_000848125.1
SEVAD_2BO19.p1894	29377454	k__Viruses	p__Cossaviricota	c__Papovaviricetes	o__Zurhausenvirales	f__Papillomaviridae	g__Betapapillomavirus	s__Betapapillomavirus 2	t__Human papillomavirus 120	8	0.037268054741669936	0.9983443708609272	1.0	set:JQ963484
SEVAD_2BO19.p1894	29377454	k__Viruses	p__Artverviricota	c__Revtraviricetes	o__Ortervirales	f__Retroviridae	g__Gammaretrovirus	s__unclassified_Gammaretrovirus	t__unclassified_Gammaretrovirus	1	0.00589024216986897	0.8940397350993378		GCF_000870685.2
SEVAD_2BF1.p1894	10953244	k__Viruses	p__unclassified_Viruses	c__unclassified_Viruses	o__unclassified_Viruses	f__Anelloviridae	g__Alphatorquevirus	s__Alphatorquevirus homin15	t__Torque teno virus 15	11	0.2651884578067618	0.9523916527460975	0.9591836734693877	GCF_000889875.1
SEVAD_2BF1.p1894	10953244	k__Viruses	p__unclassified_Viruses	c__unclassified_Viruses	o__unclassified_Viruses	f__Anelloviridae	g__unclassified_Anelloviridae	s__Torque teno virus	t__Torque teno virus	6	0.14114478785423723	0.9646799116997792	0.9668874172185431	set:FR751497
SEVAD_2BF1.p1894	10953244	k__Viruses	p__Cossaviricota	c__Quintoviricetes	o__Piccovirales	f__Parvoviridae	g__Dependoparvovirus	s__Dependoparvovirus primate1	t__adeno-associated virus 2	76	1.482920212521707	0.9782577044303205	0.9772178115291681	set:MK139264
SEVAD_2BO13.p1894	14568556	k__Viruses	p__Peploviricota	c__Herviviricetes	o__Herpesvirales	f__Orthoherpesviridae	g__Cytomegalovirus	s__Cytomegalovirus humanbeta5	t__Human betaherpesvirus 5	18	0.005243193978065528	1.0	1.0	GCF_000845245.1
SEVAD_2BO13.p1894	14568556	k__Viruses	p__Cossaviricota	c__Papovaviricetes	o__Zurhausenvirales	f__Papillomaviridae	g__Betapapillomavirus	s__Betapapillomavirus 2	t__Betapapillomavirus 2	5	0.046866709460119164	0.9960264900662251	0.9951690821256038	set:MF588682
SEVAD_2BO13.p1894	14568556	k__Viruses	p__Cossaviricota	c__Quintoviricetes	o__Piccovirales	f__Parvoviridae	g__Erythroparvovirus	s__Erythroparvovirus primate1	t__Human parvovirus B19	2	0.024532159640918705	0.9966887417218543	0.9966887417218543	GCF_000839645.1
SEVAD_2BF13.p1894	15289452	k__Viruses	p__Peploviricota	c__Herviviricetes	o__Herpesvirales	f__Orthoherpesviridae	g__Lymphocryptovirus	s__Lymphocryptovirus humangamma4	t__Human herpesvirus 4 type 2	89	0.03369339986594175	0.9958330232904236	0.99552471670225	GCF_000872045.1
SEVAD_2BF13.p1894	15289452	k__Viruses	p__Peploviricota	c__Herviviricetes	o__Herpesvirales	f__Orthoherpesviridae	g__Roseolovirus	s__Roseolovirus humanbeta6b	t__Human betaherpesvirus 6B	4	0.0016137919686810933	0.9900662251655629	0.9966887417218543	GCF_000846365.1
SEVAD_2BF13.p1894	15289452	k__Viruses	p__Negarnaviricota	c__Insthoviricetes	o__Articulavirales	f__Orthomyxoviridae	g__Alphainfluenzavirus	s__Alphainfluenzavirus influenzae	t__H3N2	14	0.06811962127939916	0.9626300851466415	0.9663157894736842	GCA_052872965.1
SEVAD_BO5.p1894	12049872	k__Viruses	p__Peploviricota	c__Herviviricetes	o__Herpesvirales	f__Orthoherpesviridae	g__Cytomegalovirus	s__Cytomegalovirus humanbeta5	t__Human betaherpesvirus 5	12	0.004226089986035283	0.9623078114712831	0.9623287671232876	GCF_000845245.1
SEVAD_2BH13.p1894	30465556	k__Viruses	p__Preplasmiviricota	c__Tectiliviricetes	o__Rowavirales	f__Adenoviridae	g__Mastadenovirus	s__Human mastadenovirus C	t__Human adenovirus 2	2	0.001797440172685629	0.9561598475913998	0.9562289562289562	set:MT277585
SEVAD_2BH13.p1894	30465556	k__Viruses	p__Peploviricota	c__Herviviricetes	o__Herpesvirales	f__Orthoherpesviridae	g__Cytomegalovirus	s__Cytomegalovirus humanbeta5	t__Human betaherpesvirus 5	1	0.0001392934898682711	0.9933774834437086	0.9933774834437086	GCF_000845245.1
SEVAD_2BH13.p1894	30465556	k__Viruses	p__Peploviricota	c__Herviviricetes	o__Herpesvirales	f__Orthoherpesviridae	g__Roseolovirus	s__Roseolovirus humanbeta7	t__Human betaherpesvirus 7	2	0.0004288470566174368	1.0	1.0	GCF_000848125.1
SEVAD_2BH13.p1894	30465556	k__Viruses	p__Cossaviricota	c__Quintoviricetes	o__Piccovirales	f__Parvoviridae	g__Erythroparvovirus	s__Erythroparvovirus primate1	t__Human parvovirus B19	18	0.10460891764216981	0.9889424496803874	0.9873417721518988	acc:ON023019.1
SEVAD_2BH9.p1894	15778424	k__Viruses	p__Peploviricota	c__Herviviricetes	o__Herpesvirales	f__Orthoherpesviridae	g__Roseolovirus	s__Roseolovirus humanbeta6b	t__Human betaherpesvirus 6B	52	0.02032914903039467	0.9757489257606659	0.9851851851851852	GCF_000846365.1
SEVAD_2BH9.p1894	15778424	k__Viruses	p__Cossaviricota	c__Quintoviricetes	o__Piccovirales	f__Parvoviridae	g__Erythroparvovirus	s__Erythroparvovirus primate1	t__Human parvovirus B19	16	0.18120853719213734	0.9730788992920759	0.9760765550239234	GCF_000839645.1
SEVAD_2BO16.p1894	9980192	k__Viruses	p__Cossaviricota	c__Papovaviricetes	o__Zurhausenvirales	f__Papillomaviridae	g__Betapapillomavirus	s__Betapapillomavirus 2	t__Human papillomavirus 23	2	0.02736168026640824	0.9536423841059603	0.9536423841059603	set:U31781
SEVAD_2BO16.p1894	9980192	k__Viruses	p__Cossaviricota	c__Quintoviricetes	o__Piccovirales	f__Parvoviridae	g__Erythroparvovirus	s__Erythroparvovirus primate1	t__Human parvovirus B19	122	2.198204229912176	0.989469113017045	0.9814769078784885	acc:ON023025.1
SEVAD_2BH8.p1894	9917614	k__Viruses	p__Peploviricota	c__Herviviricetes	o__Herpesvirales	f__Orthoherpesviridae	g__Lymphocryptovirus	s__Lymphocryptovirus humangamma4	t__Human gammaherpesvirus 4	21	0.012323407114118582	0.9892778303374331	0.994052676295667	GCF_002402265.1
SEVAD_2BH3.p1894	10084880	k__Viruses	p__unclassified_Viruses	c__unclassified_Viruses	o__unclassified_Viruses	f__Anelloviridae	g__Alphatorquevirus	s__Alphatorquevirus homin15	t__unclassified_Alphatorquevirus homin15	5	0.1309193873466186	0.9196486011623192	0.9326923076923077	GCF_000889875.1
SEVAD_2BH3.p1894	10084880	k__Viruses	p__unclassified_Viruses	c__unclassified_Viruses	o__unclassified_Viruses	f__Anelloviridae	g__Alphatorquevirus	s__Torque teno virus 16	t__Torque teno virus 16	63	1.63619058944702	0.9635988975146372	0.9660562751228227	GCF_000889855.1
SEVAD_2BH3.p1894	10084880	k__Viruses	p__unclassified_Viruses	c__unclassified_Viruses	o__unclassified_Viruses	f__Anelloviridae	g__unclassified_Anelloviridae	s__Anellovirus D_HF7_66	t__Anellovirus D_HF7_66	47	1.2299926542326363	0.9477167223096087	0.9551484523057486	acc:OR148955.1
SEVAD_2BH3.p1894	10084880	k__Viruses	p__unclassified_Viruses	c__unclassified_Viruses	o__unclassified_Viruses	f__Anelloviridae	g__unclassified_Anelloviridae	s__Torque teno virus	t__TT virus sle1931	34	0.8975994928634673	0.9355855476848577	0.9536105032822757	set:FR751488
SEVAD_2BH3.p1894	10084880	k__Viruses	p__unclassified_Viruses	c__unclassified_Viruses	o__unclassified_Viruses	f__Anelloviridae	g__unclassified_Anelloviridae	s__Torque teno virus	t__Torque teno virus	37	1.018392925905055	0.9685454029725913	0.968091625028273	set:FR751499,set:KP343838
SEVAD_2BH3.p1894	10084880	k__Viruses	p__unclassified_Viruses	c__unclassified_Viruses	o__unclassified_Viruses	f__Anelloviridae	g__unclassified_Anelloviridae	s__Torque teno virus	t__unclassified_Torque teno virus	82	2.1563071290451594	0.9366147913189726	0.9354060278503651	set:FR751490,acc:MN768563.1
SEVAD_2BH3.p1894	10084880	k__Viruses	p__Peploviricota	c__Herviviricetes	o__Herpesvirales	f__Orthoherpesviridae	g__Roseolovirus	s__Roseolovirus humanbeta6b	t__Human betaherpesvirus 6B	8	0.004893264935851508	0.9776490066225166	0.983177570093458	GCF_000846365.1
SEVAD_2BH3.p1894	10084880	k__Viruses	p__Artverviricota	c__Revtraviricetes	o__Ortervirales	f__Retroviridae	g__Gammaretrovirus	s__unclassified_Gammaretrovirus	t__unclassified_Gammaretrovirus	2	0.034316782826208314	0.9032296765524523	0.8961748633879781	GCF_000870685.2
MODAD_2BO5.p1894	16701000	k__Viruses	p__Peploviricota	c__Herviviricetes	o__Herpesvirales	f__Orthoherpesviridae	g__Cytomegalovirus	s__Cytomegalovirus humanbeta5	t__Human betaherpesvirus 5	4	0.0010163831186197822	0.9933774834437086	0.9933774834437086	GCF_000845245.1
MODAD_2BO5.p1894	16701000	k__Viruses	p__Peploviricota	c__Herviviricetes	o__Herpesvirales	f__Orthoherpesviridae	g__Lymphocryptovirus	s__Lymphocryptovirus humangamma4	t__Human gammaherpesvirus 4	24	0.008350852194706411	0.9983443708609272	1.0	set:LN827548
MODAD_2BO5.p1894	16701000	k__Viruses	p__Peploviricota	c__Herviviricetes	o__Herpesvirales	f__Orthoherpesviridae	g__Simplexvirus	s__Simplexvirus humanalpha1	t__Human alphaherpesvirus 1	108	0.042481892512235324	0.994614115919635	0.9947434292866083	GCF_000859985.2
SEVAD_1BF8.p1894	15107724	k__Viruses	p__Cressdnaviricota	c__Arfiviricetes	o__Cirlivirales	f__Circoviridae	g__unclassified_Circoviridae	s__Circovirus-like genome DCCV-4	t__Circovirus-like genome DCCV-4	2	0.04434928453940253	0.993091619419696	0.9920318725099602	GCF_001684685.1
SEVAD_2BH18.p1894	24546732	k__Viruses	p__unclassified_Viruses	c__unclassified_Viruses	o__unclassified_Viruses	f__Anelloviridae	g__unclassified_Anelloviridae	s__Torque teno virus	t__Torque teno virus	11	0.12030196664175857	0.9560505719446118	0.9567307692307693	GCF_000893775.1
SEVAD_2BH18.p1894	24546732	k__Viruses	p__unclassified_Viruses	c__unclassified_Viruses	o__unclassified_Viruses	f__Anelloviridae	g__unclassified_Anelloviridae	s__Torque teno virus	t__unclassified_Torque teno virus	32	0.34708089901485195	0.9467304218959849	0.9477668433005298	set:FR751488
SEVAD_2BH18.p1894	24546732	k__Viruses	p__unclassified_Viruses	c__unclassified_Viruses	o__unclassified_Viruses	f__Anelloviridae	g__unclassified_Anelloviridae	s__Torque teno virus AZ7_4	t__Torque teno virus AZ7_4	8	0.08619649938506901	0.9660596026490066	0.9668874172185431	acc:MW679006.1
SEVAD_2BH18.p1894	24546732	k__Viruses	p__Cressdnaviricota	c__Arfiviricetes	o__Jormunvirales	f__Draupnirviridae	g__Belligerivirus	s__Belligerivirus frelianis	t__unclassified_Belligerivirus frelianis	2	0.035119500449886425	0.9403973509933775	0.9403973509933775	GCF_001684825.1
SEVAD_2BH18.p1894	24546732	k__Viruses	p__Peploviricota	c__Herviviricetes	o__Herpesvirales	f__Orthoherpesviridae	g__Lymphocryptovirus	s__Lymphocryptovirus humangamma4	t__Human gammaherpesvirus 4	32	0.0075833344387683166	0.9843275731236204	0.9843205574912892	set:LN827563
SEVAD_2BH18.p1894	24546732	k__Viruses	p__Peploviricota	c__Herviviricetes	o__Herpesvirales	f__Orthoherpesviridae	g__Roseolovirus	s__Roseolovirus humanbeta6b	t__Human betaherpesvirus 6B	394	0.09901067449829187	0.9874032897525875	0.9897624623619939	GCF_000846365.1
SEVAD_2BH18.p1894	24546732	k__Viruses	p__Peploviricota	c__Herviviricetes	o__Herpesvirales	f__Orthoherpesviridae	g__Roseolovirus	s__Roseolovirus humanbeta7	t__Human betaherpesvirus 7	53	0.014104696156643696	0.9983756091465701	0.9992688276870583	GCF_000848125.1
SEVAD_2BH18.p1894	24546732	k__Viruses	p__Cossaviricota	c__Papovaviricetes	o__Zurhausenvirales	f__Papillomaviridae	g__Betapapillomavirus	s__Betapapillomavirus 3	t__human papillomavirus 76	2	0.010793117107396541	0.9867549668874173	0.9867549668874173	set:Y15174
SEVAD_2BH18.p1894	24546732	k__Viruses	p__Cossaviricota	c__Papovaviricetes	o__Zurhausenvirales	f__Papillomaviridae	g__Gammapapillomavirus	s__Gammapapillomavirus 8	t__human papillomavirus 168	4	0.022620000289765824	0.9751655629139073	0.9867549668874173	set:KC862317
SEVAD_2BH18.p1894	24546732	k__Viruses	p__Cossaviricota	c__Quintoviricetes	o__Piccovirales	f__Parvoviridae	g__Erythroparvovirus	s__Erythroparvovirus primate1	t__Human parvovirus B19	35	0.2564020352931826	0.9918637653736994	0.9912767644726408	acc:ON023025.1
SEVAD_2BH18.p1894	24546732	k__Viruses	p__Cossaviricota	c__Papovaviricetes	o__Sepolyvirales	f__Polyomaviridae	g__Betapolyomavirus	s__Betapolyomavirus secuhominis	t__JC polyomavirus	42	0.3335325656761143	0.9897360134187086	0.9945561139028476	GCF_000863805.1
SEVAD_1BH7.p1894	17711432	k__Viruses	p__unclassified_Viruses	c__unclassified_Viruses	o__unclassified_Viruses	f__Anelloviridae	g__Alphatorquevirus	s__Torque teno virus 16	t__Torque teno virus 16	73	1.079526381223299	0.9762771973237137	0.9750889679715302	GCF_000889855.1
SEVAD_1BH7.p1894	17711432	k__Viruses	p__unclassified_Viruses	c__unclassified_Viruses	o__unclassified_Viruses	f__Anelloviridae	g__unclassified_Anelloviridae	s__Torque teno virus	t__Torque teno virus	1	0.014795783160702432	0.9635036496350365	0.9854014598540146	set:FR751499
SEVAD_1BH7.p1894	17711432	k__Viruses	p__Peploviricota	c__Herviviricetes	o__Herpesvirales	f__Orthoherpesviridae	g__Roseolovirus	s__Roseolovirus humanbeta6b	t__Human betaherpesvirus 6B	40	0.013931112313863203	0.9890728476821193	0.995049504950495	GCF_000846365.1
SEVAD_1BH7.p1894	17711432	k__Viruses	p__Cossaviricota	c__Quintoviricetes	o__Piccovirales	f__Parvoviridae	g__Dependoparvovirus	s__Adeno-associated virus	t__Adeno-associated virus	22	0.26564063043355235	0.9771222155328115	0.9887820512820513	set:MK139293
SEVAD_1BH7.p1894	17711432	k__Viruses	p__Cossaviricota	c__Quintoviricetes	o__Piccovirales	f__Parvoviridae	g__Erythroparvovirus	s__Erythroparvovirus primate1	t__Human parvovirus B19	2	0.020305955238712637	0.9933774834437086	0.9928571428571429	acc:ON023025.1
SEVAD_1BH7.p1894	17711432	k__Viruses	p__Cossaviricota	c__Papovaviricetes	o__Sepolyvirales	f__Polyomaviridae	g__Alphapolyomavirus	s__Alphapolyomavirus quintihominis	t__Merkel cell polyomavirus	14	0.14673286051185574	0.9947965941343426	0.9966499162479062	GCF_000874865.1
SEVAD_2BH2.p1894	9416284	k__Viruses	p__Peploviricota	c__Herviviricetes	o__Herpesvirales	f__Orthoherpesviridae	g__Simplexvirus	s__Simplexvirus humanalpha1	t__Human alphaherpesvirus 1	2	0.001395317442844604	1.0	1.0	GCF_000859985.2
SEVAD_2BH2.p1894	9416284	k__Viruses	p__Cossaviricota	c__Quintoviricetes	o__Piccovirales	f__Parvoviridae	g__Dependoparvovirus	s__Adeno-associated virus	t__Adeno-associated virus	45	1.0213625272826574	0.9734543564864162	0.973421926910299	set:MK139253
SEVAD_2BH6.p1894	14830854	k__Viruses	p__unclassified_Viruses	c__unclassified_Viruses	o__unclassified_Viruses	f__Anelloviridae	g__Alphatorquevirus	s__unclassified_Alphatorquevirus	t__unclassified_Alphatorquevirus	3	0.053655438059720714	0.9668874172185431	0.9668874172185431	GCF_000887255.1
SEVAD_2BH6.p1894	14830854	k__Viruses	p__Cossaviricota	c__Quintoviricetes	o__Piccovirales	f__Parvoviridae	g__Erythroparvovirus	s__Erythroparvovirus primate1	t__Human parvovirus B19	57	0.6911237238298498	0.9866387823864299	0.9876365727429557	acc:ON023025.1
SEVAD_2BO17.p1894	7862390	k__Viruses	p__Peploviricota	c__Herviviricetes	o__Herpesvirales	f__Orthoherpesviridae	g__Lymphocryptovirus	s__Lymphocryptovirus humangamma4	t__Human herpesvirus 4 type 2	83	0.061104086981344	0.9949732705657067	0.9974582425562818	GCF_000872045.1
MODAD_2BF2.p1894	16433262	k__Viruses	p__Cressdnaviricota	c__Arfiviricetes	o__Saturnivirales	f__Kanorauviridae	g__Scythevirus	s__Scythevirus dianchis	t__Circovirus-like genome DCCV-13	2	0.0500223519302108	0.9933774834437086	0.9933774834437086	GCF_001684925.1
MODAD_2BF2.p1894	16433262	k__Viruses	p__Negarnaviricota	c__Insthoviricetes	o__Articulavirales	f__Orthomyxoviridae	g__Alphainfluenzavirus	s__Alphainfluenzavirus influenzae	t__H3N2	4	0.018108076513346654	0.9867549668874173	0.9867549668874173	GCA_052872965.1
MODAD_2BF2.p1894	16433262	k__Viruses	p__Cossaviricota	c__Quintoviricetes	o__Piccovirales	f__Parvoviridae	g__Erythroparvovirus	s__Erythroparvovirus primate1	t__Human parvovirus B19	73	0.7988149527039029	0.9787716592579154	0.9812632215170747	acc:ON023025.1
MODAD_2BF2.p1894	16433262	k__Viruses	p__Cossaviricota	c__Quintoviricetes	o__Piccovirales	f__Parvoviridae	g__Protoparvovirus	s__Protoparvovirus primate3	t__Cutavirus	21	0.28678097252808127	0.9549038158309683	0.9517177344475395	GCF_003033315.1
SEVAD_2BF8.p1894	9952052	k__Viruses	p__Negarnaviricota	c__Insthoviricetes	o__Articulavirales	f__Orthomyxoviridae	g__Alphainfluenzavirus	s__Alphainfluenzavirus influenzae	t__H3N2	4	0.029900845138256114	0.9685430463576159	0.9927007299270073	GCA_052872965.1
SEVAD_2BF8.p1894	9952052	k__Viruses	p__Cossaviricota	c__Papovaviricetes	o__Zurhausenvirales	f__Papillomaviridae	g__Betapapillomavirus	s__Betapapillomavirus 2	t__Human papillomavirus 100	6	0.08169251226594282	0.9955849889624725	0.995260663507109	set:FM955839
SEVAD_2BF3.p1894	24089654	k__Viruses	p__unclassified_Viruses	c__unclassified_Viruses	o__unclassified_Viruses	f__Anelloviridae	g__unclassified_Anelloviridae	s__Torque teno virus	t__Torque teno virus	6	0.06487876525885683	0.9834437086092714	0.9867549668874173	set:AF122920
SEVAD_2BF7.p1894	26215842	k__Viruses	p__unclassified_Viruses	c__unclassified_Viruses	o__unclassified_Viruses	f__Anelloviridae	g__Betatorquevirus	s__TTV-like mini virus	t__TTV-like mini virus	9	0.11932703144576311	0.9661515820456218	0.9501779359430605	acc:MN770465.1
SEVAD_2BF7.p1894	26215842	k__Viruses	p__unclassified_Viruses	c__unclassified_Viruses	o__unclassified_Viruses	f__Anelloviridae	g__unclassified_Anelloviridae	s__Torque teno virus	t__unclassified_Torque teno virus	3	0.030663082303453063	0.9183222958057394	0.9013157894736842	acc:MT783405.1
SEVAD_2BF7.p1894	26215842	k__Viruses	p__Peploviricota	c__Herviviricetes	o__Herpesvirales	f__Orthoherpesviridae	g__Varicellovirus	s__Varicellovirus humanalpha3	t__Human alphaherpesvirus 3	247	0.07544428408136683	0.9976137490951016	0.9985815602836879	GCF_000858285.1
SEVAD_2BF7.p1894	26215842	k__Viruses	p__Cossaviricota	c__Quintoviricetes	o__Piccovirales	f__Parvoviridae	g__Erythroparvovirus	s__Erythroparvovirus primate1	t__Human parvovirus B19	144	0.9877471518632203	0.9870623205754026	0.981029810298103	acc:ON023025.1
SEVAD_1BF4.p1894	11115842	k__Viruses	p__Preplasmiviricota	c__Tectiliviricetes	o__Rowavirales	f__Adenoviridae	g__Mastadenovirus	s__Human mastadenovirus C	t__Human adenovirus 2	4	0.009852607519538996	0.9419418640828481	0.9515828677839852	set:MT277585
SEVAD_1BF4.p1894	11115842	k__Viruses	p__unclassified_Viruses	c__unclassified_Viruses	o__unclassified_Viruses	f__Anelloviridae	g__unclassified_Anelloviridae	s__Anellovirus D_HF6_322	t__Anellovirus D_HF6_322	70	1.6620001920380438	0.9678375444890646	0.9762376237623762	acc:OR148955.1
SEVAD_1BF4.p1894	11115842	k__Viruses	p__unclassified_Viruses	c__unclassified_Viruses	o__unclassified_Viruses	f__Anelloviridae	g__unclassified_Anelloviridae	s__Torque teno virus	t__TT virus sle1931	4	0.09570393203088372	0.9503311258278145	0.9508196721311475	set:AM712003
SEVAD_1BF4.p1894	11115842	k__Viruses	p__unclassified_Viruses	c__unclassified_Viruses	o__unclassified_Viruses	f__Anelloviridae	g__unclassified_Anelloviridae	s__Torque teno virus	t__Torque teno virus	23	0.5554681907403237	0.9735020987951759	0.9666666666666667	GCF_000893775.1
SEVAD_1BF4.p1894	11115842	k__Viruses	p__Peploviricota	c__Herviviricetes	o__Herpesvirales	f__Orthoherpesviridae	g__Lymphocryptovirus	s__Lymphocryptovirus humangamma4	t__Human gammaherpesvirus 4	58	0.03036717071826112	0.9973738296414707	0.9982529699510831	GCF_002402265.1
SEVAD_1BF4.p1894	11115842	k__Viruses	p__Peploviricota	c__Herviviricetes	o__Herpesvirales	f__Orthoherpesviridae	g__Roseolovirus	s__Roseolovirus humanbeta6b	t__Human betaherpesvirus 6B	235	0.13040822252009213	0.9914215890981001	0.9938858056626846	GCF_000846365.1
SEVAD_1BF4.p1894	11115842	k__Viruses	p__Cossaviricota	c__Papovaviricetes	o__Zurhausenvirales	f__Papillomaviridae	g__Betapapillomavirus	s__Betapapillomavirus 2	t__Betapapillomavirus 2	2	0.024258243524074612	1.0	1.0	set:MF588680
SEVAD_1BF4.p1894	11115842	k__Viruses	p__Cossaviricota	c__Quintoviricetes	o__Piccovirales	f__Parvoviridae	g__Erythroparvovirus	s__Erythroparvovirus primate1	t__Human parvovirus B19	28	0.4459857455830134	0.9917218543046359	0.9929797191887676	acc:ON023019.1
HELTHY_1BF2.p1894	30091372	k__Viruses	p__Artverviricota	c__Revtraviricetes	o__Ortervirales	f__Retroviridae	g__Gammaretrovirus	s__unclassified_Gammaretrovirus	t__unclassified_Gammaretrovirus	3	0.01725148840613042	0.8984860582718833	0.891566265060241	GCF_000870685.2
SEVAD_2BF16.p1894	22682298	k__Viruses	p__unclassified_Viruses	c__unclassified_Viruses	o__unclassified_Viruses	f__Anelloviridae	g__unclassified_Anelloviridae	s__Torque teno virus	t__unclassified_Torque teno virus	60431	800.6814142287238	0.9447783820140369	0.9214371634148495	set:KP343840,set:FR751497
SEVAD_2BF16.p1894	22682298	k__Viruses	p__Peploviricota	c__Herviviricetes	o__Herpesvirales	f__Orthoherpesviridae	g__Varicellovirus	s__Varicellovirus humanalpha3	t__Human alphaherpesvirus 3	24	0.008472613378984478	0.9964128035320089	0.997196261682243	GCF_000858285.1
SEVAD_2BF16.p1894	22682298	k__Viruses	p__Cossaviricota	c__Papovaviricetes	o__Zurhausenvirales	f__Papillomaviridae	g__Betapapillomavirus	s__Betapapillomavirus 1	t__human papillomavirus 20	10	0.05683543085928288	0.9788079470198678	0.9811046511627907	set:U31778
SEVAD_2BF16.p1894	22682298	k__Viruses	p__Cossaviricota	c__Papovaviricetes	o__Zurhausenvirales	f__Papillomaviridae	g__Betapapillomavirus	s__Betapapillomavirus 4	t__Human papillomavirus type 92	2	0.011818052196098572	1.0	1.0	GCF_000846285.1
SEVAD_2BF16.p1894	22682298	k__Viruses	p__Cossaviricota	c__Papovaviricetes	o__Zurhausenvirales	f__Papillomaviridae	g__Gammapapillomavirus	s__Gammapapillomavirus 15	t__Gammapapillomavirus 15	2	0.012141901326782079	0.9933774834437086	0.9922480620155039	set:MF588726
SEVAD_2BF16.p1894	22682298	k__Viruses	p__Cossaviricota	c__Papovaviricetes	o__Zurhausenvirales	f__Papillomaviridae	g__Mupapillomavirus	s__Mupapillomavirus 3	t__Human papillomavirus 204	10	0.06100351974200322	0.9886595446415622	1.0	GCF_002827045.1
SEVAD_2BF16.p1894	22682298	k__Viruses	p__Cossaviricota	c__Papovaviricetes	o__Zurhausenvirales	f__Papillomaviridae	g__unclassified_Papillomaviridae	s__Human papillomavirus	t__Human papillomavirus	27	0.16053345655748277	0.9916605347068924	0.9876237623762376	set:MH777205
MODAD_1BF1.p1894	9641768	k__Viruses	p__Cossaviricota	c__Quintoviricetes	o__Piccovirales	f__Parvoviridae	g__Dependoparvovirus	s__unclassified_Dependoparvovirus	t__unclassified_Dependoparvovirus	12	0.26599380594516825	0.9821887568417552	0.9815864022662889	set:MK139264
SEVAD_2BF14.p1894	8564844	k__Viruses	p__unclassified_Viruses	c__unclassified_Viruses	o__unclassified_Viruses	f__Anelloviridae	g__Alphatorquevirus	s__Torque teno virus 16	t__Torque teno virus 16	19	0.5810295492744688	0.9667971525475215	0.9656061908856406	GCF_000889855.1
SEVAD_2BF14.p1894	8564844	k__Viruses	p__Peploviricota	c__Herviviricetes	o__Herpesvirales	f__Orthoherpesviridae	g__Roseolovirus	s__Roseolovirus humanbeta6b	t__Human betaherpesvirus 6B	2	0.001440422898720343	0.9801324503311258	0.9801324503311258	GCF_000846365.1
SEVAD_2BF14.p1894	8564844	k__Viruses	p__Cossaviricota	c__Quintoviricetes	o__Piccovirales	f__Parvoviridae	g__Dependoparvovirus	s__Dependoparvovirus primate1	t__adeno-associated virus 2	152	3.7928973184525274	0.9764290693621476	0.9798396890940004	GCF_000838645.1
SEVAD_2BF14.p1894	8564844	k__Viruses	p__Cossaviricota	c__Quintoviricetes	o__Piccovirales	f__Parvoviridae	g__Erythroparvovirus	s__Erythroparvovirus primate1	t__Human parvovirus B19	30	0.6313429645002244	0.9856512141280355	0.9864457831325302	acc:ON023021.1
MODAD_2BO3.p1894	10846708	k__Viruses	p__Cossaviricota	c__Papovaviricetes	o__Zurhausenvirales	f__Papillomaviridae	g__Betapapillomavirus	s__Betapapillomavirus 1	t__Human papillomavirus 105	28	0.3366934123954445	0.9973982970671713	0.9964028776978417	set:FM955841
MODAD_2BO3.p1894	10846708	k__Viruses	p__Cossaviricota	c__Papovaviricetes	o__Sepolyvirales	f__Polyomaviridae	g__Alphapolyomavirus	s__Alphapolyomavirus quintihominis	t__Merkel cell polyomavirus	2	0.03422827962602923	1.0	1.0	GCF_000874865.1
MODAD_2BH1.p1894	23793012	k__Viruses	p__Cossaviricota	c__Papovaviricetes	o__Zurhausenvirales	f__Papillomaviridae	g__Gammapapillomavirus	s__Gammapapillomavirus 21	t__Human papillomavirus 167	6	0.0348886112717427	0.9801324503311258	0.9755102040816327	GCF_000913075.1
MODAD_2BH1.p1894	23793012	k__Viruses	p__Cossaviricota	c__Quintoviricetes	o__Piccovirales	f__Parvoviridae	g__Erythroparvovirus	s__Erythroparvovirus primate1	t__Human parvovirus B19	1	0.007557839785175213	0.9801324503311258	0.9801324503311258	acc:ON023025.1
MODAD_2BH1.p1894	23793012	k__Viruses	p__Cossaviricota	c__Quintoviricetes	o__Piccovirales	f__Parvoviridae	g__Protoparvovirus	s__Protoparvovirus primate3	t__unclassified_Protoparvovirus primate3	6	0.0565922087684372	0.940071410581211	0.9481865284974094	GCF_003033315.1
MODAD_1BH2.p1894	16834462	k__Viruses	p__Cossaviricota	c__Quintoviricetes	o__Piccovirales	f__Parvoviridae	g__Erythroparvovirus	s__Erythroparvovirus primate1	t__Human parvovirus B19	127	1.3357026612463765	0.9771171745496187	0.9844625573102395	acc:ON023019.1
MODAD_2BF1.p1894	19970450	k__Viruses	p__unclassified_Viruses	c__unclassified_Viruses	o__unclassified_Viruses	f__Anelloviridae	g__Alphatorquevirus	s__Torque teno virus 16	t__unclassified_Torque teno virus 16	10	0.1352985255655788	0.915497294874973	0.9311475409836065	set:FR751472
MODAD_2BF1.p1894	19970450	k__Viruses	p__unclassified_Viruses	c__unclassified_Viruses	o__unclassified_Viruses	f__Anelloviridae	g__Betatorquevirus	s__TTV-like mini virus	t__TTV-like mini virus	1	0.017999275453566038	0.9659863945578231	0.9659863945578231	acc:MN769976.1
MODAD_2BF1.p1894	19970450	k__Viruses	p__unclassified_Viruses	c__unclassified_Viruses	o__unclassified_Viruses	f__Anelloviridae	g__Betatorquevirus	s__TTV-like mini virus	t__unclassified_TTV-like mini virus	12	0.21165474171956625	0.9310154525386313	0.9455782312925171	acc:MN769270.1
MODAD_2BF1.p1894	19970450	k__Viruses	p__unclassified_Viruses	c__unclassified_Viruses	o__unclassified_Viruses	f__Anelloviridae	g__unclassified_Anelloviridae	s__SEN virus	t__SEN virus	108	1.4083308087699578	0.9577095653685767	0.954031117397454	set:KM593802
MODAD_2BF1.p1894	19970450	k__Viruses	p__unclassified_Viruses	c__unclassified_Viruses	o__unclassified_Viruses	f__Anelloviridae	g__unclassified_Anelloviridae	s__Torque teno midi virus	t__Torque teno midi virus	1	0.015662803976171636	0.948905109489051	0.9635036496350365	GCF_002818625.1
MODAD_2BF1.p1894	19970450	k__Viruses	p__unclassified_Viruses	c__unclassified_Viruses	o__unclassified_Viruses	f__Anelloviridae	g__unclassified_Anelloviridae	s__Torque teno virus	t__Torque teno virus	1386	18.631554968102957	0.956116421531731	0.9704075935231714	GCF_000893775.1
MODAD_2BF1.p1894	19970450	k__Viruses	p__unclassified_Viruses	c__unclassified_Viruses	o__unclassified_Viruses	f__Anelloviridae	g__unclassified_Anelloviridae	s__Torque teno virus	t__unclassified_Torque teno virus	325	4.6125655050613785	0.9331217171158729	0.9309573412330528	set:KP343838,acc:MT501648.1,set:MK820645
MODAD_2BF1.p1894	19970450	k__Viruses	p__unclassified_Viruses	c__unclassified_Viruses	o__unclassified_Viruses	f__Anelloviridae	g__unclassified_Anelloviridae	s__unclassified_Anelloviridae	t__unclassified_Anelloviridae	2	0.032600250203008274	0.8609271523178808	0.868421052631579	set:KP343840
MODAD_2BF1.p1894	19970450	k__Viruses	p__Peploviricota	c__Herviviricetes	o__Herpesvirales	f__Orthoherpesviridae	g__Cytomegalovirus	s__Cytomegalovirus humanbeta5	t__Human betaherpesvirus 5	14	0.0029749530243054836	0.9881740775780512	0.9900662251655629	GCF_000845245.1
MODAD_2BF1.p1894	19970450	k__Viruses	p__Peploviricota	c__Herviviricetes	o__Herpesvirales	f__Orthoherpesviridae	g__Lymphocryptovirus	s__Lymphocryptovirus humangamma4	t__unclassified_Lymphocryptovirus humangamma4	36	0.010491397747830884	0.9910883624040046	0.9944143256119599	GCF_002402265.1
MODAD_2BF1.p1894	19970450	k__Viruses	p__Peploviricota	c__Herviviricetes	o__Herpesvirales	f__Orthoherpesviridae	g__Roseolovirus	s__Roseolovirus humanbeta6b	t__Human betaherpesvirus 6B	18	0.00555986353808291	0.98489300558837	0.9815880322209436	GCF_000846365.1
MODAD_2BF1.p1894	19970450	k__Viruses	p__Peploviricota	c__Herviviricetes	o__Herpesvirales	f__Orthoherpesviridae	g__Varicellovirus	s__Varicellovirus humanalpha3	t__Human alphaherpesvirus 3	18	0.007217351443041325	0.9804447165179538	0.9904912836767037	GCF_000858285.1
MODAD_2BF1.p1894	19970450	k__Viruses	p__Cossaviricota	c__Quintoviricetes	o__Piccovirales	f__Parvoviridae	g__Erythroparvovirus	s__Erythroparvovirus primate1	t__Human parvovirus B19	92	0.8156527189602526	0.9804825759846124	0.9821503569928601	acc:ON023019.1
SEVAD_2BH14.p1894	16038980	k__Viruses	p__unclassified_Viruses	c__unclassified_Viruses	o__unclassified_Viruses	f__Anelloviridae	g__Alphatorquevirus	s__Alphatorquevirus homin13	t__unclassified_Alphatorquevirus homin13	4	0.07529964303210265	0.9370860927152317	0.9370860927152318	GCF_002818305.1
SEVAD_2BH14.p1894	16038980	k__Viruses	p__Kitrinoviricota	c__Flasuviricetes	o__Amarillovirales	f__Flaviviridae	g__Pegivirus	s__Pegivirus hominis	t__GB virus C	22	0.15128027985803263	0.9424055487286914	0.9528023598820059	acc:MN551061.1
SEVAD_2BH14.p1894	16038980	k__Viruses	p__Kitrinoviricota	c__Flasuviricetes	o__Amarillovirales	f__Flaviviridae	g__Pegivirus	s__Pegivirus hominis	t__unclassified_Pegivirus hominis	2	0.014332897570248504	0.8904109589041096	0.910958904109589	acc:MN551066.1
SEVAD_2BH14.p1894	16038980	k__Viruses	p__Cossaviricota	c__Papovaviricetes	o__Zurhausenvirales	f__Papillomaviridae	g__Betapapillomavirus	s__Betapapillomavirus 1	t__Human papillomavirus 105	10	0.08132007881907005	0.9953018523850657	0.9942857142857143	set:FM955841
SEVAD_2BH14.p1894	16038980	k__Viruses	p__Cossaviricota	c__Papovaviricetes	o__Zurhausenvirales	f__Papillomaviridae	g__Betapapillomavirus	s__Betapapillomavirus 1	t__Human papillomavirus type 195	12	0.09884756944998971	0.9950331125827816	0.9976798143851509	set:KR816182
SEVAD_2BH14.p1894	16038980	k__Viruses	p__Cossaviricota	c__Papovaviricetes	o__Zurhausenvirales	f__Papillomaviridae	g__Betapapillomavirus	s__Betapapillomavirus 1	t__Human papillomavirus type 8	6	0.04887491855023334	0.9955849889624724	0.9966887417218543	set:M12737
SEVAD_2BH14.p1894	16038980	k__Viruses	p__Cossaviricota	c__Papovaviricetes	o__Zurhausenvirales	f__Papillomaviridae	g__Betapapillomavirus	s__Betapapillomavirus 2	t__Human papillomavirus 120	18	0.1535877760709536	0.9786607799852837	0.9830348727615457	set:JQ963484
SEVAD_2BH14.p1894	16038980	k__Viruses	p__Cossaviricota	c__Papovaviricetes	o__Zurhausenvirales	f__Papillomaviridae	g__Betapapillomavirus	s__Betapapillomavirus 4	t__Human papillomavirus type 92	16	0.13370455312817262	0.9929635761589405	0.993421052631579	GCF_000846285.1
SEVAD_2BH14.p1894	16038980	k__Viruses	p__Cossaviricota	c__Papovaviricetes	o__Zurhausenvirales	f__Papillomaviridae	g__Betapapillomavirus	s__Betapapillomavirus 5	t__human papillomavirus 150	44	0.3689236948555089	0.9831492632681058	0.9952556668423828	set:FN677755
SEVAD_2BH14.p1894	16038980	k__Viruses	p__Cossaviricota	c__Quintoviricetes	o__Piccovirales	f__Parvoviridae	g__Erythroparvovirus	s__Erythroparvovirus primate1	t__Human parvovirus B19	34	0.38209004157169324	0.978739511333193	0.9824324324324324	acc:ON023021.1
SEVAD_2BO14.p1894	10061244	k__Viruses	p__Cossaviricota	c__Quintoviricetes	o__Piccovirales	f__Parvoviridae	g__Erythroparvovirus	s__Erythroparvovirus primate1	t__Human parvovirus B19	24	0.42995510308204116	0.9854573504757688	0.9900662251655629	acc:ON023021.1
HELTHY_1BF3.p1894	25139728	k__Viruses	p__unclassified_Viruses	c__unclassified_Viruses	o__unclassified_Viruses	f__Anelloviridae	g__Betatorquevirus	s__TTV-like mini virus	t__unclassified_TTV-like mini virus	752	10.180245522856271	0.9258260526153335	0.9433551444043321	acc:MN771329.1,GCF_018580655.1
HELTHY_1BF3.p1894	25139728	k__Viruses	p__unclassified_Viruses	c__unclassified_Viruses	o__unclassified_Viruses	f__Anelloviridae	g__unclassified_Anelloviridae	s__SEN virus	t__SEN virus	27300	282.7944280065401	0.9733073764850457	0.9682933553901296	set:KM593802
HELTHY_1BF3.p1894	25139728	k__Viruses	p__unclassified_Viruses	c__unclassified_Viruses	o__unclassified_Viruses	f__Anelloviridae	g__unclassified_Anelloviridae	s__Torque teno virus	t__unclassified_Torque teno virus	763	9.70169042319613	0.9289587943096599	0.9217610435438571	set:KP343840,GCF_000887275.1,set:KP343844
HELTHY_1BF3.p1894	25139728	k__Viruses	p__Peploviricota	c__Herviviricetes	o__Herpesvirales	f__Orthoherpesviridae	g__Roseolovirus	s__Roseolovirus humanbeta6b	t__Human betaherpesvirus 6B	6	0.0014722113248282803	0.9900662251655629	0.9878048780487805	GCF_000846365.1
HELTHY_1BF3.p1894	25139728	k__Viruses	p__Pisuviricota	c__Pisoniviricetes	o__Picornavirales	f__Picornaviridae	g__Enterovirus	s__Rhinovirus A	t__rhinovirus A20	2	0.011153141114688155	0.9801324503311258	0.9801324503311258	acc:MZ629131.1
SEVAD_2BO11.p1894	29149534	k__Viruses	p__Negarnaviricota	c__Insthoviricetes	o__Articulavirales	f__Orthomyxoviridae	g__Alphainfluenzavirus	s__Alphainfluenzavirus influenzae	t__H3N2	1	0.002552139990127047	0.9801324503311258	0.9801324503311258	GCA_052872965.1
SEVAD_2BO11.p1894	29149534	k__Viruses	p__Cossaviricota	c__Quintoviricetes	o__Piccovirales	f__Parvoviridae	g__Erythroparvovirus	s__Erythroparvovirus primate1	t__Human parvovirus B19	4	0.02429593891450975	0.9966887417218543	0.9953703703703703	acc:ON023019.1
SEVAD_BF5.p1894	25600974	k__Viruses	p__unclassified_Viruses	c__unclassified_Viruses	o__unclassified_Viruses	f__Anelloviridae	g__Betatorquevirus	s__TTV-like mini virus	t__TTV-like mini virus	9	0.12404697411940646	0.9616013071895423	0.9632352941176471	acc:MN771438.1
SEVAD_BF5.p1894	25600974	k__Viruses	p__unclassified_Viruses	c__unclassified_Viruses	o__unclassified_Viruses	f__Anelloviridae	g__unclassified_Anelloviridae	s__Torque teno virus	t__unclassified_Torque teno virus	12	0.12596940774143076	0.9354082664498184	0.9387308533916849	acc:OP985294.1
SEVAD_BF5.p1894	25600974	k__Viruses	p__Negarnaviricota	c__Insthoviricetes	o__Articulavirales	f__Orthomyxoviridae	g__Alphainfluenzavirus	s__Alphainfluenzavirus influenzae	t__H3N2	12	0.03487071612898853	0.9903529045735366	0.9901269393511989	GCA_052872965.1
SEVAD_1BH10.p1894	13180812	k__Viruses	p__Peploviricota	c__Herviviricetes	o__Herpesvirales	f__Orthoherpesviridae	g__Roseolovirus	s__Roseolovirus humanbeta6b	t__Human betaherpesvirus 6B	55	0.025739493825805825	0.9927527506565804	0.9944196428571429	GCF_000846365.1
MODAD_2BH3.p1894	16290868	k__Viruses	p__unclassified_Viruses	c__unclassified_Viruses	o__unclassified_Viruses	f__Anelloviridae	g__unclassified_Anelloviridae	s__Torque teno virus	t__unclassified_Torque teno virus	36	0.5917129815058684	0.9388159548831818	0.9295263618397303	set:FR848326,set:AB064596
MODAD_2BH3.p1894	16290868	k__Viruses	p__Peploviricota	c__Herviviricetes	o__Herpesvirales	f__Orthoherpesviridae	g__Simplexvirus	s__Simplexvirus humanalpha1	t__Human alphaherpesvirus 1	5	0.0020162684566559863	0.9986754966887418	0.9976851851851852	GCF_000859985.2
MODAD_2BH3.p1894	16290868	k__Viruses	p__Cossaviricota	c__Papovaviricetes	o__Zurhausenvirales	f__Papillomaviridae	g__Betapapillomavirus	s__Betapapillomavirus 4	t__Human papillomavirus type 92	2	0.016454653103288433	0.9768211920529801	0.9768211920529801	GCF_000846285.1
MODAD_2BH3.p1894	16290868	k__Viruses	p__Cossaviricota	c__Papovaviricetes	o__Sepolyvirales	f__Polyomaviridae	g__Alphapolyomavirus	s__Alphapolyomavirus quintihominis	t__Merkel cell polyomavirus	89	1.0141420870172189	0.9905498921050676	0.987784187309128	GCF_000874865.1
MODAD_2BH2.p1894	12600726	k__Viruses	p__unclassified_Viruses	c__unclassified_Viruses	o__unclassified_Viruses	f__Anelloviridae	g__unclassified_Anelloviridae	s__Torque teno virus	t__Torque teno virus	2	0.044076926791594244	0.9867549668874173	0.9867549668874173	acc:MN765196.1
SEVAD_2BH16.p1894	15548758	k__Viruses	p__Peploviricota	c__Herviviricetes	o__Herpesvirales	f__Orthoherpesviridae	g__Lymphocryptovirus	s__Lymphocryptovirus humangamma4	t__Human gammaherpesvirus 4	44	0.016461176991459537	0.9944646329895747	0.9930008748906387	set:LN827563
SEVAD_2BO20.p1894	14897866	k__Viruses	p__unclassified_Viruses	c__unclassified_Viruses	o__unclassified_Viruses	f__Anelloviridae	g__unclassified_Anelloviridae	s__Torque teno virus	t__unclassified_Torque teno virus	22597	454.2179576450518	0.9451674401850236	0.918500509477004	set:FR751497,set:KP343840
SEVAD_2BO20.p1894	14897866	k__Viruses	p__Cossaviricota	c__Papovaviricetes	o__Zurhausenvirales	f__Papillomaviridae	g__Betapapillomavirus	s__Betapapillomavirus 1	t__Human papillomavirus 98	2	0.017981169974881018	0.9933774834437086	0.9920634920634921	set:FM955837
SEVAD_2BO20.p1894	14897866	k__Viruses	p__Cossaviricota	c__Papovaviricetes	o__Zurhausenvirales	f__Papillomaviridae	g__Betapapillomavirus	s__Betapapillomavirus 2	t__Human papillomavirus 111	2	0.018180852523356134	1.0	1.0	set:EU410349
SEVAD_2BO20.p1894	14897866	k__Viruses	p__Cossaviricota	c__Papovaviricetes	o__Zurhausenvirales	f__Papillomaviridae	g__Betapapillomavirus	s__Betapapillomavirus 4	t__Human papillomavirus type 92	16	0.14394576065670733	0.997930463576159	1.0	GCF_000846285.1
SEVAD_2BO20.p1894	14897866	k__Viruses	p__Cossaviricota	c__Papovaviricetes	o__Zurhausenvirales	f__Papillomaviridae	g__Gammapapillomavirus	s__Gammapapillomavirus 15	t__Gammapapillomavirus 15	4	0.03697257368010511	0.9898394266533611	0.9929824561403509	set:MF588726
SEVAD_2BO20.p1894	14897866	k__Viruses	p__Cossaviricota	c__Papovaviricetes	o__Zurhausenvirales	f__Papillomaviridae	g__Gammapapillomavirus	s__unclassified_Gammapapillomavirus	t__unclassified_Gammapapillomavirus	1	0.009206378756855142	0.8695652173913043	0.8695652173913043	GCF_001184845.1
SEVAD_2BO20.p1894	14897866	k__Viruses	p__Cossaviricota	c__Papovaviricetes	o__Zurhausenvirales	f__Papillomaviridae	g__unclassified_Papillomaviridae	s__Human papillomavirus	t__Human papillomavirus	4	0.036209687129456956	0.9884105960264901	0.9900793650793651	set:MH777205
MODAD_2BO1.p1894	17615500	k__Viruses	p__unclassified_Viruses	c__unclassified_Viruses	o__unclassified_Viruses	f__Anelloviridae	g__Alphatorquevirus	s__Alphatorquevirus homin13	t__unclassified_Alphatorquevirus homin13	25	0.4619806893550188	0.920587308442909	0.9262135922330097	set:KP343840
MODAD_2BO1.p1894	17615500	k__Viruses	p__unclassified_Viruses	c__unclassified_Viruses	o__unclassified_Viruses	f__Anelloviridae	g__Betatorquevirus	s__TTV-like mini virus	t__TTV-like mini virus	21	0.42110840835243823	0.9649666501116843	0.9584787844832953	acc:MN769270.1,acc:MN771212.1
MODAD_2BO1.p1894	17615500	k__Viruses	p__unclassified_Viruses	c__unclassified_Viruses	o__unclassified_Viruses	f__Anelloviridae	g__Betatorquevirus	s__TTV-like mini virus	t__unclassified_TTV-like mini virus	4	0.0782469842976495	0.9470198675496689	0.9470198675496688	acc:MN769100.1
MODAD_2BO1.p1894	17615500	k__Viruses	p__unclassified_Viruses	c__unclassified_Viruses	o__unclassified_Viruses	f__Anelloviridae	g__unclassified_Anelloviridae	s__SEN virus	t__SEN virus	70	1.0348367441552422	0.9466329277064326	0.9557057057057057	set:KM593802
MODAD_2BO1.p1894	17615500	k__Viruses	p__unclassified_Viruses	c__unclassified_Viruses	o__unclassified_Viruses	f__Anelloviridae	g__unclassified_Anelloviridae	s__Torque teno midi virus	t__unclassified_Torque teno midi virus	7	0.1310179062827606	0.9612109744560077	0.924901185770751	acc:MN774984.1
MODAD_2BO1.p1894	17615500	k__Viruses	p__unclassified_Viruses	c__unclassified_Viruses	o__unclassified_Viruses	f__Anelloviridae	g__unclassified_Anelloviridae	s__Torque teno virus	t__Torque teno virus	838	12.770937126565816	0.9586094925408062	0.9698492462311558	GCF_000893775.1
MODAD_2BO1.p1894	17615500	k__Viruses	p__unclassified_Viruses	c__unclassified_Viruses	o__unclassified_Viruses	f__Anelloviridae	g__unclassified_Anelloviridae	s__Torque teno virus	t__unclassified_Torque teno virus	180	2.883313822964714	0.9237152982370818	0.9254513138603552	set:MK820645,set:JN980171,set:AM711976
MODAD_2BO1.p1894	17615500	k__Viruses	p__Cressdnaviricota	c__Arfiviricetes	o__Jormunvirales	f__Draupnirviridae	g__Belligerivirus	s__Belligerivirus frelianis	t__Circovirus-like genome DCCV-10	2	0.04893809233443509	0.9635761589403973	0.9637096774193549	GCF_001684825.1
MODAD_2BO1.p1894	17615500	k__Viruses	p__Cossaviricota	c__Quintoviricetes	o__Piccovirales	f__Parvoviridae	g__Erythroparvovirus	s__Erythroparvovirus primate1	t__Human parvovirus B19	18	0.18417941022765047	0.9867549668874174	0.9828897338403042	acc:ON023021.1
SEVAD_2BO8.p1894	18245232	k__Viruses	p__Peploviricota	c__Herviviricetes	o__Herpesvirales	f__Orthoherpesviridae	g__Varicellovirus	s__Varicellovirus humanalpha3	t__Human alphaherpesvirus 3	205	0.0899699896199528	0.9961234049426588	0.9988271382172501	GCF_000858285.1
SEVAD_2BO8.p1894	18245232	k__Viruses	p__Cossaviricota	c__Quintoviricetes	o__Piccovirales	f__Parvoviridae	g__Erythroparvovirus	s__Erythroparvovirus primate1	t__Human parvovirus B19	2	0.019758053323892914	0.990066225165563	0.98828125	acc:ON023021.1
SEVAD_2BO8.p1894	18245232	k__Viruses	p__Artverviricota	c__Revtraviricetes	o__Ortervirales	f__Retroviridae	g__Gammaretrovirus	s__unclassified_Gammaretrovirus	t__unclassified_Gammaretrovirus	2	0.018968278221311283	0.8940397350993378	0.8993288590604027	GCF_000870685.2
MODAD_1BF3.p1894	20123784	k__Viruses	p__unclassified_Viruses	c__unclassified_Viruses	o__unclassified_Viruses	f__Anelloviridae	g__Alphatorquevirus	s__Alphatorquevirus homin15	t__Torque teno virus 15	109	1.43028158030313	0.9504133025503885	0.9512195121951219	GCF_000889875.1
MODAD_1BF3.p1894	20123784	k__Viruses	p__unclassified_Viruses	c__unclassified_Viruses	o__unclassified_Viruses	f__Anelloviridae	g__unclassified_Anelloviridae	s__Torque teno virus	t__Torque teno virus	28	0.4569420094575938	0.9594286534975505	0.9625	set:KP343846
MODAD_1BF3.p1894	20123784	k__Viruses	p__unclassified_Viruses	c__unclassified_Viruses	o__unclassified_Viruses	f__Anelloviridae	g__unclassified_Anelloviridae	s__Torque teno virus	t__unclassified_Torque teno virus	340	4.582659319847844	0.925685692087065	0.9187469247030873	set:KP343840,set:FR751497
MODAD_1BF3.p1894	20123784	k__Viruses	p__Cossaviricota	c__Papovaviricetes	o__Zurhausenvirales	f__Papillomaviridae	g__Betapapillomavirus	s__Betapapillomavirus 1	t__human papillomavirus 36	4	0.025740711488481387	0.9983443708609272	0.9977924944812362	set:U31785
MODAD_1BF3.p1894	20123784	k__Viruses	p__Cossaviricota	c__Papovaviricetes	o__Zurhausenvirales	f__Papillomaviridae	g__Betapapillomavirus	s__Betapapillomavirus 2	t__Human papillomavirus 110	10	0.06694388189211009	0.9966887417218544	0.9972451790633609	set:EU410348
MODAD_1BF3.p1894	20123784	k__Viruses	p__Cossaviricota	c__Papovaviricetes	o__Zurhausenvirales	f__Papillomaviridae	g__Betapapillomavirus	s__Betapapillomavirus 2	t__Human papillomavirus 22	2	0.013488719741724574	0.9827132839890924	0.9836956521739131	set:U31780
MODAD_1BF3.p1894	20123784	k__Viruses	p__Cossaviricota	c__Papovaviricetes	o__Zurhausenvirales	f__Papillomaviridae	g__Betapapillomavirus	s__Betapapillomavirus 2	t__Human papillomavirus 23	8	0.0542790207848316	0.9834437086092717	0.9874213836477987	set:U31781
MODAD_1BF3.p1894	20123784	k__Viruses	p__Cossaviricota	c__Quintoviricetes	o__Piccovirales	f__Parvoviridae	g__Erythroparvovirus	s__Erythroparvovirus primate1	t__Human parvovirus B19	80	0.7148706136092549	0.9913907284768214	0.981375713930966	acc:ON023025.1
MODAD_1BF3.p1894	20123784	k__Viruses	p__Cossaviricota	c__Papovaviricetes	o__Sepolyvirales	f__Polyomaviridae	g__Alphapolyomavirus	s__Alphapolyomavirus quintihominis	t__Merkel cell polyomavirus	69	0.6364912944992425	0.9992321719934735	0.9988901220865705	GCF_000874865.1
MODAD_2BH4.p1894	23377222	k__Viruses	p__Peploviricota	c__Herviviricetes	o__Herpesvirales	f__Orthoherpesviridae	g__Cytomegalovirus	s__Cytomegalovirus humanbeta5	t__Human betaherpesvirus 5	2	0.00036305884557345997	1.0	1.0	GCF_000845245.1
MODAD_2BH4.p1894	23377222	k__Viruses	p__Peploviricota	c__Herviviricetes	o__Herpesvirales	f__Orthoherpesviridae	g__Lymphocryptovirus	s__Lymphocryptovirus humangamma4	t__Human gammaherpesvirus 4	12	0.002987494039470975	0.9928256070640177	1.0	GCF_002402265.1
MODAD_2BH4.p1894	23377222	k__Viruses	p__Peploviricota	c__Herviviricetes	o__Herpesvirales	f__Orthoherpesviridae	g__Simplexvirus	s__Simplexvirus humanalpha1	t__Human alphaherpesvirus 1	1256	0.352954980532868	0.9911131753988296	0.9925205684367988	GCF_000859985.2
MODAD_2BH4.p1894	23377222	k__Viruses	p__Negarnaviricota	c__Insthoviricetes	o__Articulavirales	f__Orthomyxoviridae	g__Alphainfluenzavirus	s__Alphainfluenzavirus influenzae	t__Influenza A H1N1	6	0.01950601110898394	0.9877831201427317	0.9883495145631068	GCF_001343785.1
MODAD_2BH4.p1894	23377222	k__Viruses	p__Cossaviricota	c__Quintoviricetes	o__Piccovirales	f__Parvoviridae	g__Erythroparvovirus	s__Erythroparvovirus primate1	t__Human parvovirus B19	8	0.060590201645894876	0.9908940397350994	0.9933774834437086	acc:ON023019.1
SEVAD_2BF6.p1894	21948640	k__Viruses	p__Cossaviricota	c__Quintoviricetes	o__Piccovirales	f__Parvoviridae	g__Erythroparvovirus	s__Erythroparvovirus primate1	t__Human parvovirus B19	233	1.908953768422146	0.9857324214633022	0.9823470411233701	acc:ON023025.1
SEVAD_1BF1.p1894	9303554	k__Viruses	p__unclassified_Viruses	c__unclassified_Viruses	o__unclassified_Viruses	f__Anelloviridae	g__unclassified_Anelloviridae	s__Anellovirus D_HF7_66	t__Anellovirus D_HF7_66	33	0.9361392443236982	0.9582609240211046	0.9641768292682927	acc:OR148955.1
SEVAD_1BF1.p1894	9303554	k__Viruses	p__unclassified_Viruses	c__unclassified_Viruses	o__unclassified_Viruses	f__Anelloviridae	g__unclassified_Anelloviridae	s__Torque teno virus	t__Torque teno virus	912	26.3159879294623	0.9547128164425014	0.9518739352640545	GCF_000893775.1
SEVAD_1BF1.p1894	9303554	k__Viruses	p__Cossaviricota	c__Quintoviricetes	o__Piccovirales	f__Parvoviridae	g__Erythroparvovirus	s__Erythroparvovirus primate1	t__Human parvovirus B19	4	0.07731401256025441	0.990066225165563	0.9869565217391304	acc:ON023025.1
MODAD_1BH1.p1894	10602702	k__Viruses	p__Cossaviricota	c__Papovaviricetes	o__Zurhausenvirales	f__Papillomaviridae	g__Betapapillomavirus	s__Betapapillomavirus 1	t__Human papillomavirus 5	4	0.04870414720683393	0.9867549668874173	0.9887005649717514	GCF_000866505.1
MODAD_1BH1.p1894	10602702	k__Viruses	p__Cossaviricota	c__Quintoviricetes	o__Piccovirales	f__Parvoviridae	g__Dependoparvovirus	s__unclassified_Dependoparvovirus	t__unclassified_Dependoparvovirus	1	0.020157209033133984	0.9933774834437086	0.9933774834437086	set:MK139294
SEVAD_1BH1.p1894	9256090	k__Viruses	p__unclassified_Viruses	c__unclassified_Viruses	o__unclassified_Viruses	f__Anelloviridae	g__unclassified_Anelloviridae	s__Anellovirus D_HF7_66	t__unclassified_Anellovirus D_HF7_66	11	0.33002131848611665	0.9474227077947375	0.9431192660550459	acc:MN765196.1
SEVAD_1BH1.p1894	9256090	k__Viruses	p__unclassified_Viruses	c__unclassified_Viruses	o__unclassified_Viruses	f__Anelloviridae	g__unclassified_Anelloviridae	s__Torque teno virus	t__unclassified_Torque teno virus	551	15.98077191203287	0.9539575086953511	0.9484048838125246	GCF_000893775.1
SEVAD_1BH1.p1894	9256090	k__Viruses	p__Cossaviricota	c__Quintoviricetes	o__Piccovirales	f__Parvoviridae	g__Erythroparvovirus	s__Erythroparvovirus primate1	t__Human parvovirus B19	12	0.2295403234358433	0.9933774834437088	0.9898862199747156	acc:ON023019.1
SEVAD_1BH3.p1894	10101842	k__Viruses	p__unclassified_Viruses	c__unclassified_Viruses	o__unclassified_Viruses	f__Anelloviridae	g__unclassified_Anelloviridae	s__Torque teno virus	t__unclassified_Torque teno virus	5	0.13556812822438494	0.9341921436995374	0.9427609427609428	acc:MN768565.1
SEVAD_1BH3.p1894	10101842	k__Viruses	p__unclassified_Viruses	c__unclassified_Viruses	o__unclassified_Viruses	f__Anelloviridae	g__unclassified_Anelloviridae	s__unclassified_Anelloviridae	t__unclassified_Anelloviridae	2	0.07513612692937069	0.9966887417218543	1.0	GCF_000860145.1
SEVAD_1BH3.p1894	10101842	k__Viruses	p__Cossaviricota	c__Papovaviricetes	o__Zurhausenvirales	f__Papillomaviridae	g__Betapapillomavirus	s__Betapapillomavirus 2	t__Human papillomavirus 159	1	0.01329999291004244	0.9929577464788732	0.9929577464788732	set:HE963025
SEVAD_1BH3.p1894	10101842	k__Viruses	p__Cossaviricota	c__Quintoviricetes	o__Piccovirales	f__Parvoviridae	g__Erythroparvovirus	s__Erythroparvovirus primate1	t__Human parvovirus B19	5	0.0876344256634613	0.9973509933774836	1.0	acc:ON023019.1
SEVAD_1BH9.p1894	10990308	k__Viruses	p__Peploviricota	c__Herviviricetes	o__Herpesvirales	f__Orthoherpesviridae	g__Lymphocryptovirus	s__Lymphocryptovirus humangamma4	t__Human gammaherpesvirus 4	16	0.00846864701766394	0.9991721854304636	1.0	set:LN827563
SEVAD_1BH9.p1894	10990308	k__Viruses	p__Peploviricota	c__Herviviricetes	o__Herpesvirales	f__Orthoherpesviridae	g__Roseolovirus	s__Roseolovirus humanbeta7	t__Human betaherpesvirus 7	2	0.001188780516325265	0.9930312742812744	1.0	GCF_000848125.1
SEVAD_1BH9.p1894	10990308	k__Viruses	p__Peploviricota	c__Herviviricetes	o__Herpesvirales	f__Orthoherpesviridae	g__Simplexvirus	s__Simplexvirus humanalpha1	t__Human alphaherpesvirus 1	801	0.4787901738010811	0.9902507903955804	0.994112864792128	GCF_000859985.2
SEVAD_1BH9.p1894	10990308	k__Viruses	p__Cossaviricota	c__Quintoviricetes	o__Piccovirales	f__Parvoviridae	g__Erythroparvovirus	s__Erythroparvovirus primate1	t__Human parvovirus B19	2	0.03272406427604236	0.9834437086092715	0.98	acc:ON023025.1
MODAD_2BO2.p1894	24400148	k__Viruses	p__Cossaviricota	c__Quintoviricetes	o__Piccovirales	f__Parvoviridae	g__Erythroparvovirus	s__Erythroparvovirus primate1	t__Human parvovirus B19	27	0.19591902712189974	0.989943585970076	0.9941672067401166	acc:ON023019.1
MODAD_2BO4.p1894	14914906	k__Viruses	p__unclassified_Viruses	c__unclassified_Viruses	o__unclassified_Viruses	f__Anelloviridae	g__Alphatorquevirus	s__Torque teno virus 16	t__Torque teno virus 16	6	0.10536462012727696	0.9558498896247242	0.9514066496163683	GCF_000889855.1
MODAD_2BO4.p1894	14914906	k__Viruses	p__unclassified_Viruses	c__unclassified_Viruses	o__unclassified_Viruses	f__Anelloviridae	g__unclassified_Anelloviridae	s__Torque teno virus	t__Torque teno virus	3	0.06631752714242392	0.9614221666145344	0.9928057553956835	set:KP343843
MODAD_2BO4.p1894	14914906	k__Viruses	p__unclassified_Viruses	c__unclassified_Viruses	o__unclassified_Viruses	f__Anelloviridae	g__unclassified_Anelloviridae	s__Torque teno virus	t__unclassified_Torque teno virus	144	2.6386909348780874	0.9403850542042512	0.9381433222451125	set:AJ620227,acc:MN768566.1,set:AB064596,acc:PP374834.1
MODAD_2BO4.p1894	14914906	k__Viruses	p__unclassified_Viruses	c__unclassified_Viruses	o__unclassified_Viruses	f__Anelloviridae	g__unclassified_Anelloviridae	s__unclassified_Anelloviridae	t__unclassified_Anelloviridae	5	0.09464570855588732	0.9638995167240811	0.9615384615384616	acc:MN768559.1
SEVAD_1BH6.p1894	14905120	k__Viruses	p__Peploviricota	c__Herviviricetes	o__Herpesvirales	f__Orthoherpesviridae	g__Simplexvirus	s__Simplexvirus humanalpha1	t__Human alphaherpesvirus 1	12	0.005243467444017529	0.991991750052368	0.9966101694915255	acc:ON783215.1
SEVAD_1BH6.p1894	14905120	k__Viruses	p__Cossaviricota	c__Quintoviricetes	o__Piccovirales	f__Parvoviridae	g__Dependoparvovirus	s__unclassified_Dependoparvovirus	t__unclassified_Dependoparvovirus	2	0.02867751222801665	0.9768211920529801	0.9768211920529801	GCF_000838645.1
SEVAD_1BH6.p1894	14905120	k__Viruses	p__Cossaviricota	c__Quintoviricetes	o__Piccovirales	f__Parvoviridae	g__Erythroparvovirus	s__Erythroparvovirus primate1	t__Human parvovirus B19	12	0.14254470224669608	0.9939293598233996	0.9956559513466551	acc:ON023019.1
SEVAD_1BH6.p1894	14905120	k__Viruses	p__Cossaviricota	c__Papovaviricetes	o__Sepolyvirales	f__Polyomaviridae	g__Alphapolyomavirus	s__Alphapolyomavirus quintihominis	t__Merkel cell polyomavirus	6	0.07472549455070905	0.9944812362030905	0.9966887417218543	GCF_000874865.1
SEVAD_2BF11.p1894	12658826	k__Viruses	p__unclassified_Viruses	c__unclassified_Viruses	o__unclassified_Viruses	f__Anelloviridae	g__Alphatorquevirus	s__Alphatorquevirus homin13	t__Torque teno virus 13	5	0.11925764962317928	0.9562913907284768	0.9685314685314685	GCF_002818305.1
SEVAD_2BF11.p1894	12658826	k__Viruses	p__unclassified_Viruses	c__unclassified_Viruses	o__unclassified_Viruses	f__Anelloviridae	g__Betatorquevirus	s__TTV-like mini virus	t__TTV-like mini virus	12	0.33544062467258584	0.993192238225351	0.9917695473251029	acc:MN771212.1
SEVAD_2BF11.p1894	12658826	k__Viruses	p__unclassified_Viruses	c__unclassified_Viruses	o__unclassified_Viruses	f__Anelloviridae	g__unclassified_Anelloviridae	s__Torque teno midi virus	t__Torque teno midi virus	2	0.04864302161970071	0.956953642384106	0.9602649006622517	acc:OP549859.1
SEVAD_2BF11.p1894	12658826	k__Viruses	p__unclassified_Viruses	c__unclassified_Viruses	o__unclassified_Viruses	f__Anelloviridae	g__unclassified_Anelloviridae	s__unclassified_Anelloviridae	t__unclassified_Anelloviridae	1	0.02057194455999843	0.9933774834437086	0.9933774834437086	set:KM593802
SEVAD_2BF11.p1894	12658826	k__Viruses	p__Kitrinoviricota	c__Flasuviricetes	o__Amarillovirales	f__Flaviviridae	g__Pegivirus	s__Pegivirus hominis	t__unclassified_Pegivirus hominis	70	0.5974866232012509	0.929888523215816	0.9394773039889959	set:KP710599
SEVAD_2BF11.p1894	12658826	k__Viruses	p__Peploviricota	c__Herviviricetes	o__Herpesvirales	f__Orthoherpesviridae	g__Lymphocryptovirus	s__Lymphocryptovirus humangamma4	t__Human gammaherpesvirus 4	10	0.004597537414106025	0.9980132450331126	1.0	GCF_002402265.1
SEVAD_2BF11.p1894	12658826	k__Viruses	p__Cossaviricota	c__Papovaviricetes	o__Zurhausenvirales	f__Papillomaviridae	g__Betapapillomavirus	s__Betapapillomavirus 1	t__Betapapillomavirus 1	290	3.0342937035780464	0.9728997183006709	0.9742136582601304	set:MF588677
SEVAD_2BF11.p1894	12658826	k__Viruses	p__Cossaviricota	c__Papovaviricetes	o__Zurhausenvirales	f__Papillomaviridae	g__Betapapillomavirus	s__Betapapillomavirus 1	t__Human papillomavirus 105	233	2.400695218041189	0.9908856494673791	0.9950641658440277	set:FM955841
SEVAD_2BF11.p1894	12658826	k__Viruses	p__Cossaviricota	c__Papovaviricetes	o__Zurhausenvirales	f__Papillomaviridae	g__Betapapillomavirus	s__Betapapillomavirus 1	t__Human papillomavirus type 195	176	1.836879774267319	0.9899233294097903	0.9921008403361344	set:KR816182
SEVAD_2BF11.p1894	12658826	k__Viruses	p__Cossaviricota	c__Papovaviricetes	o__Zurhausenvirales	f__Papillomaviridae	g__Betapapillomavirus	s__Betapapillomavirus 1	t__Human papillomavirus type 196	75	0.7899626711039397	0.9967328918322295	0.9972311952007383	set:KR816183
SEVAD_2BF11.p1894	12658826	k__Viruses	p__Cossaviricota	c__Papovaviricetes	o__Zurhausenvirales	f__Papillomaviridae	g__Betapapillomavirus	s__Betapapillomavirus 1	t__Human papillomavirus type 8	317	3.271729379931394	0.9915986799799122	0.992906683480454	set:M12737
SEVAD_2BF11.p1894	12658826	k__Viruses	p__Cossaviricota	c__Papovaviricetes	o__Zurhausenvirales	f__Papillomaviridae	g__Betapapillomavirus	s__Betapapillomavirus 1	t__human papillomavirus 21	28	0.28434187930209937	0.9969252601702934	0.9971297359357061	set:U31779
SEVAD_2BF11.p1894	12658826	k__Viruses	p__Cossaviricota	c__Papovaviricetes	o__Zurhausenvirales	f__Papillomaviridae	g__Betapapillomavirus	s__Betapapillomavirus 1	t__human papillomavirus 24	174	1.8445183141718398	0.9917168083339064	0.9934447722058342	set:U31782
SEVAD_2BF11.p1894	12658826	k__Viruses	p__Cossaviricota	c__Papovaviricetes	o__Zurhausenvirales	f__Papillomaviridae	g__Betapapillomavirus	s__Betapapillomavirus 2	t__Human papillomavirus 107	322	3.3637659362003247	0.9945004563706908	0.9952701734269743	set:EF422221
SEVAD_2BF11.p1894	12658826	k__Viruses	p__Cossaviricota	c__Papovaviricetes	o__Zurhausenvirales	f__Papillomaviridae	g__Betapapillomavirus	s__Betapapillomavirus 2	t__Human papillomavirus 120	272	2.9406027992373285	0.9792586635568509	0.980811232449298	set:JQ963484
SEVAD_2BF11.p1894	12658826	k__Viruses	p__Cossaviricota	c__Papovaviricetes	o__Zurhausenvirales	f__Papillomaviridae	g__Betapapillomavirus	s__Betapapillomavirus 3	t__Human papillomavirus type 49	3	0.031347725043807124	0.9933774834437085	0.9933774834437086	GCF_000862825.1
SEVAD_2BF11.p1894	12658826	k__Viruses	p__Cossaviricota	c__Papovaviricetes	o__Zurhausenvirales	f__Papillomaviridae	g__Betapapillomavirus	s__Betapapillomavirus 4	t__Human papillomavirus type 92	287	3.038725192425019	0.9905506545414702	0.9918857513794223	GCF_000846285.1
SEVAD_2BF11.p1894	12658826	k__Viruses	p__Cossaviricota	c__Papovaviricetes	o__Zurhausenvirales	f__Papillomaviridae	g__Betapapillomavirus	s__Betapapillomavirus 5	t__human papillomavirus 150	1866	19.823431203334472	0.995693417726249	0.9975793437331899	set:FN677755
SEVAD_2BF11.p1894	12658826	k__Viruses	p__Cossaviricota	c__Papovaviricetes	o__Zurhausenvirales	f__Papillomaviridae	g__Betapapillomavirus	s__Betapapillomavirus 5	t__unclassified_Betapapillomavirus 5	308	3.2711549166444396	0.940605607360197	0.9328138528138528	GCF_000864825.1
SEVAD_2BF11.p1894	12658826	k__Viruses	p__Cossaviricota	c__Quintoviricetes	o__Piccovirales	f__Parvoviridae	g__Erythroparvovirus	s__Erythroparvovirus primate1	t__Human parvovirus B19	15	0.2135803905291834	0.98719646799117	0.9905163329820864	acc:ON023021.1
MODAD_2BF4.p1894	15378362	k__Viruses	p__unclassified_Viruses	c__unclassified_Viruses	o__unclassified_Viruses	f__Anelloviridae	g__unclassified_Anelloviridae	s__Torque teno virus	t__Torque teno virus	23	0.41893779264737846	0.9664250336103862	0.9679786524349566	set:AB064597
MODAD_2BF4.p1894	15378362	k__Viruses	p__Peploviricota	c__Herviviricetes	o__Herpesvirales	f__Orthoherpesviridae	g__Lymphocryptovirus	s__Lymphocryptovirus humangamma4	t__Human herpesvirus 4 type 2	29	0.010975052859700438	0.9924640328842204	0.999213217938631	GCF_002402265.1
MODAD_2BF4.p1894	15378362	k__Viruses	p__Peploviricota	c__Herviviricetes	o__Herpesvirales	f__Orthoherpesviridae	g__Simplexvirus	s__Simplexvirus humanalpha1	t__Human alphaherpesvirus 1	28	0.011961083655573967	0.9921786913077852	0.9949066213921901	GCF_000859985.2
SEVAD_1BF2.p1894	9196780	k__Viruses	p__Cossaviricota	c__Papovaviricetes	o__Zurhausenvirales	f__Papillomaviridae	g__Betapapillomavirus	s__Betapapillomavirus 1	t__Human papillomavirus 93	5	0.07297564360540487	1.0	1.0	set:AY382778
SEVAD_1BF2.p1894	9196780	k__Viruses	p__Cossaviricota	c__Papovaviricetes	o__Zurhausenvirales	f__Papillomaviridae	g__Betapapillomavirus	s__Betapapillomavirus 4	t__Human papillomavirus type 92	68	0.9910055234016379	0.9952110769506719	0.9947578632051922	GCF_000846285.1
SEVAD_1BF2.p1894	9196780	k__Viruses	p__Cossaviricota	c__Papovaviricetes	o__Zurhausenvirales	f__Papillomaviridae	g__Betapapillomavirus	s__Betapapillomavirus 5	t__Human papillomavirus type 96	64	0.9355952371889499	0.99237600629861	0.9930664985817838	GCF_000864825.1
SEVAD_1BF2.p1894	9196780	k__Viruses	p__Cossaviricota	c__Quintoviricetes	o__Piccovirales	f__Parvoviridae	g__Erythroparvovirus	s__Erythroparvovirus primate1	t__Human parvovirus B19	52	1.016751099900516	0.9870879449501447	0.9869444444444444	acc:ON023025.1
SEVAD_1BF2.p1894	9196780	k__Viruses	p__Cossaviricota	c__Papovaviricetes	o__Sepolyvirales	f__Polyomaviridae	g__Alphapolyomavirus	s__Alphapolyomavirus quintihominis	t__Merkel cell polyomavirus	4	0.08073785704254928	0.9900662251655629	0.9933774834437086	GCF_000874865.1
SEVAD_2BF9.p1894	15872010	k__Viruses	p__Peploviricota	c__Herviviricetes	o__Herpesvirales	f__Orthoherpesviridae	g__Lymphocryptovirus	s__Lymphocryptovirus humangamma4	t__unclassified_Lymphocryptovirus humangamma4	4	0.0014587296557849719	0.9983443708609272	1.0	GCF_000872045.1
SEVAD_2BF9.p1894	15872010	k__Viruses	p__Peploviricota	c__Herviviricetes	o__Herpesvirales	f__Orthoherpesviridae	g__Roseolovirus	s__Roseolovirus humanbeta6b	t__Human betaherpesvirus 6B	15	0.0058296007034872414	0.9735099337748346	0.9888776541961577	GCF_000846365.1
SEVAD_2BF9.p1894	15872010	k__Viruses	p__Cossaviricota	c__Papovaviricetes	o__Zurhausenvirales	f__Papillomaviridae	g__Betapapillomavirus	s__Betapapillomavirus 1	t__Human papillomavirus 5	4	0.03253498195869285	0.9801324503311258	0.9792746113989638	GCF_000866505.1
SEVAD_2BF9.p1894	15872010	k__Viruses	p__Cossaviricota	c__Papovaviricetes	o__Zurhausenvirales	f__Papillomaviridae	g__Betapapillomavirus	s__Betapapillomavirus 1	t__Human papillomavirus 93	8	0.06765529402739191	0.9701986754966886	0.9775280898876404	set:AY382778
SEVAD_2BF9.p1894	15872010	k__Viruses	p__Cossaviricota	c__Papovaviricetes	o__Zurhausenvirales	f__Papillomaviridae	g__Betapapillomavirus	s__Betapapillomavirus 1	t__Human papillomavirus type 195	130	1.0821137578532347	0.9968415690269996	0.9985675917636526	set:KR816182
SEVAD_2BF9.p1894	15872010	k__Viruses	p__Cossaviricota	c__Papovaviricetes	o__Zurhausenvirales	f__Papillomaviridae	g__Betapapillomavirus	s__Betapapillomavirus 1	t__Human papillomavirus type 8	2	0.016463023925531416	0.9834437086092715	0.9834437086092715	set:M12737
SEVAD_2BF9.p1894	15872010	k__Viruses	p__Cossaviricota	c__Papovaviricetes	o__Zurhausenvirales	f__Papillomaviridae	g__Betapapillomavirus	s__Betapapillomavirus 1	t__human papillomavirus 24	52	0.43964138664471997	0.9955425369332656	0.995249406175772	set:U31782
SEVAD_2BF9.p1894	15872010	k__Viruses	p__Cossaviricota	c__Papovaviricetes	o__Zurhausenvirales	f__Papillomaviridae	g__Betapapillomavirus	s__Betapapillomavirus 2	t__Human papillomavirus 100	6	0.0512227581813079	1.0	1.0	set:FM955839
SEVAD_2BF9.p1894	15872010	k__Viruses	p__Cossaviricota	c__Papovaviricetes	o__Zurhausenvirales	f__Papillomaviridae	g__Betapapillomavirus	s__Betapapillomavirus 2	t__Human papillomavirus 110	176	1.4938303504094752	0.9758766277947768	0.975495551740284	set:EU410348
SEVAD_2BF9.p1894	15872010	k__Viruses	p__Cossaviricota	c__Papovaviricetes	o__Zurhausenvirales	f__Papillomaviridae	g__Betapapillomavirus	s__Betapapillomavirus 2	t__Human papillomavirus 113	24	0.2040064519039678	0.9980684326710817	0.9972707423580786	set:FM955842
SEVAD_2BF9.p1894	15872010	k__Viruses	p__Cossaviricota	c__Papovaviricetes	o__Zurhausenvirales	f__Papillomaviridae	g__Betapapillomavirus	s__Betapapillomavirus 2	t__Human papillomavirus 120	86	0.7415277624769055	0.9922223933466813	0.9945523448602558	set:JQ963484
SEVAD_2BF9.p1894	15872010	k__Viruses	p__Cossaviricota	c__Papovaviricetes	o__Zurhausenvirales	f__Papillomaviridae	g__Betapapillomavirus	s__Betapapillomavirus 2	t__Human papillomavirus 122	2	0.01703501218413106	0.9966887417218543	0.9965986394557823	set:GQ845444
SEVAD_2BF9.p1894	15872010	k__Viruses	p__Cossaviricota	c__Papovaviricetes	o__Zurhausenvirales	f__Papillomaviridae	g__Betapapillomavirus	s__Betapapillomavirus 2	t__Human papillomavirus 23	44	0.3785056898924609	0.9983443708609272	0.998211731044349	set:U31781
SEVAD_2BF9.p1894	15872010	k__Viruses	p__Cossaviricota	c__Papovaviricetes	o__Zurhausenvirales	f__Papillomaviridae	g__Betapapillomavirus	s__Betapapillomavirus 2	t__Human papillomavirus 9	6	0.050850680034712444	0.9977924944812363	0.9977924944812362	GCF_000863685.1
SEVAD_2BF9.p1894	15872010	k__Viruses	p__Cossaviricota	c__Papovaviricetes	o__Zurhausenvirales	f__Papillomaviridae	g__Betapapillomavirus	s__Betapapillomavirus 2	t__Human papillomavirus type 38b	317	2.6989548165505086	0.9962859560481325	0.9985801505040466	set:DQ090005
SEVAD_2BF9.p1894	15872010	k__Viruses	p__Cossaviricota	c__Papovaviricetes	o__Zurhausenvirales	f__Papillomaviridae	g__Betapapillomavirus	s__Betapapillomavirus 3	t__human papillomavirus 115	10	0.08427500342831556	0.9589403973509933	0.9646017699115044	acc:OL700030.1
SEVAD_2BF9.p1894	15872010	k__Viruses	p__Cossaviricota	c__Papovaviricetes	o__Zurhausenvirales	f__Papillomaviridae	g__Betapapillomavirus	s__Betapapillomavirus 3	t__human papillomavirus 76	12	0.10015206130031853	0.9966887417218544	0.9960238568588469	set:Y15174
SEVAD_2BF9.p1894	15872010	k__Viruses	p__Cossaviricota	c__Papovaviricetes	o__Zurhausenvirales	f__Papillomaviridae	g__Gammapapillomavirus	s__Gammapapillomavirus 12	t__Human papillomavirus 157	122	1.0744320789330533	0.996743024644447	0.9974648985959438	set:KT698166
SEVAD_2BF9.p1894	15872010	k__Viruses	p__Cossaviricota	c__Papovaviricetes	o__Zurhausenvirales	f__Papillomaviridae	g__Gammapapillomavirus	s__Gammapapillomavirus 12	t__Human papillomavirus 199	3	0.026310130524641723	0.9889624724061811	0.9889624724061811	set:KT372348
SEVAD_2BF9.p1894	15872010	k__Viruses	p__Cossaviricota	c__Papovaviricetes	o__Zurhausenvirales	f__Papillomaviridae	g__Gammapapillomavirus	s__Gammapapillomavirus 15	t__Human papillomavirus 135	33	0.28508593919913444	0.9945815773630344	0.9963963963963964	GCF_000898235.1
SEVAD_2BF9.p1894	15872010	k__Viruses	p__Cossaviricota	c__Papovaviricetes	o__Zurhausenvirales	f__Papillomaviridae	g__Gammapapillomavirus	s__Gammapapillomavirus 16	t__Human papillomavirus type 137	4	0.03482807770205015	0.9884105960264901	0.9811320754716981	GCF_000897255.1
SEVAD_2BF9.p1894	15872010	k__Viruses	p__Cossaviricota	c__Papovaviricetes	o__Zurhausenvirales	f__Papillomaviridae	g__Gammapapillomavirus	s__Gammapapillomavirus 7	t__Human papillomavirus 109	10	0.08576639336102466	0.9966887417218544	0.9982014388489209	GCF_000883695.1
SEVAD_2BF9.p1894	15872010	k__Viruses	p__Cossaviricota	c__Papovaviricetes	o__Zurhausenvirales	f__Papillomaviridae	g__Gammapapillomavirus	s__Gammapapillomavirus 8	t__Gammapapillomavirus 8	14	0.1208626878435355	0.9847040376841703	0.9874815905743741	set:MF588705
SEVAD_2BF9.p1894	15872010	k__Viruses	p__Cossaviricota	c__Papovaviricetes	o__Zurhausenvirales	f__Papillomaviridae	g__Gammapapillomavirus	s__Gammapapillomavirus 9	t__Gammapapillomavirus 9	191	1.6582282733270863	0.9884634605682703	0.9893724696356275	set:MF588712
SEVAD_2BF9.p1894	15872010	k__Viruses	p__Cossaviricota	c__Papovaviricetes	o__Zurhausenvirales	f__Papillomaviridae	g__unclassified_Papillomaviridae	s__Human papillomavirus	t__Human papillomavirus	145	1.2700876487436608	0.9902263120075278	0.9925068294034217	set:MH777290,set:MH777205,set:MH777278,set:MH777256,set:MH777250,set:MH777248
SEVAD_2BF9.p1894	15872010	k__Viruses	p__Cossaviricota	c__Papovaviricetes	o__Zurhausenvirales	f__Papillomaviridae	g__unclassified_Papillomaviridae	s__Human papillomavirus	t__unclassified_Human papillomavirus	10	0.08483101193349765	0.9195995944266606	0.9164179104477612	set:KX781286
SEVAD_2BF9.p1894	15872010	k__Viruses	p__Cossaviricota	c__Papovaviricetes	o__Sepolyvirales	f__Polyomaviridae	g__Alphapolyomavirus	s__Alphapolyomavirus quintihominis	t__Merkel cell polyomavirus	3887	45.460649543793366	0.9966855441950981	0.9986988847583643	GCF_000874865.1
SEVAD_2BH11.p1894	31474206	k__Viruses	p__unclassified_Viruses	c__unclassified_Viruses	o__unclassified_Viruses	f__Anelloviridae	g__unclassified_Anelloviridae	s__Torque teno virus	t__Torque teno virus	10	0.10342463709277792	0.9536423841059601	0.9704641350210971	set:KP343840
SEVAD_2BH11.p1894	31474206	k__Viruses	p__Cossaviricota	c__Papovaviricetes	o__Zurhausenvirales	f__Papillomaviridae	g__Betapapillomavirus	s__Betapapillomavirus 2	t__Betapapillomavirus 2	9	0.03904799080078006	0.99260214034204	0.9937369519832986	set:MF588682
SEVAD_2BH11.p1894	31474206	k__Viruses	p__Cossaviricota	c__Papovaviricetes	o__Zurhausenvirales	f__Papillomaviridae	g__unclassified_Papillomaviridae	s__Human papillomavirus	t__Human papillomavirus	28	0.12143289085684392	0.9917218543046359	0.9958620689655172	set:MH777330
SEVAD_2BH11.p1894	31474206	k__Viruses	p__Cossaviricota	c__Quintoviricetes	o__Piccovirales	f__Parvoviridae	g__Erythroparvovirus	s__Erythroparvovirus primate1	t__Human parvovirus B19	12	0.06813162655089644	0.9828918322295807	0.9907550077041603	GCF_000839645.1
SEVAD_2BH11.p1894	31474206	k__Viruses	p__Cossaviricota	c__Quintoviricetes	o__Piccovirales	f__Parvoviridae	g__unclassified_Parvoviridae	s__Bat associated densovirus	t__unclassified_Bat associated densovirus	2	0.01279325488822282	0.9337748344370861	0.9421052631578948	GCF_029885705.1
SEVAD_2BH11.p1894	31474206	k__Viruses	p__Artverviricota	c__Revtraviricetes	o__Ortervirales	f__Retroviridae	g__Gammaretrovirus	s__Gammaretrovirus woomonsar	t__unclassified_Gammaretrovirus woomonsar	1	0.005497845391054054	0.9006622516556292	0.9006622516556292	GCF_000870685.2
SEVAD_2BO12.p1894	13702156	k__Viruses	p__unclassified_Viruses	c__unclassified_Viruses	o__unclassified_Viruses	f__Anelloviridae	g__Betatorquevirus	s__TTV-like mini virus	t__unclassified_TTV-like mini virus	22	0.5457494620196289	0.950951986754967	0.9465948199031988	acc:MN769940.1,acc:MN769666.1
SEVAD_2BO12.p1894	13702156	k__Viruses	p__Peploviricota	c__Herviviricetes	o__Herpesvirales	f__Orthoherpesviridae	g__Lymphocryptovirus	s__Lymphocryptovirus humangamma4	t__Human gammaherpesvirus 4	12	0.005096957835277144	0.980132450331126	0.988	GCF_002402265.1
SEVAD_2BO12.p1894	13702156	k__Viruses	p__Cossaviricota	c__Quintoviricetes	o__Piccovirales	f__Parvoviridae	g__Dependoparvovirus	s__Adeno-associated virus	t__Adeno-associated virus	270	4.2104547410135815	0.9779255990810175	0.9764553686934023	set:MK139278
SEVAD_2BO12.p1894	13702156	k__Viruses	p__Cossaviricota	c__Quintoviricetes	o__Piccovirales	f__Parvoviridae	g__Erythroparvovirus	s__Erythroparvovirus primate1	t__Human parvovirus B19	4	0.05168641325134708	0.9933774834437086	0.9933774834437086	acc:ON023019.1
HELTHY_1BF4.p1894	20440272	k__Viruses	p__unclassified_Viruses	c__unclassified_Viruses	o__unclassified_Viruses	f__Anelloviridae	g__Betatorquevirus	s__TTV-like mini virus	t__TTV-like mini virus	9	0.1519873152472897	0.9838116261957323	0.9834254143646409	acc:MN770531.1
HELTHY_1BF4.p1894	20440272	k__Viruses	p__unclassified_Viruses	c__unclassified_Viruses	o__unclassified_Viruses	f__Anelloviridae	g__unclassified_Anelloviridae	s__SEN virus	t__SEN virus	141	1.7963924354822676	0.9761891264755923	0.9750505731625084	set:KM593802
HELTHY_1BF4.p1894	20440272	k__Viruses	p__unclassified_Viruses	c__unclassified_Viruses	o__unclassified_Viruses	f__Anelloviridae	g__unclassified_Anelloviridae	s__Torque teno virus	t__unclassified_Torque teno virus	6	0.09555278912139721	0.9239709128684588	0.9303135888501742	set:KP343840
HELTHY_1BF4.p1894	20440272	k__Viruses	p__Cossaviricota	c__Papovaviricetes	o__Zurhausenvirales	f__Papillomaviridae	g__Betapapillomavirus	s__Betapapillomavirus 1	t__human papillomavirus 20	8	0.0504556174089523	0.9950331125827815	0.9951632406287787	set:U31778
HELTHY_1BF4.p1894	20440272	k__Viruses	p__Cossaviricota	c__Papovaviricetes	o__Zurhausenvirales	f__Papillomaviridae	g__Betapapillomavirus	s__Betapapillomavirus 2	t__Human papillomavirus 100	6	0.039774819536711685	0.9933774834437087	0.9960474308300395	set:FM955839
HELTHY_1BF4.p1894	20440272	k__Viruses	p__Cossaviricota	c__Papovaviricetes	o__Zurhausenvirales	f__Papillomaviridae	g__Gammapapillomavirus	s__Gammapapillomavirus 3	t__Human papillomavirus type 50	12	0.08171998000582745	0.9624724061810155	0.9691833590138675	GCF_000841625.1
HELTHY_1BF4.p1894	20440272	k__Viruses	p__Cossaviricota	c__Papovaviricetes	o__Sepolyvirales	f__Polyomaviridae	g__Alphapolyomavirus	s__Alphapolyomavirus quintihominis	t__Merkel cell polyomavirus	4	0.036326733269096245	1.0	1.0	GCF_000874865.1
SEVAD_1BF9.p1894	11200792	k__Viruses	p__Peploviricota	c__Herviviricetes	o__Herpesvirales	f__Orthoherpesviridae	g__Simplexvirus	s__Simplexvirus humanalpha1	t__Human alphaherpesvirus 1	816	0.47859042175653743	0.9913972076810242	0.9933565237226277	GCF_000859985.2
SEVAD_1BF9.p1894	11200792	k__Viruses	p__Cossaviricota	c__Papovaviricetes	o__Zurhausenvirales	f__Papillomaviridae	g__Gammapapillomavirus	s__Human papillomavirus type 194	t__Human papillomavirus type 194	2	0.02459487629659687	0.990066225165563	0.99	set:KR816181
SEVAD_1BF9.p1894	11200792	k__Viruses	p__Cossaviricota	c__Quintoviricetes	o__Piccovirales	f__Parvoviridae	g__Erythroparvovirus	s__Erythroparvovirus primate1	t__Human parvovirus B19	12	0.18968711251412174	0.9939293598233996	0.9958992384299942	acc:ON023019.1
SEVAD_2BH17.p1894	12293916	k__Viruses	p__unclassified_Viruses	c__unclassified_Viruses	o__unclassified_Viruses	f__Anelloviridae	g__unclassified_Anelloviridae	s__SEN virus	t__SEN virus	19	0.4024687224694448	0.9212269083304289	0.956661316211878	set:KM593802
SEVAD_2BH17.p1894	12293916	k__Viruses	p__unclassified_Viruses	c__unclassified_Viruses	o__unclassified_Viruses	f__Anelloviridae	g__unclassified_Anelloviridae	s__Torque teno virus	t__unclassified_Torque teno virus	12	0.2734152842605339	0.9178394039735099	0.9342403628117913	set:AB064597
SEVAD_2BH17.p1894	12293916	k__Viruses	p__Peploviricota	c__Herviviricetes	o__Herpesvirales	f__Orthoherpesviridae	g__Lymphocryptovirus	s__Lymphocryptovirus humangamma4	t__Human gammaherpesvirus 4	1	0.00047340022620667103	0.9933774834437086	0.9933774834437086	GCF_002402265.1
SEVAD_2BH17.p1894	12293916	k__Viruses	p__Peploviricota	c__Herviviricetes	o__Herpesvirales	f__Orthoherpesviridae	g__Roseolovirus	s__Roseolovirus humanbeta6b	t__Human betaherpesvirus 6B	6	0.003010512863818381	1.0	1.0	GCF_000846365.1
SEVAD_2BH17.p1894	12293916	k__Viruses	p__Cossaviricota	c__Quintoviricetes	o__Piccovirales	f__Parvoviridae	g__Dependoparvovirus	s__Adeno-associated virus	t__Adeno-associated virus	71	1.234283894377672	0.9775207536610395	0.9654073736913974	GCF_000838645.1
SEVAD_2BH17.p1894	12293916	k__Viruses	p__Cossaviricota	c__Quintoviricetes	o__Piccovirales	f__Parvoviridae	g__Erythroparvovirus	s__Erythroparvovirus primate1	t__Human parvovirus B19	113	1.656730050221431	0.9869247647115968	0.9874418604651163	acc:ON023021.1
HELTHY_1BF1.p1894	25243546	k__Viruses	p__unclassified_Viruses	c__unclassified_Viruses	o__unclassified_Viruses	f__Anelloviridae	g__Alphatorquevirus	s__Alphatorquevirus homin10	t__Torque teno virus 10	89	0.9351866435762598	0.9616645981426833	0.9555895865237366	GCF_000887255.1
HELTHY_1BF1.p1894	25243546	k__Viruses	p__unclassified_Viruses	c__unclassified_Viruses	o__unclassified_Viruses	f__Anelloviridae	g__Betatorquevirus	s__TTV-like mini virus	t__TTV-like mini virus	7	0.09880643251324639	0.9599654741239578	0.978525968413609	acc:MN769401.1,acc:MN771219.1
HELTHY_1BF1.p1894	25243546	k__Viruses	p__unclassified_Viruses	c__unclassified_Viruses	o__unclassified_Viruses	f__Anelloviridae	g__unclassified_Anelloviridae	s__SEN virus	t__SEN virus	43	0.4435952328831563	0.976436162020638	0.9752925877763329	set:KM593802
HELTHY_1BF1.p1894	25243546	k__Viruses	p__unclassified_Viruses	c__unclassified_Viruses	o__unclassified_Viruses	f__Anelloviridae	g__unclassified_Anelloviridae	s__Torque teno virus	t__unclassified_Torque teno virus	6	0.06324760922823817	0.9459161147902869	0.9470198675496688	set:AJ620222
HELTHY_1BF1.p1894	25243546	k__Viruses	p__Cossaviricota	c__Papovaviricetes	o__Zurhausenvirales	f__Papillomaviridae	g__Betapapillomavirus	s__Betapapillomavirus 1	t__human papillomavirus 118	6	0.031286628337464664	0.9966887417218544	0.9966887417218543	set:GQ246951
HELTHY_1BF1.p1894	25243546	k__Viruses	p__Cossaviricota	c__Papovaviricetes	o__Zurhausenvirales	f__Papillomaviridae	g__Betapapillomavirus	s__Betapapillomavirus 2	t__Human papillomavirus 23	10	0.054088047396622756	0.9867549668874173	0.9866666666666667	set:U31781
HELTHY_1BF1.p1894	25243546	k__Viruses	p__Cossaviricota	c__Papovaviricetes	o__Zurhausenvirales	f__Papillomaviridae	g__unclassified_Papillomaviridae	s__Human papillomavirus	t__Human papillomavirus	14	0.07766861104945533	0.9886865342163356	0.9883616797110175	set:MH777375,set:MG063749
HELTHY_1BF1.p1894	25243546	k__Viruses	p__Pisuviricota	c__Pisoniviricetes	o__Picornavirales	f__Picornaviridae	g__Enterovirus	s__Rhinovirus A	t__rhinovirus A7	12	0.0665223944807498	0.9751655629139074	0.9823943661971831	set:FJ445176
SEVAD_1BH8.p1894	18140354	k__Viruses	p__Negarnaviricota	c__Insthoviricetes	o__Articulavirales	f__Orthomyxoviridae	g__Alphainfluenzavirus	s__Alphainfluenzavirus influenzae	t__H3N2	2	0.008202010987764408	0.9867549668874173	0.9867549668874173	GCA_052872965.1
SEVAD_2BO10.p1894	11141850	k__Viruses	p__Pisuviricota	c__Pisoniviricetes	o__Picornavirales	f__Dicistroviridae	g__Cripavirus	s__Cripavirus mortiferum	t__Aphid lethal paralysis virus	6	0.05417607761568266	0.9701986754966888	0.9695945945945946	set:KJ817182
SEVAD_2BO10.p1894	11141850	k__Viruses	p__Peploviricota	c__Herviviricetes	o__Herpesvirales	f__Orthoherpesviridae	g__Cytomegalovirus	s__Cytomegalovirus humanbeta5	t__Human betaherpesvirus 5	113	0.04303889018519804	0.9791400151701752	0.9877201112140871	GCF_000845245.1
SEVAD_2BO10.p1894	11141850	k__Viruses	p__Cossaviricota	c__Quintoviricetes	o__Piccovirales	f__Parvoviridae	g__Erythroparvovirus	s__Erythroparvovirus primate1	t__Human parvovirus B19	4	0.06415418292826847	0.9917218543046358	0.9933774834437086	GCF_000839645.1
SEVAD_2BF10.p1894	28673210	k__Viruses	p__Peploviricota	c__Herviviricetes	o__Herpesvirales	f__Orthoherpesviridae	g__Roseolovirus	s__Roseolovirus humanbeta7	t__Human betaherpesvirus 7	15	0.0034174053111284955	0.9991169977924945	0.9971056439942113	GCF_000848125.1
SEVAD_2BF10.p1894	28673210	k__Viruses	p__Cossaviricota	c__Quintoviricetes	o__Piccovirales	f__Parvoviridae	g__Erythroparvovirus	s__Erythroparvovirus primate1	t__Human parvovirus B19	26	0.16054705536728406	0.9915944982170148	0.9897879025923016	acc:ON023019.1
MODAD_1BF2.p1894	30762774	k__Viruses	p__Cossaviricota	c__Papovaviricetes	o__Zurhausenvirales	f__Papillomaviridae	g__Betapapillomavirus	s__Betapapillomavirus 2	t__Human papillomavirus 22	9	0.03970702938998625	0.9638480980260421	0.9705882352941176	set:U31780
MODAD_1BF2.p1894	30762774	k__Viruses	p__Cossaviricota	c__Quintoviricetes	o__Piccovirales	f__Parvoviridae	g__Erythroparvovirus	s__Erythroparvovirus primate1	t__Human parvovirus B19	156	0.9118978848145881	0.9827957414877948	0.9849110831686725	acc:ON023025.1
MODAD_1BF2.p1894	30762774	k__Viruses	p__Pisuviricota	c__Pisoniviricetes	o__Picornavirales	f__Picornaviridae	g__Enterovirus	s__Rhinovirus A	t__rhinovirus A20	15	0.06835865987789587	0.9779249448123623	0.9801324503311258	acc:MZ629131.1
SEVAD_1BF7.p1894	9848324	k__Viruses	p__unclassified_Viruses	c__unclassified_Viruses	o__unclassified_Viruses	f__Anelloviridae	g__Alphatorquevirus	s__Torque teno virus 16	t__Torque teno virus 16	61	1.622301549318894	0.9635141763124735	0.9583333333333334	GCF_000889855.1
SEVAD_1BF7.p1894	9848324	k__Viruses	p__unclassified_Viruses	c__unclassified_Viruses	o__unclassified_Viruses	f__Anelloviridae	g__unclassified_Anelloviridae	s__Torque teno virus	t__Torque teno virus	15	0.39903112361649157	0.9619235129168904	0.9624413145539906	set:MK452766
SEVAD_1BF7.p1894	9848324	k__Viruses	p__Cressdnaviricota	c__Arfiviricetes	o__Cirlivirales	f__Circoviridae	g__unclassified_Circoviridae	s__Circovirus-like genome DCCV-7	t__unclassified_Circovirus-like genome DCCV-7	1	0.03361142665440028	0.9097222222222222	0.9097222222222222	GCF_001684545.1
SEVAD_1BF7.p1894	9848324	k__Viruses	p__Cressdnaviricota	c__Arfiviricetes	o__Saturnivirales	f__Kanorauviridae	g__Scythevirus	s__Scythevirus dianchis	t__Circovirus-like genome DCCV-13	2	0.08346906693213584	0.9867549668874173	0.9867549668874173	GCF_001684925.1
SEVAD_1BF7.p1894	9848324	k__Viruses	p__Cossaviricota	c__Quintoviricetes	o__Piccovirales	f__Parvoviridae	g__Dependoparvovirus	s__Adeno-associated virus	t__Adeno-associated virus	2	0.04343033358551892	0.990066225165563	0.9900662251655629	set:MK139293
SEVAD_1BF7.p1894	9848324	k__Viruses	p__Cossaviricota	c__Quintoviricetes	o__Piccovirales	f__Parvoviridae	g__Erythroparvovirus	s__Erythroparvovirus primate1	t__Human parvovirus B19	84	1.53378350539961	0.9912402362395606	0.9912758996728462	acc:ON023025.1
SEVAD_1BF7.p1894	9848324	k__Viruses	p__Cossaviricota	c__Papovaviricetes	o__Sepolyvirales	f__Polyomaviridae	g__Alphapolyomavirus	s__Alphapolyomavirus quintihominis	t__Merkel cell polyomavirus	9	0.16964193044486522	0.9926416482707876	0.9948096885813149	GCF_000874865.1
SEVAD_2BF15.p1894	26406306	k__Viruses	p__unclassified_Viruses	c__unclassified_Viruses	o__unclassified_Viruses	f__Anelloviridae	g__unclassified_Anelloviridae	s__Torque teno virus	t__Torque teno virus	30	0.3047461751027504	0.9616419564756431	0.9590653249189834	set:MK452766,GCF_000893775.1
SEVAD_2BF15.p1894	26406306	k__Viruses	p__Peploviricota	c__Herviviricetes	o__Herpesvirales	f__Orthoherpesviridae	g__Roseolovirus	s__Roseolovirus humanbeta6b	t__Human betaherpesvirus 6B	294	0.06867823999958299	0.9938902299705006	0.996014822065301	GCF_000846365.1
SEVAD_2BF15.p1894	26406306	k__Viruses	p__Peploviricota	c__Herviviricetes	o__Herpesvirales	f__Orthoherpesviridae	g__Varicellovirus	s__Varicellovirus humanalpha3	t__Human alphaherpesvirus 3	23	0.006974504900649167	0.9924545121070965	0.996033494931688	GCF_000858285.1
SEVAD_2BF15.p1894	26406306	k__Viruses	p__Cossaviricota	c__Papovaviricetes	o__Zurhausenvirales	f__Papillomaviridae	g__Gammapapillomavirus	s__Gammapapillomavirus sp.	t__Gammapapillomavirus sp.	2	0.010400917927619865	0.9862068965517241	0.9862068965517241	GCF_004131665.1
SEVAD_2BH15.p1894	17910246	k__Viruses	p__Cossaviricota	c__Quintoviricetes	o__Piccovirales	f__Parvoviridae	g__Erythroparvovirus	s__Erythroparvovirus primate1	t__Human parvovirus B19	54	0.5434451990550844	0.989207750797155	0.9920350457984867	acc:ON023021.1
SEVAD_2BO7.p1894	13993076	k__Viruses	p__Cossaviricota	c__Papovaviricetes	o__Zurhausenvirales	f__Papillomaviridae	g__Betapapillomavirus	s__Betapapillomavirus 2	t__Betapapillomavirus 2	2	0.019517660914740286	0.9966887417218543	0.9966887417218543	set:MF588682
SEVAD_2BO7.p1894	13993076	k__Viruses	p__Cossaviricota	c__Quintoviricetes	o__Piccovirales	f__Parvoviridae	g__Erythroparvovirus	s__Erythroparvovirus primate1	t__Human parvovirus B19	31	0.3922417455061913	0.9878231147190774	0.9915123456790124	acc:ON023019.1
SEVAD_2BO7.p1894	13993076	k__Viruses	p__Cossaviricota	c__Quintoviricetes	o__Piccovirales	f__Parvoviridae	g__unclassified_Parvoviridae	s__unclassified_Parvoviridae	t__unclassified_Parvoviridae	1	0.014387742186293849	0.9470198675496688	0.9470198675496688	GCF_029885705.1
SEVAD_1BF10.p1894	16514778	k__Viruses	p__Peploviricota	c__Herviviricetes	o__Herpesvirales	f__Orthoherpesviridae	g__Lymphocryptovirus	s__Lymphocryptovirus humangamma4	t__Human herpesvirus 4 type 2	7	0.0024534208359841317	0.9924314096499527	0.9956128324650397	GCF_000872045.1
SEVAD_1BF10.p1894	16514778	k__Viruses	p__Cossaviricota	c__Papovaviricetes	o__Zurhausenvirales	f__Papillomaviridae	g__Betapapillomavirus	s__Betapapillomavirus 1	t__Human papillomavirus 5	3	0.023451521373683885	1.0	1.0	GCF_000866505.1
SEVAD_1BF10.p1894	16514778	k__Viruses	p__Cossaviricota	c__Papovaviricetes	o__Sepolyvirales	f__Polyomaviridae	g__Alphapolyomavirus	s__Alphapolyomavirus quintihominis	t__Merkel cell polyomavirus	4	0.04496144658388847	1.0	1.0	GCF_000874865.1
SEVAD_1BH4.p1894	13606584	k__Viruses	p__unclassified_Viruses	c__unclassified_Viruses	o__unclassified_Viruses	f__Anelloviridae	g__unclassified_Anelloviridae	s__Torque teno virus	t__TT virus sle1931	2	0.03909246388491199	0.9791666666666666	0.9791666666666666	set:AM712003
SEVAD_1BH4.p1894	13606584	k__Viruses	p__Cossaviricota	c__Quintoviricetes	o__Piccovirales	f__Parvoviridae	g__Erythroparvovirus	s__Erythroparvovirus primate1	t__Human parvovirus B19	37	0.48898971189255136	0.9858600322176483	0.9881031064111038	acc:ON023025.1
SEVAD_BH5.p1894	14639070	k__Viruses	p__unclassified_Viruses	c__unclassified_Viruses	o__unclassified_Viruses	f__Anelloviridae	g__unclassified_Anelloviridae	s__unclassified_Anelloviridae	t__unclassified_Anelloviridae	2	0.03679523313545355	0.8999955553580159	0.8907103825136612	acc:MN768563.1
SEVAD_BH5.p1894	14639070	k__Viruses	p__Peploviricota	c__Herviviricetes	o__Herpesvirales	f__Orthoherpesviridae	g__Roseolovirus	s__Roseolovirus humanbeta6b	t__Human betaherpesvirus 6B	10	0.004213723078572457	1.0	1.0	GCF_000846365.1
SEVAD_BH5.p1894	14639070	k__Viruses	p__Cossaviricota	c__Papovaviricetes	o__Zurhausenvirales	f__Papillomaviridae	g__Betapapillomavirus	s__Betapapillomavirus 2	t__Human papillomavirus 111	5	0.046255654330965276	0.985430463576159	0.9915254237288136	set:EU410349
SEVAD_1BH5.p1894	26256200	k__Viruses	p__Cressdnaviricota	c__Arfiviricetes	o__Cirlivirales	f__Circoviridae	g__unclassified_Circoviridae	s__Circovirus-like genome DCCV-4	t__Circovirus-like genome DCCV-4	2	0.025518420427128086	0.9933774834437086	0.994535519125683	GCF_001684685.1
SEVAD_1BH5.p1894	26256200	k__Viruses	p__Peploviricota	c__Herviviricetes	o__Herpesvirales	f__Orthoherpesviridae	g__Cytomegalovirus	s__Cytomegalovirus humanbeta5	t__Human betaherpesvirus 5	2	0.0003232496413050819	0.990066225165563	0.9933333333333333	GCF_000845245.1
SEVAD_1BH5.p1894	26256200	k__Viruses	p__Cossaviricota	c__Papovaviricetes	o__Zurhausenvirales	f__Papillomaviridae	g__Betapapillomavirus	s__Betapapillomavirus 2	t__Betapapillomavirus 2	2	0.010401814143790431	0.9966887417218543	0.9966887417218543	set:MF588682
SEVAD_1BH5.p1894	26256200	k__Viruses	p__Cossaviricota	c__Quintoviricetes	o__Piccovirales	f__Parvoviridae	g__Erythroparvovirus	s__Erythroparvovirus primate1	t__Human parvovirus B19	12	0.08091977865613739	0.990618101545254	0.9936808846761453	acc:ON023019.1
SEVAD_2BO6.p1894	10239564	k__Viruses	p__unclassified_Viruses	c__unclassified_Viruses	o__unclassified_Viruses	f__Anelloviridae	g__Betatorquevirus	s__TTV-like mini virus	t__TTV-like mini virus	3	0.10021071090266148	0.9631256476100374	0.963330275930597	acc:MN770601.1,acc:MN770232.1
SEVAD_2BO6.p1894	10239564	k__Viruses	p__unclassified_Viruses	c__unclassified_Viruses	o__unclassified_Viruses	f__Anelloviridae	g__Betatorquevirus	s__TTV-like mini virus	t__unclassified_TTV-like mini virus	16	0.5393988795553353	0.8887327697017632	0.9225631242117462	acc:MN771297.1,acc:MN769972.1,acc:MN769666.1,acc:MN771144.1
SEVAD_2BO6.p1894	10239564	k__Viruses	p__unclassified_Viruses	c__unclassified_Viruses	o__unclassified_Viruses	f__Anelloviridae	g__Betatorquevirus	s__unclassified_Betatorquevirus	t__unclassified_Betatorquevirus	5	0.16535795495609173	0.8675496688741722	0.8903225806451613	acc:MN769202.1
SEVAD_2BO6.p1894	10239564	k__Viruses	p__unclassified_Viruses	c__unclassified_Viruses	o__unclassified_Viruses	f__Anelloviridae	g__unclassified_Anelloviridae	s__Torque teno virus	t__Torque teno virus	1	0.025911490633342468	0.9801324503311258	0.9801324503311258	acc:PP374831.1
SEVAD_2BO6.p1894	10239564	k__Viruses	p__unclassified_Viruses	c__unclassified_Viruses	o__unclassified_Viruses	f__Anelloviridae	g__unclassified_Anelloviridae	s__Torque teno virus	t__unclassified_Torque teno virus	108	2.9096978216988343	0.9395713333558423	0.9382248822032313	set:AB064599,acc:MN768564.1,acc:OP985293.1,set:KP343833
SEVAD_2BO6.p1894	10239564	k__Viruses	p__Peploviricota	c__Herviviricetes	o__Herpesvirales	f__Orthoherpesviridae	g__Lymphocryptovirus	s__Lymphocryptovirus humangamma4	t__Human gammaherpesvirus 4	32	0.018160614716771373	0.9964817880794703	0.9979879275653923	set:LN827548
SEVAD_2BO6.p1894	10239564	k__Viruses	p__Negarnaviricota	c__Insthoviricetes	o__Articulavirales	f__Orthomyxoviridae	g__Alphainfluenzavirus	s__Alphainfluenzavirus influenzae	t__H3N2	2	0.014530636541744945	0.9834437086092715	0.9798387096774194	GCA_052872965.1
SEVAD_2BO6.p1894	10239564	k__Viruses	p__Cossaviricota	c__Papovaviricetes	o__Zurhausenvirales	f__Papillomaviridae	g__Betapapillomavirus	s__Betapapillomavirus 1	t__Betapapillomavirus 1	2	0.02587030680717027	0.9701986754966887	0.9701986754966887	set:MF588677
SEVAD_2BO6.p1894	10239564	k__Viruses	p__Cossaviricota	c__Papovaviricetes	o__Zurhausenvirales	f__Papillomaviridae	g__Betapapillomavirus	s__Betapapillomavirus 1	t__Human papillomavirus 99	8	0.10149172065166825	1.0	1.0	set:FM955838
SEVAD_2BO6.p1894	10239564	k__Viruses	p__Cossaviricota	c__Papovaviricetes	o__Zurhausenvirales	f__Papillomaviridae	g__Betapapillomavirus	s__Betapapillomavirus 2	t__Human papillomavirus 120	4	0.053461288187802256	0.9933774834437086	0.9966887417218543	set:JQ963484
SEVAD_2BO6.p1894	10239564	k__Viruses	p__Cossaviricota	c__Papovaviricetes	o__Zurhausenvirales	f__Papillomaviridae	g__unclassified_Papillomaviridae	s__Human papillomavirus	t__Human papillomavirus	1	0.013149375009703482	0.9933774834437086	0.9933774834437086	set:KX781286
SEVAD_2BO6.p1894	10239564	k__Viruses	p__Cossaviricota	c__Papovaviricetes	o__Sepolyvirales	f__Polyomaviridae	g__Deltapolyomavirus	s__Deltapolyomavirus septihominis	t__Human polyomavirus 7	2	0.03944281429606938	1.0	1.0	GCF_000889175.1
SEVAD_2BO6.p1894	10239564	k__Viruses	p__Cossaviricota	c__Papovaviricetes	o__Sepolyvirales	f__Polyomaviridae	g__Deltapolyomavirus	s__Deltapolyomavirus sextihominis	t__Human polyomavirus 6	6	0.11895299414989982	0.9988962472406181	1.0	GCF_000888495.1
SEVAD_2BO1.p1894	18100404	k__Viruses	p__unclassified_Viruses	c__unclassified_Viruses	o__unclassified_Viruses	f__Anelloviridae	g__unclassified_Anelloviridae	s__Torque teno virus	t__Torque teno virus	4	0.05789613375788756	0.9486754966887417	0.950354609929078	set:MK452766
SEVAD_2BO1.p1894	18100404	k__Viruses	p__Cossaviricota	c__Quintoviricetes	o__Piccovirales	f__Parvoviridae	g__Erythroparvovirus	s__Erythroparvovirus primate1	t__Human parvovirus B19	26	0.25890988222784234	0.9903209373408048	0.9883824843610366	acc:ON023021.1
SEVAD_2BF2.p1894	11483832	k__Viruses	p__unclassified_Viruses	c__unclassified_Viruses	o__unclassified_Viruses	f__Anelloviridae	g__Alphatorquevirus	s__Torque teno virus 16	t__Torque teno virus 16	126	2.8737421013652	0.9624656424315607	0.9649057997783524	GCF_000889855.1
SEVAD_2BF2.p1894	11483832	k__Viruses	p__unclassified_Viruses	c__unclassified_Viruses	o__unclassified_Viruses	f__Anelloviridae	g__unclassified_Anelloviridae	s__Torque teno virus	t__unclassified_Torque teno virus	240	5.6400986560720066	0.9391015208659406	0.9385633865484306	GCF_002818425.1,acc:MT783405.1
SEVAD_2BF2.p1894	11483832	k__Viruses	p__Peploviricota	c__Herviviricetes	o__Herpesvirales	f__Orthoherpesviridae	g__Roseolovirus	s__Roseolovirus humanbeta7	t__Human betaherpesvirus 7	7	0.003981922067986359	0.9981078524124882	1.0	GCF_000848125.1
SEVAD_2BF2.p1894	11483832	k__Viruses	p__Cossaviricota	c__Papovaviricetes	o__Zurhausenvirales	f__Papillomaviridae	g__Betapapillomavirus	s__Betapapillomavirus 1	t__Human papillomavirus type 196	9	0.10449473660011746	0.9816041206769683	0.9898876404494382	set:KR816183
SEVAD_2BF2.p1894	11483832	k__Viruses	p__Cossaviricota	c__Papovaviricetes	o__Zurhausenvirales	f__Papillomaviridae	g__Betapapillomavirus	s__Betapapillomavirus 1	t__human papillomavirus 20	11	0.12348439072249709	0.9975918121613486	0.9964819700967458	set:U31778
SEVAD_2BF2.p1894	11483832	k__Viruses	p__Cossaviricota	c__Papovaviricetes	o__Zurhausenvirales	f__Papillomaviridae	g__Betapapillomavirus	s__Betapapillomavirus 2	t__Human papillomavirus 104	19	0.22400487356736073	0.9968301837230567	0.9972621492128679	set:FM955840
SEVAD_2BF2.p1894	11483832	k__Viruses	p__Cossaviricota	c__Papovaviricetes	o__Zurhausenvirales	f__Papillomaviridae	g__Betapapillomavirus	s__Betapapillomavirus 2	t__Human papillomavirus 151	22	0.25937406413062825	0.9960866947621916	0.9961886612672701	set:FN677756
SEVAD_2BF2.p1894	11483832	k__Viruses	p__Cossaviricota	c__Papovaviricetes	o__Zurhausenvirales	f__Papillomaviridae	g__Betapapillomavirus	s__Betapapillomavirus 3	t__human papillomavirus 115	24	0.27954718191577704	0.9944812362030907	0.994726433750824	acc:OL700030.1
SEVAD_2BF2.p1894	11483832	k__Viruses	p__Cossaviricota	c__Papovaviricetes	o__Zurhausenvirales	f__Papillomaviridae	g__Betapapillomavirus	s__Betapapillomavirus 4	t__Betapapillomavirus 4	9	0.10536576021791894	0.9720382634289919	0.9637023593466425	set:MF588686
SEVAD_2BF2.p1894	11483832	k__Viruses	p__Cossaviricota	c__Papovaviricetes	o__Zurhausenvirales	f__Papillomaviridae	g__Gammapapillomavirus	s__Gammapapillomavirus 11	t__Human papillomavirus 154	5	0.059757718341177976	0.9973509933774836	1.0	GCF_000908695.1
SEVAD_2BF2.p1894	11483832	k__Viruses	p__Cossaviricota	c__Papovaviricetes	o__Zurhausenvirales	f__Papillomaviridae	g__unclassified_Papillomaviridae	s__unclassified_Papillomaviridae	t__unclassified_Papillomaviridae	4	0.04696181591843848	0.9109266916897419	0.9064327485380117	set:MF588680
SEVAD_2BF2.p1894	11483832	k__Viruses	p__Cossaviricota	c__Quintoviricetes	o__Piccovirales	f__Parvoviridae	g__Erythroparvovirus	s__Erythroparvovirus primate1	t__Human parvovirus B19	36	0.5650400320842689	0.9843635025754234	0.990924092409241	acc:ON023021.1
SEVAD_2BF2.p1894	11483832	k__Viruses	p__Cossaviricota	c__Papovaviricetes	o__Sepolyvirales	f__Polyomaviridae	g__Alphapolyomavirus	s__Alphapolyomavirus quintihominis	t__Merkel cell polyomavirus	49	0.7920676464027219	0.9966073537260413	0.9963002114164905	GCF_000874865.1
SEVAD_2BF12.p1894	26998072	k__Viruses	p__Pisuviricota	c__Pisoniviricetes	o__Nidovirales	f__Coronaviridae	g__Betacoronavirus	s__Betacoronavirus pandemicum	t__unclassified_Betacoronavirus pandemicum	2	0.0024786483718470175	0.956953642384106	0.956953642384106	acc:LC643045.1
SEVAD_2BF12.p1894	26998072	k__Viruses	p__Cossaviricota	c__Quintoviricetes	o__Piccovirales	f__Parvoviridae	g__Erythroparvovirus	s__Erythroparvovirus primate1	t__Human parvovirus B19	133	0.8722163064172372	0.9849126126574717	0.9891783062790991	acc:ON023019.1
SEVAD_2BF12.p1894	26998072	k__Viruses	p__Artverviricota	c__Revtraviricetes	o__Ortervirales	f__Retroviridae	g__Gammaretrovirus	s__unclassified_Gammaretrovirus	t__unclassified_Gammaretrovirus	2	0.012818716713859112	0.8940397350993378	0.8940397350993378	GCF_000870685.2
SEVAD_2BH10.p1894	24063138	k__Viruses	p__unclassified_Viruses	c__unclassified_Viruses	o__unclassified_Viruses	f__Anelloviridae	g__Betatorquevirus	s__TTV-like mini virus	t__TTV-like mini virus	5	0.07222339189305414	0.9324503311258278	0.9530201342281879	acc:MN769154.1
SEVAD_2BH10.p1894	24063138	k__Viruses	p__unclassified_Viruses	c__unclassified_Viruses	o__unclassified_Viruses	f__Anelloviridae	g__Betatorquevirus	s__TTV-like mini virus	t__unclassified_TTV-like mini virus	2	0.028079283577880643	0.9271523178807947	0.9271523178807947	acc:MN769666.1
SEVAD_2BH10.p1894	24063138	k__Viruses	p__Cossaviricota	c__Papovaviricetes	o__Zurhausenvirales	f__Papillomaviridae	g__Betapapillomavirus	s__Betapapillomavirus 1	t__Human papillomavirus 5	4	0.021460025662413295	0.9829740265840027	0.9813780260707635	GCF_000866505.1
SEVAD_2BH10.p1894	24063138	k__Viruses	p__Cossaviricota	c__Papovaviricetes	o__Zurhausenvirales	f__Papillomaviridae	g__Betapapillomavirus	s__Betapapillomavirus 1	t__human papillomavirus 24	6	0.03346001585769996	0.9964788732394365	0.9965870307167235	set:U31782
SEVAD_2BH10.p1894	24063138	k__Viruses	p__Cossaviricota	c__Papovaviricetes	o__Zurhausenvirales	f__Papillomaviridae	g__Betapapillomavirus	s__Betapapillomavirus 5	t__Human papillomavirus type 96	6	0.03352299518305729	0.9889624724061811	0.9926108374384236	GCF_000864825.1
SEVAD_2BH10.p1894	24063138	k__Viruses	p__Cossaviricota	c__Papovaviricetes	o__Zurhausenvirales	f__Papillomaviridae	g__Gammapapillomavirus	s__Gammapapillomavirus 23	t__Human papillomavirus 175	2	0.011502169857532066	1.0	1.0	GCF_002827025.1
SEVAD_2BH10.p1894	24063138	k__Viruses	p__Cossaviricota	c__Quintoviricetes	o__Piccovirales	f__Parvoviridae	g__Dependoparvovirus	s__Adeno-associated virus	t__Adeno-associated virus	332	2.9487148490761768	0.973816534315662	0.9727906976744186	set:MK139253
SEVAD_2BH10.p1894	24063138	k__Viruses	p__Cossaviricota	c__Quintoviricetes	o__Piccovirales	f__Parvoviridae	g__Erythroparvovirus	s__Erythroparvovirus primate1	t__Human parvovirus B19	88	0.6474939612576444	0.986669472123588	0.9910714285714286	acc:ON023019.1
SEVAD_2BO15.p1894	12123266	k__Viruses	p__unclassified_Viruses	c__unclassified_Viruses	o__unclassified_Viruses	f__Anelloviridae	g__Betatorquevirus	s__TTV-like mini virus	t__unclassified_TTV-like mini virus	2	0.05724220899084411	0.9172661870503598	0.9148936170212766	acc:MN769804.1
SEVAD_2BO15.p1894	12123266	k__Viruses	p__Kitrinoviricota	c__Flasuviricetes	o__Amarillovirales	f__Flaviviridae	g__Pegivirus	s__Pegivirus hominis	t__unclassified_Pegivirus hominis	566	5.1491219925208345	0.9189950895768036	0.9181276297335204	acc:MN551061.1
SEVAD_2BO15.p1894	12123266	k__Viruses	p__Cossaviricota	c__Papovaviricetes	o__Zurhausenvirales	f__Papillomaviridae	g__Betapapillomavirus	s__Betapapillomavirus 1	t__Human papillomavirus type 8	20	0.21553703463759177	0.9731788079470199	0.9750445632798574	set:M12737
SEVAD_2BO15.p1894	12123266	k__Viruses	p__Cossaviricota	c__Papovaviricetes	o__Zurhausenvirales	f__Papillomaviridae	g__Betapapillomavirus	s__Betapapillomavirus 2	t__Human papillomavirus 107	1	0.010907963919043423	1.0	1.0	set:EF422221
SEVAD_2BO15.p1894	12123266	k__Viruses	p__Cossaviricota	c__Papovaviricetes	o__Zurhausenvirales	f__Papillomaviridae	g__Betapapillomavirus	s__Betapapillomavirus 2	t__Human papillomavirus 120	6	0.06773178307579557	0.9746136865342163	0.9834437086092715	set:JQ963484
SEVAD_2BO15.p1894	12123266	k__Viruses	p__Cossaviricota	c__Papovaviricetes	o__Zurhausenvirales	f__Papillomaviridae	g__Betapapillomavirus	s__Betapapillomavirus 4	t__Human papillomavirus type 92	4	0.04422250269712176	0.9867549668874173	0.9867549668874173	GCF_000846285.1
SEVAD_2BO15.p1894	12123266	k__Viruses	p__Cossaviricota	c__Quintoviricetes	o__Piccovirales	f__Parvoviridae	g__Erythroparvovirus	s__Erythroparvovirus primate1	t__Human parvovirus B19	20	0.2966589575824721	0.9754966887417222	0.978630403108305	acc:ON023025.1
SEVAD_2BH1.p1894	12632754	k__Viruses	p__Cossaviricota	c__Papovaviricetes	o__Zurhausenvirales	f__Papillomaviridae	g__Betapapillomavirus	s__Betapapillomavirus 1	t__Betapapillomavirus 1	4	0.04193870350861825	0.9801324503311258	0.9801324503311258	set:MF588677
SEVAD_2BH1.p1894	12632754	k__Viruses	p__Cossaviricota	c__Quintoviricetes	o__Piccovirales	f__Parvoviridae	g__Erythroparvovirus	s__Erythroparvovirus primate1	t__Human parvovirus B19	28	0.39857228563756064	0.9794228949858091	0.9814877145742175	acc:ON023025.1
MODAD_2BF5.p1894	22361890	k__Viruses	p__Cossaviricota	c__Quintoviricetes	o__Piccovirales	f__Parvoviridae	g__Erythroparvovirus	s__Erythroparvovirus primate1	t__Human parvovirus B19	6	0.04750595527371065	0.9878587196467992	0.9952	acc:ON023019.1
MODAD_2BF5.p1894	22361890	k__Viruses	p__Cossaviricota	c__Papovaviricetes	o__Sepolyvirales	f__Polyomaviridae	g__Alphapolyomavirus	s__Alphapolyomavirus quintihominis	t__Merkel cell polyomavirus	2	0.016602539161309184	1.0	1.0	GCF_000874865.1
SEVAD_1BF5.p1894	8779356	k__Viruses	p__unclassified_Viruses	c__unclassified_Viruses	o__unclassified_Viruses	f__Anelloviridae	g__unclassified_Anelloviridae	s__Torque teno virus	t__Torque teno virus	20	0.6655791376112248	0.9624353233208309	0.9611993715083799	GCF_002818405.1,set:AB064603
SEVAD_1BF5.p1894	8779356	k__Viruses	p__Peploviricota	c__Herviviricetes	o__Herpesvirales	f__Orthoherpesviridae	g__Roseolovirus	s__Roseolovirus humanbeta6b	t__Human betaherpesvirus 6B	50	0.03513070156161665	0.993031372359453	0.9952983725135623	GCF_000846365.1
SEVAD_1BF5.p1894	8779356	k__Viruses	p__Cossaviricota	c__Quintoviricetes	o__Piccovirales	f__Parvoviridae	g__Erythroparvovirus	s__Erythroparvovirus primate1	t__Human parvovirus B19	47	0.962680783992506	0.9914048189375795	0.9904622157006603	acc:ON023025.1
SEVAD_2BO2.p1894	9203868	k__Viruses	p__Cossaviricota	c__Quintoviricetes	o__Piccovirales	f__Parvoviridae	g__Dependoparvovirus	s__Dependoparvovirus primate1	t__adeno-associated virus 2	44	1.0217137776553535	0.9786030894302375	0.9806741573033708	GCF_000838645.1
SEVAD_2BO3.p1894	18675920	k__Viruses	p__Preplasmiviricota	c__Tectiliviricetes	o__Rowavirales	f__Adenoviridae	g__Mastadenovirus	s__Human mastadenovirus C	t__unclassified_Human mastadenovirus C	2	0.00296647565688124	0.9372903925823634	0.9563318777292577	acc:MN628614.1
SEVAD_2BO3.p1894	18675920	k__Viruses	p__unclassified_Viruses	c__unclassified_Viruses	o__unclassified_Viruses	f__Anelloviridae	g__unclassified_Anelloviridae	s__Anellovirus D_HF7_66	t__Anellovirus D_HF7_66	62	1.0183383152195693	0.9557361965737539	0.9625	set:FJ426280
SEVAD_2BO3.p1894	18675920	k__Viruses	p__unclassified_Viruses	c__unclassified_Viruses	o__unclassified_Viruses	f__Anelloviridae	g__unclassified_Anelloviridae	s__Torque teno virus	t__TT virus cyb/2019	250	3.561112370757275	0.9534384456634173	0.9626028421839941	acc:MT501648.1
SEVAD_2BO3.p1894	18675920	k__Viruses	p__unclassified_Viruses	c__unclassified_Viruses	o__unclassified_Viruses	f__Anelloviridae	g__unclassified_Anelloviridae	s__Torque teno virus	t__unclassified_Torque teno virus	360	5.225695493340352	0.9422504288104001	0.9389517488006399	GCF_002818425.1,set:KP343838,GCF_000889855.1,acc:MN765195.1
SEVAD_2BO3.p1894	18675920	k__Viruses	p__Cossaviricota	c__Quintoviricetes	o__Piccovirales	f__Parvoviridae	g__Erythroparvovirus	s__Erythroparvovirus primate1	t__Human parvovirus B19	12	0.11554372006482226	0.979580573951435	0.9563758389261745	acc:ON023025.1
