sample_ID	filtered_reads_in_sample	kingdom	phylum	tclass	order	family	genus	species	subspecies	read_count	RPKMF	avg_read_identity	consensus_ref_identity	assembly_list
XX-000107-54E1-FBD01-01-01-DB01-04-20.p2058	21510670	k__Viruses	p__unclassified_Viruses	c__unclassified_Viruses	o__unclassified_Viruses	f__Anelloviridae	g__Alphatorquevirus	s__Alphatorquevirus homin13	t__Torque teno virus 13	73	1.0246571957978234	0.9617636846056609	0.950832672482157	GCF_002818305.1
XX-000107-54E1-FBD01-01-01-DB01-04-20.p2058	21510670	k__Viruses	p__unclassified_Viruses	c__unclassified_Viruses	o__unclassified_Viruses	f__Anelloviridae	g__Betatorquevirus	s__TTV-like mini virus	t__TTV-like mini virus	25	0.4102414102483923	0.9463933606639334	0.9520958083832335	acc:MN771378.1
XX-000107-54E1-FBD01-01-01-DB01-04-20.p2058	21510670	k__Viruses	p__unclassified_Viruses	c__unclassified_Viruses	o__unclassified_Viruses	f__Anelloviridae	g__Betatorquevirus	s__TTV-like mini virus	t__unclassified_TTV-like mini virus	12	0.196707573805421	0.8922064471257066	0.9061488673139159	acc:MN769204.1
XX-000107-54E1-FBD01-01-01-DB01-04-20.p2058	21510670	k__Viruses	p__unclassified_Viruses	c__unclassified_Viruses	o__unclassified_Viruses	f__Anelloviridae	g__unclassified_Anelloviridae	s__Anellovirus D_HF7_66	t__Anellovirus D_HF7_66	6	0.07361608330854762	0.9966887417218544	0.9965034965034965	acc:OR148955.1
XX-000107-54E1-FBD01-01-01-DB01-04-20.p2058	21510670	k__Viruses	p__unclassified_Viruses	c__unclassified_Viruses	o__unclassified_Viruses	f__Anelloviridae	g__unclassified_Anelloviridae	s__SEN virus	t__SEN virus	7	0.08474476465245698	0.9715520866183118	0.9593220338983051	set:KM593802
XX-000107-54E1-FBD01-01-01-DB01-04-20.p2058	21510670	k__Viruses	p__unclassified_Viruses	c__unclassified_Viruses	o__unclassified_Viruses	f__Anelloviridae	g__unclassified_Anelloviridae	s__Torque teno virus	t__Torque teno virus	47	0.6239274502405903	0.9658850903884018	0.9651260011147945	set:KP343838,set:AB064597
XX-000107-54E1-FBD01-01-01-DB01-04-20.p2058	21510670	k__Viruses	p__unclassified_Viruses	c__unclassified_Viruses	o__unclassified_Viruses	f__Anelloviridae	g__unclassified_Anelloviridae	s__Torque teno virus	t__unclassified_Torque teno virus	142	1.772181218396615	0.9321539070054625	0.9379652605459057	GCF_000893775.1
XX-000107-54E1-FBD01-01-01-DB01-04-20.p2058	21510670	k__Viruses	p__Cossaviricota	c__Papovaviricetes	o__Zurhausenvirales	f__Papillomaviridae	g__Betapapillomavirus	s__Betapapillomavirus 2	t__Betapapillomavirus 2	24	0.15042811900018171	0.9983443708609272	0.9986807387862797	set:MF588680
XX-000107-54E1-FBD01-01-01-DB01-04-20.p2058	21510670	k__Viruses	p__Cossaviricota	c__Papovaviricetes	o__Zurhausenvirales	f__Papillomaviridae	g__Gammapapillomavirus	s__Gammapapillomavirus 8	t__Gammapapillomavirus 8	28	0.17836113799146877	0.9694891201513723	0.9701986754966887	set:MF588705
XX-000084-54E1-FBD01-01-01-DB01-03-22.p2058	18893722	k__Viruses	p__Cossaviricota	c__Quintoviricetes	o__Piccovirales	f__Parvoviridae	g__Dependoparvovirus	s__Dependoparvovirus primate1	t__adeno-associated virus 2	197	2.2284128804486203	0.9812081890610823	0.9802409638554217	GCF_000838645.1
XX-000084-54E1-FBD01-01-01-DB01-03-22.p2058	18893722	k__Viruses	p__Cossaviricota	c__Quintoviricetes	o__Piccovirales	f__Parvoviridae	g__Erythroparvovirus	s__Erythroparvovirus primate1	t__Human parvovirus B19	56	0.5342371116373115	0.9835619678334914	0.9851239669421488	acc:ON023021.1
XX-000108-54E1-FBD01-01-01-DB01-04-24.p2058	24481582	k__Viruses	p__unclassified_Viruses	c__unclassified_Viruses	o__unclassified_Viruses	f__Anelloviridae	g__unclassified_Anelloviridae	s__Torque teno virus	t__unclassified_Torque teno virus	58	0.6233142903339779	0.9168034371333239	0.9294133022478864	set:FR751497,acc:MT783404.1
XX-000108-54E1-FBD01-01-01-DB01-04-24.p2058	24481582	k__Viruses	p__Peploviricota	c__Herviviricetes	o__Herpesvirales	f__Orthoherpesviridae	g__Lymphocryptovirus	s__Lymphocryptovirus humangamma4	t__Human gammaherpesvirus 4	18	0.0042790930372303805	0.9984816535424422	1.0	GCF_002402265.1
XX-000108-54E1-FBD01-01-01-DB01-04-24.p2058	24481582	k__Viruses	p__Cossaviricota	c__Quintoviricetes	o__Piccovirales	f__Parvoviridae	g__Erythroparvovirus	s__Erythroparvovirus primate1	t__Human parvovirus B19	41	0.29927240410191275	0.9853012437409144	0.98989898989899	GCF_000839645.1
XX-000088-54E1-OBD01-01-01-DB01-03-33.p2058	24405198	k__Viruses	p__unclassified_Viruses	c__unclassified_Viruses	o__unclassified_Viruses	f__Anelloviridae	g__Gammatorquevirus	s__Gammatorquevirus homidi14	t__Torque teno midi virus 14	14	0.17798581629234855	0.9664143803216655	0.9695652173913043	GCF_002818765.1
XX-000088-54E1-OBD01-01-01-DB01-03-33.p2058	24405198	k__Viruses	p__unclassified_Viruses	c__unclassified_Viruses	o__unclassified_Viruses	f__Anelloviridae	g__unclassified_Anelloviridae	s__Torque teno virus	t__unclassified_Torque teno virus	40	0.4363671732163694	0.9248344370860929	0.9454191033138402	set:AF298585
XX-000088-54E1-OBD01-01-01-DB01-03-33.p2058	24405198	k__Viruses	p__Cossaviricota	c__Quintoviricetes	o__Piccovirales	f__Parvoviridae	g__Erythroparvovirus	s__Erythroparvovirus primate1	t__Human parvovirus B19	102	0.7515622211170192	0.9854564342293213	0.9916016796640672	acc:ON023025.1
XX-000083-54E1-OBD01-01-01-DB01-03-18.p2058	25978586	k__Viruses	p__unclassified_Viruses	c__unclassified_Viruses	o__unclassified_Viruses	f__Anelloviridae	g__unclassified_Anelloviridae	s__Torque teno virus	t__Torque teno virus	76	0.7537970622732185	0.9659288950853963	0.9738846572361263	set:FR751497
XX-000083-54E1-OBD01-01-01-DB01-03-18.p2058	25978586	k__Viruses	p__unclassified_Viruses	c__unclassified_Viruses	o__unclassified_Viruses	f__Anelloviridae	g__unclassified_Anelloviridae	s__Torque teno virus	t__unclassified_Torque teno virus	32	0.3373825655474187	0.918046357615894	0.9247787610619469	acc:MN768565.1
XX-000083-54E1-OBD01-01-01-DB01-03-18.p2058	25978586	k__Viruses	p__Peploviricota	c__Herviviricetes	o__Herpesvirales	f__Orthoherpesviridae	g__Roseolovirus	s__Roseolovirus humanbeta6b	t__Human betaherpesvirus 6B	10	0.0023744551419325782	0.9953642384105962	0.9966887417218543	GCF_000846365.1
XX-000083-54E1-OBD01-01-01-DB01-03-18.p2058	25978586	k__Viruses	p__Cossaviricota	c__Quintoviricetes	o__Piccovirales	f__Parvoviridae	g__Erythroparvovirus	s__Erythroparvovirus primate1	t__Human parvovirus B19	14	0.0969080002213561	0.9635761589403975	0.9867549668874173	acc:ON023025.1
XX-000072-54E1-ITD01-01-01-DB01-03-14.p2058	20779820	k__Viruses	p__Peploviricota	c__Herviviricetes	o__Herpesvirales	f__Orthoherpesviridae	g__Roseolovirus	s__Roseolovirus humanbeta6b	t__Human betaherpesvirus 6B	444	0.13180159537416558	0.9939002149096571	0.9929588244298179	GCF_000846365.1
XX-000072-54E1-ITD01-01-01-DB01-03-14.p2058	20779820	k__Viruses	p__Cossaviricota	c__Papovaviricetes	o__Sepolyvirales	f__Polyomaviridae	g__Alphapolyomavirus	s__Alphapolyomavirus quintihominis	t__Merkel cell polyomavirus	32	0.2858651552869183	0.9977235099337749	0.9976851851851852	GCF_000874865.1
XX-000106-54E1-ITD01-01-01-DB01-04-16.p2058	21633948	k__Viruses	p__Peploviricota	c__Herviviricetes	o__Herpesvirales	f__Orthoherpesviridae	g__Roseolovirus	s__Roseolovirus humanbeta6b	t__Human betaherpesvirus 6B	179	0.05103836198692419	0.9876429020681494	0.989731142643764	GCF_000846365.1
XX-000106-54E1-ITD01-01-01-DB01-04-16.p2058	21633948	k__Viruses	p__Peploviricota	c__Herviviricetes	o__Herpesvirales	f__Orthoherpesviridae	g__Simplexvirus	s__Simplexvirus humanalpha1	t__Human alphaherpesvirus 1	15	0.004554891684117905	0.9946117529527402	0.994641384995878	GCF_000859985.2
XX-000106-54E1-ITD01-01-01-DB01-04-16.p2058	21633948	k__Viruses	p__Cossaviricota	c__Papovaviricetes	o__Zurhausenvirales	f__Papillomaviridae	g__Betapapillomavirus	s__Betapapillomavirus 1	t__Human papillomavirus 5	1	0.005967421653668953	0.9536423841059603	0.9536423841059603	GCF_000866505.1
XX-000106-54E1-ITD01-01-01-DB01-04-16.p2058	21633948	k__Viruses	p__Cossaviricota	c__Papovaviricetes	o__Zurhausenvirales	f__Papillomaviridae	g__Betapapillomavirus	s__Betapapillomavirus 2	t__Human papillomavirus 110	4	0.024908337938472164	0.9635761589403974	0.9562841530054644	set:EU410348
XX-000106-54E1-ITD01-01-01-DB01-04-16.p2058	21633948	k__Viruses	p__Cossaviricota	c__Papovaviricetes	o__Zurhausenvirales	f__Papillomaviridae	g__unclassified_Papillomaviridae	s__Human papillomavirus	t__unclassified_Human papillomavirus	6	0.03760058145009738	0.944812362030905	0.9470198675496688	set:MH675888
XX-000106-54E1-ITD01-01-01-DB01-04-16.p2058	21633948	k__Viruses	p__Cossaviricota	c__Quintoviricetes	o__Piccovirales	f__Parvoviridae	g__Erythroparvovirus	s__Erythroparvovirus primate1	t__Human parvovirus B19	122	1.0077350021045397	0.9856150255129738	0.9853412734768667	GCF_000839645.1
XX-000097-54E1-ITD01-01-01-DB01-03-63.p2058	22801788	k__Viruses	p__Cressdnaviricota	c__Arfiviricetes	o__Saturnivirales	f__Kanorauviridae	g__Scythevirus	s__Scythevirus dianchis	t__Circovirus-like genome DCCV-13	6	0.10815341522235357	0.9966887417218543	0.9958847736625515	GCF_001684925.1
XX-000097-54E1-ITD01-01-01-DB01-03-63.p2058	22801788	k__Viruses	p__Cossaviricota	c__Papovaviricetes	o__Zurhausenvirales	f__Papillomaviridae	g__Betapapillomavirus	s__Betapapillomavirus 5	t__human papillomavirus 150	18	0.10616080926680455	0.9966887417218544	0.9958847736625515	set:FN677755
XX-000097-54E1-ITD01-01-01-DB01-03-63.p2058	22801788	k__Viruses	p__Cossaviricota	c__Papovaviricetes	o__Zurhausenvirales	f__Papillomaviridae	g__Gammapapillomavirus	s__Gammapapillomavirus 7	t__Human papillomavirus 139	10	0.05958724167481572	1.0	1.0	set:HM999991
XX-000097-54E1-ITD01-01-01-DB01-03-63.p2058	22801788	k__Viruses	p__Cossaviricota	c__Quintoviricetes	o__Piccovirales	f__Parvoviridae	g__Erythroparvovirus	s__Erythroparvovirus primate1	t__Human parvovirus B19	128	0.9939084390405524	0.9724216552889419	0.9861963190184049	acc:ON023019.1
XX-000097-54E1-ITD01-01-01-DB01-03-63.p2058	22801788	k__Viruses	p__Cossaviricota	c__Papovaviricetes	o__Sepolyvirales	f__Polyomaviridae	g__Alphapolyomavirus	s__Alphapolyomavirus quintihominis	t__Merkel cell polyomavirus	58	0.47218492159170844	0.9990865494405116	1.0	GCF_000874865.1
XX-000090-54E1-OBD01-01-01-DB01-03-43.p2058	21144868	k__Viruses	p__unclassified_Viruses	c__unclassified_Viruses	o__unclassified_Viruses	f__Anelloviridae	g__unclassified_Anelloviridae	s__unclassified_Anelloviridae	t__unclassified_Anelloviridae	7	0.10387499076885957	0.937888198757764	0.9458483754512635	GCF_002818725.1
XX-000094-54E1-FBD01-01-01-DB01-03-58.p2058	23904114	k__Viruses	p__Peploviricota	c__Herviviricetes	o__Herpesvirales	f__Orthoherpesviridae	g__Roseolovirus	s__Roseolovirus humanbeta7	t__Human betaherpesvirus 7	25	0.006832016456881486	0.9984105960264901	1.0	GCF_000848125.1
XX-000102-54E1-ITD01-01-01-DB01-04-02.p2058	25827550	k__Viruses	p__Peploviricota	c__Herviviricetes	o__Herpesvirales	f__Orthoherpesviridae	g__Lymphocryptovirus	s__Lymphocryptovirus humangamma4	t__Human gammaherpesvirus 4	76	0.017125729647907054	0.9912861624259326	0.9931682322801024	GCF_002402265.1
XX-000102-54E1-ITD01-01-01-DB01-04-02.p2058	25827550	k__Viruses	p__Cossaviricota	c__Papovaviricetes	o__Zurhausenvirales	f__Papillomaviridae	g__Betapapillomavirus	s__Betapapillomavirus 3	t__Human papillomavirus type 49	12	0.0614576910044347	0.9927777777777779	0.9933333333333333	GCF_000862825.1
XX-000102-54E1-ITD01-01-01-DB01-04-02.p2058	25827550	k__Viruses	p__Cossaviricota	c__Quintoviricetes	o__Piccovirales	f__Parvoviridae	g__Erythroparvovirus	s__Erythroparvovirus primate1	t__Human parvovirus B19	97	0.6753604562634428	0.9845019457909474	0.98707453683757	acc:ON023025.1
XX-000091-54E1-FBD01-01-01-DB01-03-47.p2058	19615102	k__Viruses	p__Pisuviricota	c__Pisoniviricetes	o__Nidovirales	f__Coronaviridae	g__Betacoronavirus	s__Betacoronavirus pandemicum	t__unclassified_Betacoronavirus pandemicum	3	0.0051409539514224185	1.0	1.0	acc:BS002303.1
XX-000073-54E1-FBD01-01-01-DB01-02-75.p2058	21445046	k__Viruses	p__unclassified_Viruses	c__unclassified_Viruses	o__unclassified_Viruses	f__Anelloviridae	g__Alphatorquevirus	s__Torque teno virus 16	t__Torque teno virus 16	32	0.3908292615892842	0.9842715231788083	0.9880952380952381	GCF_000889855.1
XX-000073-54E1-FBD01-01-01-DB01-02-75.p2058	21445046	k__Viruses	p__unclassified_Viruses	c__unclassified_Viruses	o__unclassified_Viruses	f__Anelloviridae	g__unclassified_Anelloviridae	s__Torque teno virus	t__Torque teno virus	82	1.0211436283882454	0.9614242345450622	0.9569153107775237	GCF_000893775.1,set:AM712003
XX-000077-54E1-OBD01-01-01-DB01-03-25.p2058	26142990	k__Viruses	p__Cossaviricota	c__Quintoviricetes	o__Piccovirales	f__Parvoviridae	g__Erythroparvovirus	s__Erythroparvovirus primate1	t__Human parvovirus B19	66	0.4511396236803408	0.9931768011238212	0.9930167597765364	GCF_000839645.1
XX-000085-54E1-OBD01-01-01-DB01-03-27.p2058	26484848	k__Viruses	p__unclassified_Viruses	c__unclassified_Viruses	o__unclassified_Viruses	f__Anelloviridae	g__unclassified_Anelloviridae	s__Torque teno virus	t__Torque teno virus	19	0.19947418425577199	0.98358264252304	0.9898809799472051	acc:MN768562.1,set:AB064597
XX-000106-54E1-FBD01-01-01-DB01-04-17.p2058	20954180	k__Viruses	p__Peploviricota	c__Herviviricetes	o__Herpesvirales	f__Orthoherpesviridae	g__Roseolovirus	s__Roseolovirus humanbeta6b	t__Human betaherpesvirus 6B	97	0.02855489334090027	0.9883252543182907	0.9912046908315565	GCF_000846365.1
XX-000106-54E1-FBD01-01-01-DB01-04-17.p2058	20954180	k__Viruses	p__Cossaviricota	c__Papovaviricetes	o__Zurhausenvirales	f__Papillomaviridae	g__Betapapillomavirus	s__Betapapillomavirus 1	t__human papillomavirus 21	10	0.061348727396740986	1.0	1.0	set:U31779
XX-000093-54E1-FBD01-01-01-DB01-03-67.p2058	23517466	k__Viruses	p__Cossaviricota	c__Quintoviricetes	o__Piccovirales	f__Parvoviridae	g__Erythroparvovirus	s__Erythroparvovirus primate1	t__Human parvovirus B19	462	3.4782177151026428	0.9718118275243572	0.9734111543450065	acc:ON023019.1
XX-000069-54E1-ITD01-01-01-DB01-03-11.p2058	24176856	k__Viruses	p__Peploviricota	c__Herviviricetes	o__Herpesvirales	f__Orthoherpesviridae	g__Simplexvirus	s__Simplexvirus humanalpha1	t__Human alphaherpesvirus 1	8	0.002173765738932896	0.9917218543046359	0.993514915693904	GCF_000859985.2
XX-000069-54E1-ITD01-01-01-DB01-03-11.p2058	24176856	k__Viruses	p__Cossaviricota	c__Quintoviricetes	o__Piccovirales	f__Parvoviridae	g__Erythroparvovirus	s__Erythroparvovirus primate1	t__Human parvovirus B19	10	0.07391327919760618	0.9819157392686803	0.9809523809523809	GCF_000839645.1
XX-000069-54E1-ITD01-01-01-DB01-03-11.p2058	24176856	k__Viruses	p__Cossaviricota	c__Quintoviricetes	o__Piccovirales	f__Parvoviridae	g__Erythroparvovirus	s__Human erythrovirus V9	t__Human erythrovirus V9	148	1.2174934196040377	0.9629618784152293	0.9630454140694568	acc:OK482575.1
XX-000069-54E1-ITD01-01-01-DB01-03-11.p2058	24176856	k__Viruses	p__Artverviricota	c__Revtraviricetes	o__Ortervirales	f__Retroviridae	g__Lentivirus	s__Lentivirus humimdef1	t__Human immunodeficiency virus 1	18	0.08109287427313445	0.9655555555555555	0.96	GCF_000864765.1
XX-000098-54E1-ITD01-01-01-DB01-04-05.p2058	24445288	k__Viruses	p__unclassified_Viruses	c__unclassified_Viruses	o__unclassified_Viruses	f__Anelloviridae	g__unclassified_Anelloviridae	s__Torque teno virus	t__Torque teno virus	4	0.042391377432403884	0.9927536231884058	0.9927536231884058	set:FR751490
XX-000098-54E1-ITD01-01-01-DB01-04-05.p2058	24445288	k__Viruses	p__Cossaviricota	c__Papovaviricetes	o__Zurhausenvirales	f__Papillomaviridae	g__Betapapillomavirus	s__Betapapillomavirus 1	t__Human papillomavirus 105	28	0.14939546344379195	0.9952696310312206	0.9955849889624724	set:FM955841
XX-000098-54E1-ITD01-01-01-DB01-04-05.p2058	24445288	k__Viruses	p__Cossaviricota	c__Papovaviricetes	o__Zurhausenvirales	f__Papillomaviridae	g__Betapapillomavirus	s__Betapapillomavirus 1	t__Human papillomavirus 93	57	0.3129849282777685	0.9673230629189872	0.9663319551092735	set:AY382778
XX-000098-54E1-ITD01-01-01-DB01-04-05.p2058	24445288	k__Viruses	p__Cossaviricota	c__Papovaviricetes	o__Zurhausenvirales	f__Papillomaviridae	g__Betapapillomavirus	s__Betapapillomavirus 1	t__Human papillomavirus type 196	82	0.44725729283014926	0.9973808007290311	0.9985286905345758	set:KR816183
XX-000098-54E1-ITD01-01-01-DB01-04-05.p2058	24445288	k__Viruses	p__Cossaviricota	c__Papovaviricetes	o__Zurhausenvirales	f__Papillomaviridae	g__Betapapillomavirus	s__Betapapillomavirus 1	t__Human papillomavirus type 8	216	1.1544367274641059	0.9955849889624725	0.9955063947459385	set:M12737
XX-000098-54E1-ITD01-01-01-DB01-04-05.p2058	24445288	k__Viruses	p__Cossaviricota	c__Papovaviricetes	o__Zurhausenvirales	f__Papillomaviridae	g__Betapapillomavirus	s__Betapapillomavirus 1	t__human papillomavirus 24	1283	7.043015625626957	0.991915346967382	0.992581398543756	set:U31782
XX-000098-54E1-ITD01-01-01-DB01-04-05.p2058	24445288	k__Viruses	p__Cossaviricota	c__Papovaviricetes	o__Zurhausenvirales	f__Papillomaviridae	g__Betapapillomavirus	s__Betapapillomavirus 2	t__Human papillomavirus 100	267	1.4799932726756129	0.982739458262181	0.981871921182266	set:FM955839
XX-000098-54E1-ITD01-01-01-DB01-04-05.p2058	24445288	k__Viruses	p__Cossaviricota	c__Papovaviricetes	o__Zurhausenvirales	f__Papillomaviridae	g__Betapapillomavirus	s__Betapapillomavirus 2	t__Human papillomavirus 104	438	2.425881871020058	0.9941624840083835	0.9950747902225465	set:FM955840
XX-000098-54E1-ITD01-01-01-DB01-04-05.p2058	24445288	k__Viruses	p__Cossaviricota	c__Papovaviricetes	o__Zurhausenvirales	f__Papillomaviridae	g__Betapapillomavirus	s__Betapapillomavirus 2	t__Human papillomavirus 110	392	2.1602869803488804	0.9978676492394549	0.9985152190051967	set:EU410348
XX-000098-54E1-ITD01-01-01-DB01-04-05.p2058	24445288	k__Viruses	p__Cossaviricota	c__Papovaviricetes	o__Zurhausenvirales	f__Papillomaviridae	g__Betapapillomavirus	s__Betapapillomavirus 2	t__Human papillomavirus 120	71	0.39748805594377334	0.9967883915048728	0.9966465459423206	set:JQ963484
XX-000098-54E1-ITD01-01-01-DB01-04-05.p2058	24445288	k__Viruses	p__Cossaviricota	c__Papovaviricetes	o__Zurhausenvirales	f__Papillomaviridae	g__Betapapillomavirus	s__Betapapillomavirus 2	t__Human papillomavirus 159	287	1.5773886788648952	0.9878771795995422	0.9902542372881356	set:HE963025
XX-000098-54E1-ITD01-01-01-DB01-04-05.p2058	24445288	k__Viruses	p__Cossaviricota	c__Papovaviricetes	o__Zurhausenvirales	f__Papillomaviridae	g__Betapapillomavirus	s__Betapapillomavirus 2	t__Human papillomavirus 9	542	2.9825076861003765	0.9970729834058303	0.996433933933934	GCF_000863685.1
XX-000098-54E1-ITD01-01-01-DB01-04-05.p2058	24445288	k__Viruses	p__Cossaviricota	c__Papovaviricetes	o__Zurhausenvirales	f__Papillomaviridae	g__Betapapillomavirus	s__Betapapillomavirus 2	t__Human papillomavirus type 38b	493	2.7253359265647275	0.9962808402032626	0.9972776769509982	set:DQ090005
XX-000098-54E1-ITD01-01-01-DB01-04-05.p2058	24445288	k__Viruses	p__Cossaviricota	c__Papovaviricetes	o__Zurhausenvirales	f__Papillomaviridae	g__Betapapillomavirus	s__Betapapillomavirus 2	t__unclassified_Betapapillomavirus 2	108	0.597111684822967	0.938509594992811	0.9390838206627681	set:KY242583
XX-000098-54E1-ITD01-01-01-DB01-04-05.p2058	24445288	k__Viruses	p__Cossaviricota	c__Papovaviricetes	o__Zurhausenvirales	f__Papillomaviridae	g__Betapapillomavirus	s__Betapapillomavirus 3	t__Human papillomavirus type 49	12	0.06493282416233292	0.968372613946241	0.9696969696969697	GCF_000862825.1
XX-000098-54E1-ITD01-01-01-DB01-04-05.p2058	24445288	k__Viruses	p__Cossaviricota	c__Papovaviricetes	o__Zurhausenvirales	f__Papillomaviridae	g__Betapapillomavirus	s__Betapapillomavirus 3	t__human papillomavirus 115	14	0.07660614086567367	0.9995269631031221	1.0	acc:OL700030.1
XX-000098-54E1-ITD01-01-01-DB01-04-05.p2058	24445288	k__Viruses	p__Cossaviricota	c__Papovaviricetes	o__Zurhausenvirales	f__Papillomaviridae	g__Gammapapillomavirus	s__Gammapapillomavirus 12	t__Human papillomavirus 199	29	0.1651340057691847	0.9968029230417904	0.9973297730307076	set:KT372348
XX-000098-54E1-ITD01-01-01-DB01-04-05.p2058	24445288	k__Viruses	p__Cossaviricota	c__Papovaviricetes	o__Zurhausenvirales	f__Papillomaviridae	g__Gammapapillomavirus	s__Gammapapillomavirus 18	t__Human papillomavirus type 156	49	0.2734992880189955	0.9952696310312206	0.9957310565635006	GCF_002006915.1
XX-000098-54E1-ITD01-01-01-DB01-04-05.p2058	24445288	k__Viruses	p__Cossaviricota	c__Papovaviricetes	o__Zurhausenvirales	f__Papillomaviridae	g__Gammapapillomavirus	s__Gammapapillomavirus 7	t__Human papillomavirus 123	8	0.044652944982693135	0.9983443708609272	1.0	set:GQ845445
XX-000098-54E1-ITD01-01-01-DB01-04-05.p2058	24445288	k__Viruses	p__Cossaviricota	c__Papovaviricetes	o__Zurhausenvirales	f__Papillomaviridae	g__Gammapapillomavirus	s__Gammapapillomavirus 7	t__Human papillomavirus 155	2	0.011128313172543456	0.9635761589403974	0.9625668449197861	set:JF906559
XX-000098-54E1-ITD01-01-01-DB01-04-05.p2058	24445288	k__Viruses	p__Cossaviricota	c__Papovaviricetes	o__Zurhausenvirales	f__Papillomaviridae	g__Gammapapillomavirus	s__Gammapapillomavirus sp.	t__Gammapapillomavirus sp.	11	0.06205826388704554	0.9987959060806744	1.0	GCF_004131565.1
XX-000098-54E1-ITD01-01-01-DB01-04-05.p2058	24445288	k__Viruses	p__Cossaviricota	c__Papovaviricetes	o__Zurhausenvirales	f__Papillomaviridae	g__Gammapapillomavirus	s__Human papillomavirus type 190	t__Human papillomavirus type 190	18	0.09691211187165774	0.9882266372332599	0.9885057471264368	acc:PP718699.1
XX-000098-54E1-ITD01-01-01-DB01-04-05.p2058	24445288	k__Viruses	p__Cossaviricota	c__Papovaviricetes	o__Zurhausenvirales	f__Papillomaviridae	g__unclassified_Papillomaviridae	s__Human papillomavirus	t__Human papillomavirus	206	1.1438245657094928	0.9979559290603659	0.9984095913873257	set:MH777344,set:KX781287
XX-000098-54E1-ITD01-01-01-DB01-04-05.p2058	24445288	k__Viruses	p__Cossaviricota	c__Papovaviricetes	o__Zurhausenvirales	f__Papillomaviridae	g__unclassified_Papillomaviridae	s__Human papillomavirus	t__unclassified_Human papillomavirus	31	0.17549654800586245	0.9307840205084382	0.9399759903961584	set:MH777154
XX-000098-54E1-ITD01-01-01-DB01-04-05.p2058	24445288	k__Viruses	p__Cossaviricota	c__Quintoviricetes	o__Piccovirales	f__Parvoviridae	g__Erythroparvovirus	s__Erythroparvovirus primate1	t__Human parvovirus B19	582	4.215345132323122	0.9756417850720199	0.9762237762237762	acc:ON023019.1
XX-000098-54E1-ITD01-01-01-DB01-04-05.p2058	24445288	k__Viruses	p__Cossaviricota	c__Papovaviricetes	o__Sepolyvirales	f__Polyomaviridae	g__Alphapolyomavirus	s__Alphapolyomavirus quintihominis	t__Merkel cell polyomavirus	687	5.216925120790665	0.9977150544043492	0.9981470043236566	GCF_000874865.1
XX-000100-54E1-ITD01-01-01-DB01-03-75.p2058	25740988	k__Viruses	p__Negarnaviricota	c__Monjiviricetes	o__Mononegavirales	f__Paramyxoviridae	g__Orthorubulavirus	s__Orthorubulavirus laryngotracheitidis	t__Human orthorubulavirus 2	38	0.09435285775017152	0.9554070275674933	0.9566541705716963	GCF_000863525.1
XX-000100-54E1-ITD01-01-01-DB01-03-75.p2058	25740988	k__Viruses	p__Cossaviricota	c__Quintoviricetes	o__Piccovirales	f__Parvoviridae	g__Erythroparvovirus	s__Erythroparvovirus primate1	t__Human parvovirus B19	38	0.2654639115912936	0.966190310212618	0.9741035856573705	acc:ON023025.1
XX-000105-54E1-FBD01-01-01-DB01-04-14.p2058	22339218	k__Viruses	p__Cressdnaviricota	c__Arfiviricetes	o__Cirlivirales	f__Circoviridae	g__unclassified_Circoviridae	s__Circovirus-like genome DCCV-4	t__Circovirus-like genome DCCV-4	8	0.11997138850943853	0.9933774834437087	0.9933774834437086	GCF_001684685.1
XX-000105-54E1-FBD01-01-01-DB01-04-14.p2058	22339218	k__Viruses	p__Peploviricota	c__Herviviricetes	o__Herpesvirales	f__Orthoherpesviridae	g__Roseolovirus	s__Roseolovirus humanbeta6a	t__Human betaherpesvirus 6A	56	0.015728658678768197	0.9913670766319774	0.9931102362204725	GCF_000845685.2
XX-000104-54E1-OBD01-01-01-DB01-04-08.p2058	27370452	k__Viruses	p__Peploviricota	c__Herviviricetes	o__Herpesvirales	f__Orthoherpesviridae	g__Roseolovirus	s__Roseolovirus humanbeta6b	t__Human betaherpesvirus 6B	78	0.017578916834882156	0.9965189336050264	0.9983136593591906	GCF_000846365.1
XX-000104-54E1-ITD01-01-01-DB01-04-11.p2058	21396996	k__Viruses	p__Peploviricota	c__Herviviricetes	o__Herpesvirales	f__Orthoherpesviridae	g__Simplexvirus	s__Simplexvirus humanalpha2	t__Human alphaherpesvirus 2	30	0.009064593323106072	0.9991169977924945	1.0	GCF_000858385.2
XX-000104-54E1-ITD01-01-01-DB01-04-11.p2058	21396996	k__Viruses	p__Cossaviricota	c__Quintoviricetes	o__Piccovirales	f__Parvoviridae	g__Blattambidensovirus	s__Blattambidensovirus incertum1	t__unclassified_Blattambidensovirus incertum1	3	0.027140262722637087	0.9205298013245033	0.9205298013245033	GCF_001777225.1
XX-000104-54E1-ITD01-01-01-DB01-04-11.p2058	21396996	k__Viruses	p__Cossaviricota	c__Papovaviricetes	o__Sepolyvirales	f__Polyomaviridae	g__Betapolyomavirus	s__Betapolyomavirus secuhominis	t__JC polyomavirus	22	0.200425285182141	0.9891674859991594	0.9896551724137931	GCF_000863805.1
XX-000079-54E1-ITD01-01-01-DB01-03-09.p2058	24062274	k__Viruses	p__Cossaviricota	c__Papovaviricetes	o__Zurhausenvirales	f__Papillomaviridae	g__Betapapillomavirus	s__Betapapillomavirus 2	t__Human papillomavirus 104	294	1.6542508224969017	0.9913346886277982	0.9952564482656389	set:FM955840
XX-000079-54E1-ITD01-01-01-DB01-03-09.p2058	24062274	k__Viruses	p__Cossaviricota	c__Papovaviricetes	o__Zurhausenvirales	f__Papillomaviridae	g__unclassified_Papillomaviridae	s__Human papillomavirus	t__Human papillomavirus	30	0.1699439150510743	0.99500896799117	0.9975369458128078	set:MH777302,set:MH777353
XX-000079-54E1-ITD01-01-01-DB01-03-09.p2058	24062274	k__Viruses	p__Cossaviricota	c__Quintoviricetes	o__Piccovirales	f__Parvoviridae	g__Erythroparvovirus	s__Erythroparvovirus primate1	t__Human parvovirus B19	1695	12.667185766863243	0.9813659780459472	0.9726898615787505	acc:ON023025.1
XX-000107-54E1-ITD01-01-01-DB01-04-19.p2058	24563136	k__Viruses	p__unclassified_Viruses	c__unclassified_Viruses	o__unclassified_Viruses	f__Anelloviridae	g__unclassified_Anelloviridae	s__Torque teno virus	t__Torque teno virus	34	0.39729852973982277	0.9637709388391122	0.9688995215311005	set:KP343838
XX-000107-54E1-ITD01-01-01-DB01-04-19.p2058	24563136	k__Viruses	p__Peploviricota	c__Herviviricetes	o__Herpesvirales	f__Orthoherpesviridae	g__Roseolovirus	s__Roseolovirus humanbeta6b	t__Human betaherpesvirus 6B	21	0.005273694406384394	0.9905392620624409	0.9941348973607038	GCF_000846365.1
XX-000084-54E1-ITD01-01-01-DB01-03-39.p2058	24222312	k__Viruses	p__unclassified_Viruses	c__unclassified_Viruses	o__unclassified_Viruses	f__Anelloviridae	g__unclassified_Anelloviridae	s__Torque teno virus	t__Torque teno virus	10	0.11564215869151019	1.0	1.0	set:AB064597
XX-000084-54E1-ITD01-01-01-DB01-03-39.p2058	24222312	k__Viruses	p__Peploviricota	c__Herviviricetes	o__Herpesvirales	f__Orthoherpesviridae	g__Lymphocryptovirus	s__Lymphocryptovirus humangamma4	t__Human herpesvirus 4 type 2	12	0.002867559259072664	0.980132450331126	0.9807256235827665	GCF_000872045.1
XX-000084-54E1-ITD01-01-01-DB01-03-39.p2058	24222312	k__Viruses	p__Peploviricota	c__Herviviricetes	o__Herpesvirales	f__Orthoherpesviridae	g__Roseolovirus	s__Roseolovirus humanbeta6b	t__Human betaherpesvirus 6B	74	0.0188449766726644	0.9954358331841777	0.9974489795918368	GCF_000846365.1
XX-000084-54E1-ITD01-01-01-DB01-03-39.p2058	24222312	k__Viruses	p__Negarnaviricota	c__Monjiviricetes	o__Mononegavirales	f__Paramyxoviridae	g__Orthorubulavirus	s__Orthorubulavirus hominis	t__Human orthorubulavirus 4	37	0.08896431416168656	0.9700628257014938	0.9718342644320298	acc:OP615960.1
XX-000084-54E1-ITD01-01-01-DB01-03-39.p2058	24222312	k__Viruses	p__Cossaviricota	c__Quintoviricetes	o__Piccovirales	f__Parvoviridae	g__Dependoparvovirus	s__Dependoparvovirus primate1	t__adeno-associated virus 2	453	3.996957799903766	0.9770679655457385	0.9806301652892562	GCF_000838645.1
XX-000084-54E1-ITD01-01-01-DB01-03-39.p2058	24222312	k__Viruses	p__Cossaviricota	c__Quintoviricetes	o__Piccovirales	f__Parvoviridae	g__Erythroparvovirus	s__Erythroparvovirus primate1	t__Human parvovirus B19	16	0.11906056424763992	0.976407284768212	0.9768211920529801	acc:ON023021.1
XX-000102-54E1-OBD01-01-01-DB01-04-04.p2058	24245986	k__Viruses	p__Cossaviricota	c__Quintoviricetes	o__Piccovirales	f__Parvoviridae	g__Erythroparvovirus	s__Erythroparvovirus primate1	t__Human parvovirus B19	6	0.04449984571534884	0.9856512141280355	0.9861111111111112	acc:ON023025.1
XX-000105-54E1-OBD01-01-01-DB01-04-13.p2058	28227246	k__Viruses	p__Peploviricota	c__Herviviricetes	o__Herpesvirales	f__Orthoherpesviridae	g__Roseolovirus	s__Roseolovirus humanbeta6a	t__Human betaherpesvirus 6A	28	0.0062238791391940025	0.9947965941343425	0.9954493742889647	GCF_000845685.2
XX-000101-54E1-ITD01-01-01-DB01-03-78.p2058	20898308	k__Viruses	p__Cossaviricota	c__Papovaviricetes	o__Zurhausenvirales	f__Papillomaviridae	g__Betapapillomavirus	s__Betapapillomavirus 1	t__Betapapillomavirus 1	16	0.10140559216627705	0.982201986754967	0.9834437086092715	set:MF588677
XX-000101-54E1-ITD01-01-01-DB01-03-78.p2058	20898308	k__Viruses	p__Cossaviricota	c__Papovaviricetes	o__Zurhausenvirales	f__Papillomaviridae	g__Betapapillomavirus	s__Betapapillomavirus 1	t__Human papillomavirus 98	74	0.47427759462311636	0.9940934311795239	0.9958944281524926	set:FM955837
XX-000101-54E1-ITD01-01-01-DB01-03-78.p2058	20898308	k__Viruses	p__Cossaviricota	c__Quintoviricetes	o__Piccovirales	f__Parvoviridae	g__Erythroparvovirus	s__Erythroparvovirus primate1	t__Human parvovirus B19	188	1.617684516283196	0.9853402304332278	0.9875428215509188	acc:ON023025.1
XX-000070-54E1-ITD01-01-01-DB01-03-32.p2058	23824676	k__Viruses	p__unclassified_Viruses	c__unclassified_Viruses	o__unclassified_Viruses	f__Anelloviridae	g__Betatorquevirus	s__TTV-like mini virus	t__unclassified_TTV-like mini virus	18	0.2695394911271237	0.8816967814024472	0.9132947976878613	acc:MN769116.1
XX-000070-54E1-ITD01-01-01-DB01-03-32.p2058	23824676	k__Viruses	p__Cossaviricota	c__Papovaviricetes	o__Zurhausenvirales	f__Papillomaviridae	g__Betapapillomavirus	s__Betapapillomavirus 1	t__Human papillomavirus 5	376	2.03743306082442	0.9826863463435214	0.9816442605997932	GCF_000866505.1
XX-000070-54E1-ITD01-01-01-DB01-03-32.p2058	23824676	k__Viruses	p__Cossaviricota	c__Papovaviricetes	o__Zurhausenvirales	f__Papillomaviridae	g__Betapapillomavirus	s__Betapapillomavirus 1	t__Human papillomavirus 93	12	0.06760798153282575	0.9492273730684327	0.9503311258278145	set:AY382778
XX-000070-54E1-ITD01-01-01-DB01-03-32.p2058	23824676	k__Viruses	p__Cossaviricota	c__Papovaviricetes	o__Zurhausenvirales	f__Papillomaviridae	g__Betapapillomavirus	s__Betapapillomavirus 1	t__Human papillomavirus 98	50	0.28109622645970167	0.9939072847682121	0.9950331125827815	set:FM955837
XX-000070-54E1-ITD01-01-01-DB01-03-32.p2058	23824676	k__Viruses	p__Cossaviricota	c__Papovaviricetes	o__Zurhausenvirales	f__Papillomaviridae	g__Betapapillomavirus	s__Betapapillomavirus 1	t__human papillomavirus 12	86	0.47044217568184393	0.9986908978900355	0.9989010989010989	set:X74466
XX-000070-54E1-ITD01-01-01-DB01-03-32.p2058	23824676	k__Viruses	p__Cossaviricota	c__Papovaviricetes	o__Zurhausenvirales	f__Papillomaviridae	g__Betapapillomavirus	s__Betapapillomavirus 1	t__human papillomavirus 24	26	0.14644464598886595	0.9834437086092718	0.9834437086092715	set:U31782
XX-000070-54E1-ITD01-01-01-DB01-03-32.p2058	23824676	k__Viruses	p__Cossaviricota	c__Papovaviricetes	o__Zurhausenvirales	f__Papillomaviridae	g__Betapapillomavirus	s__Betapapillomavirus 2	t__Human papillomavirus 107	16	0.08880886227974112	0.991721854304636	0.9966329966329966	set:EF422221
XX-000070-54E1-ITD01-01-01-DB01-03-32.p2058	23824676	k__Viruses	p__Cossaviricota	c__Papovaviricetes	o__Zurhausenvirales	f__Papillomaviridae	g__Betapapillomavirus	s__Betapapillomavirus 2	t__Human papillomavirus 110	67	0.3788509136255554	0.9972323811406544	0.9986789960369881	set:EU410348
XX-000070-54E1-ITD01-01-01-DB01-03-32.p2058	23824676	k__Viruses	p__Cossaviricota	c__Papovaviricetes	o__Zurhausenvirales	f__Papillomaviridae	g__Betapapillomavirus	s__Betapapillomavirus 2	t__Human papillomavirus 111	86	0.48885466061847077	0.9932234714307718	0.9944903581267218	set:EU410349
XX-000070-54E1-ITD01-01-01-DB01-03-32.p2058	23824676	k__Viruses	p__Cossaviricota	c__Papovaviricetes	o__Zurhausenvirales	f__Papillomaviridae	g__Betapapillomavirus	s__Betapapillomavirus 2	t__unclassified_Betapapillomavirus 2	26	0.14829535288884754	0.916963830871116	0.922077922077922	set:HF930491
XX-000070-54E1-ITD01-01-01-DB01-03-32.p2058	23824676	k__Viruses	p__Cossaviricota	c__Papovaviricetes	o__Zurhausenvirales	f__Papillomaviridae	g__Betapapillomavirus	s__Betapapillomavirus 4	t__Betapapillomavirus 4	61	0.345109934038647	0.925632396048203	0.9955357142857143	set:MH777225
XX-000070-54E1-ITD01-01-01-DB01-03-32.p2058	23824676	k__Viruses	p__Cossaviricota	c__Papovaviricetes	o__Zurhausenvirales	f__Papillomaviridae	g__Betapapillomavirus	s__Betapapillomavirus 4	t__Human papillomavirus type 92	125	0.7032115087616045	0.9971920529801326	0.9972936400541272	GCF_000846285.1
XX-000070-54E1-ITD01-01-01-DB01-03-32.p2058	23824676	k__Viruses	p__Cossaviricota	c__Papovaviricetes	o__Zurhausenvirales	f__Papillomaviridae	g__Betapapillomavirus	s__Betapapillomavirus 5	t__Human papillomavirus type 96	38	0.21443734395382913	0.9846636458696413	0.9867256637168141	GCF_000864825.1
XX-000070-54E1-ITD01-01-01-DB01-03-32.p2058	23824676	k__Viruses	p__Cossaviricota	c__Papovaviricetes	o__Zurhausenvirales	f__Papillomaviridae	g__Betapapillomavirus	s__Betapapillomavirus 5	t__unclassified_Betapapillomavirus 5	43	0.2427180482791009	0.9414296659461784	0.9305936073059361	set:FN677755
XX-000070-54E1-ITD01-01-01-DB01-03-32.p2058	23824676	k__Viruses	p__Cossaviricota	c__Quintoviricetes	o__Piccovirales	f__Parvoviridae	g__Erythroparvovirus	s__Erythroparvovirus primate1	t__Human parvovirus B19	62	0.46075493788379684	0.9941159655057412	0.992133726647001	acc:ON023019.1
XX-000076-54E1-ITD01-01-01-DB01-03-26.p2058	26240488	k__Viruses	p__unclassified_Viruses	c__unclassified_Viruses	o__unclassified_Viruses	f__Anelloviridae	g__Betatorquevirus	s__TTV-like mini virus	t__unclassified_TTV-like mini virus	2	0.026687007956742954	0.9464995269631031	0.9476439790575916	acc:MN769785.1
XX-000076-54E1-ITD01-01-01-DB01-03-26.p2058	26240488	k__Viruses	p__Peploviricota	c__Herviviricetes	o__Herpesvirales	f__Orthoherpesviridae	g__Lymphocryptovirus	s__Lymphocryptovirus humangamma4	t__Human herpesvirus 4 type 2	849	0.18727617565310115	0.9911319859973435	0.9985169974903034	GCF_000872045.1
XX-000099-54E1-ITD01-01-01-DB01-03-72.p2058	19872230	k__Viruses	p__unclassified_Viruses	c__unclassified_Viruses	o__unclassified_Viruses	f__Anelloviridae	g__unclassified_Anelloviridae	s__unclassified_Anelloviridae	t__unclassified_Anelloviridae	8	0.10729526389574338	0.8741721854304636	0.8741721854304636	set:FR848326
XX-000099-54E1-ITD01-01-01-DB01-03-72.p2058	19872230	k__Viruses	p__Pisuviricota	c__Pisoniviricetes	o__Nidovirales	f__Coronaviridae	g__Alphacoronavirus	s__Alphacoronavirus chicagoense	t__Human coronavirus 229E	15	0.027631957444322387	0.9778533500387806	0.9809572825527535	GCF_000853505.1
XX-000099-54E1-ITD01-01-01-DB01-03-72.p2058	19872230	k__Viruses	p__Cossaviricota	c__Papovaviricetes	o__Zurhausenvirales	f__Papillomaviridae	g__Betapapillomavirus	s__Betapapillomavirus 1	t__Human papillomavirus 98	71	0.47854607453313136	0.9965488294002426	0.9951923076923077	set:FM955837
XX-000099-54E1-ITD01-01-01-DB01-03-72.p2058	19872230	k__Viruses	p__Cossaviricota	c__Papovaviricetes	o__Zurhausenvirales	f__Papillomaviridae	g__Betapapillomavirus	s__Betapapillomavirus 1	t__human papillomavirus 12	40	0.2623301382359111	0.9867369464342032	0.9906462585034014	set:X74466
XX-000099-54E1-ITD01-01-01-DB01-03-72.p2058	19872230	k__Viruses	p__Cossaviricota	c__Quintoviricetes	o__Piccovirales	f__Parvoviridae	g__Erythroparvovirus	s__Erythroparvovirus primate1	t__Human parvovirus B19	168	1.5202316908601714	0.982812992746768	0.98659793814433	acc:ON023025.1
XX-000096-54E1-ITD01-01-01-DB01-03-62.p2058	21730668	k__Viruses	p__Peploviricota	c__Herviviricetes	o__Herpesvirales	f__Orthoherpesviridae	g__Roseolovirus	s__Roseolovirus humanbeta6b	t__Human betaherpesvirus 6B	74	0.02100574656048304	0.9875418922004903	0.9913317572892041	GCF_000846365.1
XX-000096-54E1-ITD01-01-01-DB01-03-62.p2058	21730668	k__Viruses	p__Cossaviricota	c__Papovaviricetes	o__Zurhausenvirales	f__Papillomaviridae	g__Gammapapillomavirus	s__Gammapapillomavirus 8	t__human papillomavirus 147	31	0.19747443494487327	0.9626148258919038	0.9637681159420289	set:HM999999
XX-000096-54E1-ITD01-01-01-DB01-03-62.p2058	21730668	k__Viruses	p__Cossaviricota	c__Papovaviricetes	o__Zurhausenvirales	f__Papillomaviridae	g__unclassified_Papillomaviridae	s__unclassified_Papillomaviridae	t__unclassified_Papillomaviridae	3	0.018630734204541786	0.8807947019867549	0.8874172185430463	set:MH777306
XX-000096-54E1-ITD01-01-01-DB01-03-62.p2058	21730668	k__Viruses	p__Cossaviricota	c__Quintoviricetes	o__Piccovirales	f__Parvoviridae	g__Erythroparvovirus	s__Erythroparvovirus primate1	t__Human parvovirus B19	103	0.8470059129695275	0.9870405263192917	0.9907407407407407	GCF_000839645.1
XX-000071-54E1-FBD01-01-01-DB01-02-71.p2058	17766472	k__Viruses	p__Cossaviricota	c__Papovaviricetes	o__Zurhausenvirales	f__Papillomaviridae	g__Betapapillomavirus	s__Betapapillomavirus 2	t__Human papillomavirus type 209	54	0.41078969149481837	0.9778023056168756	0.9784688995215312	set:KY242583
XX-000071-54E1-FBD01-01-01-DB01-02-71.p2058	17766472	k__Viruses	p__Cossaviricota	c__Quintoviricetes	o__Piccovirales	f__Parvoviridae	g__Erythroparvovirus	s__Erythroparvovirus primate1	t__Human parvovirus B19	1151	11.47042315668298	0.9812629157288002	0.976	acc:ON023019.1
XX-000071-54E1-FBD01-01-01-DB01-02-71.p2058	17766472	k__Viruses	p__Artverviricota	c__Revtraviricetes	o__Ortervirales	f__Retroviridae	g__Gammaretrovirus	s__Gammaretrovirus porConc	t__unclassified_Gammaretrovirus porConc	14	0.09762154723961716	0.9072847682119202	0.9072847682119205	set:AF356697
XX-000087-54E1-OBD01-01-01-DB01-03-31.p2058	24708666	k__Viruses	p__Cossaviricota	c__Quintoviricetes	o__Piccovirales	f__Parvoviridae	g__Erythroparvovirus	s__Erythroparvovirus primate1	t__Human parvovirus B19	144	1.0414429573063884	0.9838576158940402	0.9871657754010695	GCF_000839645.1
XX-000095-54E1-ITD01-01-01-DB01-03-65.p2058	20568940	k__Viruses	p__Cossaviricota	c__Papovaviricetes	o__Zurhausenvirales	f__Papillomaviridae	g__Betapapillomavirus	s__Betapapillomavirus 2	t__Human papillomavirus 100	4	0.026350673396597035	0.9867549668874173	0.9855072463768116	set:FM955839
XX-000095-54E1-ITD01-01-01-DB01-03-65.p2058	20568940	k__Viruses	p__Cossaviricota	c__Quintoviricetes	o__Piccovirales	f__Parvoviridae	g__Erythroparvovirus	s__Erythroparvovirus primate1	t__Human parvovirus B19	83	0.7256267524883809	0.9684369771739123	0.9720580333154218	acc:ON023025.1
XX-000069-54E1-OBD01-01-01-DB01-02-68.p2058	22885790	k__Viruses	p__Cossaviricota	c__Quintoviricetes	o__Piccovirales	f__Parvoviridae	g__Erythroparvovirus	s__Human erythrovirus V9	t__Human erythrovirus V9	535	4.649353893124559	0.9595461159458628	0.9618229539489382	acc:OK482575.1
XX-000078-54E1-OBD01-01-01-DB01-03-03.p2058	22137640	k__Viruses	p__Peploviricota	c__Herviviricetes	o__Herpesvirales	f__Orthoherpesviridae	g__Roseolovirus	s__Roseolovirus humanbeta6b	t__Human betaherpesvirus 6B	81	0.022570084054735977	0.991251737388603	0.9909182643794148	GCF_000846365.1
XX-000078-54E1-OBD01-01-01-DB01-03-03.p2058	22137640	k__Viruses	p__Cossaviricota	c__Papovaviricetes	o__Zurhausenvirales	f__Papillomaviridae	g__Betapapillomavirus	s__Betapapillomavirus 1	t__Human papillomavirus 98	26	0.157309170738932	0.9921039225674989	0.9854227405247813	set:FM955837
XX-000078-54E1-OBD01-01-01-DB01-03-03.p2058	22137640	k__Viruses	p__Cossaviricota	c__Papovaviricetes	o__Zurhausenvirales	f__Papillomaviridae	g__Betapapillomavirus	s__Betapapillomavirus 1	t__Human papillomavirus type 195	12	0.07161622419810765	0.990618101545254	1.0	set:KR816182
XX-000078-54E1-OBD01-01-01-DB01-03-03.p2058	22137640	k__Viruses	p__Cossaviricota	c__Papovaviricetes	o__Zurhausenvirales	f__Papillomaviridae	g__Betapapillomavirus	s__Betapapillomavirus 1	t__human papillomavirus 12	42	0.24725937747219712	0.9824976348155156	0.9843614248479583	set:X74466
XX-000078-54E1-OBD01-01-01-DB01-03-03.p2058	22137640	k__Viruses	p__Cossaviricota	c__Papovaviricetes	o__Zurhausenvirales	f__Papillomaviridae	g__Betapapillomavirus	s__Betapapillomavirus 1	t__human papillomavirus 20	780	4.542233861300243	0.9980451314513001	0.9983585029546946	set:U31778
XX-000078-54E1-OBD01-01-01-DB01-03-03.p2058	22137640	k__Viruses	p__Cossaviricota	c__Papovaviricetes	o__Zurhausenvirales	f__Papillomaviridae	g__Betapapillomavirus	s__Betapapillomavirus 1	t__human papillomavirus 36	5	0.0292488561337454	0.9947019867549669	1.0	set:U31785
XX-000078-54E1-OBD01-01-01-DB01-03-03.p2058	22137640	k__Viruses	p__Cossaviricota	c__Papovaviricetes	o__Zurhausenvirales	f__Papillomaviridae	g__Betapapillomavirus	s__Betapapillomavirus 2	t__Human papillomavirus 110	19	0.11562262358159389	0.9975601254792611	0.9950980392156863	set:EU410348
XX-000078-54E1-OBD01-01-01-DB01-03-03.p2058	22137640	k__Viruses	p__Cossaviricota	c__Papovaviricetes	o__Zurhausenvirales	f__Papillomaviridae	g__Gammapapillomavirus	s__Gammapapillomavirus 12	t__Human papillomavirus 148	5	0.0315270333702934	0.9933774834437086	0.9933774834437086	set:GU129016
XX-000078-54E1-OBD01-01-01-DB01-03-03.p2058	22137640	k__Viruses	p__Cossaviricota	c__Papovaviricetes	o__Zurhausenvirales	f__Papillomaviridae	g__unclassified_Papillomaviridae	s__Human papillomavirus	t__Human papillomavirus	61	0.35614423396540523	0.9839159458421718	0.9835164835164835	set:MH777286
XX-000103-54E1-FBD01-01-01-DB01-04-09.p2058	20814620	k__Viruses	p__Peploviricota	c__Herviviricetes	o__Herpesvirales	f__Orthoherpesviridae	g__Roseolovirus	s__Roseolovirus humanbeta6b	t__Human betaherpesvirus 6B	88	0.026079163902534456	0.9890683117118755	0.9946855624446412	GCF_000846365.1
XX-000103-54E1-FBD01-01-01-DB01-04-09.p2058	20814620	k__Viruses	p__Cossaviricota	c__Papovaviricetes	o__Zurhausenvirales	f__Papillomaviridae	g__Betapapillomavirus	s__Betapapillomavirus 1	t__human papillomavirus 24	12	0.0773641775892159	0.969646799116998	0.9712918660287081	set:U31782
XX-000103-54E1-FBD01-01-01-DB01-04-09.p2058	20814620	k__Viruses	p__Cossaviricota	c__Papovaviricetes	o__Zurhausenvirales	f__Papillomaviridae	g__Betapapillomavirus	s__Betapapillomavirus 2	t__Human papillomavirus 110	18	0.11649963317961137	1.0	1.0	set:EU410348
XX-000103-54E1-FBD01-01-01-DB01-04-09.p2058	20814620	k__Viruses	p__Cossaviricota	c__Quintoviricetes	o__Piccovirales	f__Parvoviridae	g__Dependoparvovirus	s__Adeno-associated virus	t__Adeno-associated virus	6	0.06160695142069212	0.9768211920529802	0.9768211920529801	set:MK139294
XX-000103-54E1-FBD01-01-01-DB01-04-09.p2058	20814620	k__Viruses	p__Cossaviricota	c__Quintoviricetes	o__Piccovirales	f__Parvoviridae	g__Erythroparvovirus	s__Erythroparvovirus primate1	t__Human parvovirus B19	16	0.13855271602855967	0.9900662251655631	0.9900662251655629	acc:ON023021.1
XX-000103-54E1-ITD01-01-01-DB01-04-10.p2058	20593100	k__Viruses	p__Cossaviricota	c__Papovaviricetes	o__Zurhausenvirales	f__Papillomaviridae	g__Betapapillomavirus	s__Betapapillomavirus 1	t__human papillomavirus 24	30	0.1954909603376914	0.9774229641053557	0.9661458333333334	set:U31782
XX-000103-54E1-ITD01-01-01-DB01-04-10.p2058	20593100	k__Viruses	p__Cossaviricota	c__Papovaviricetes	o__Zurhausenvirales	f__Papillomaviridae	g__Betapapillomavirus	s__Betapapillomavirus 2	t__Human papillomavirus 110	12	0.07850187991035841	0.9961368653421635	0.9966887417218543	set:EU410348
XX-000103-54E1-ITD01-01-01-DB01-04-10.p2058	20593100	k__Viruses	p__Cossaviricota	c__Papovaviricetes	o__Zurhausenvirales	f__Papillomaviridae	g__unclassified_Papillomaviridae	s__Human papillomavirus	t__Human papillomavirus	32	0.21070081973318525	0.9935844370860928	0.994263862332696	set:KX781287
XX-000103-54E1-ITD01-01-01-DB01-04-10.p2058	20593100	k__Viruses	p__Cossaviricota	c__Quintoviricetes	o__Piccovirales	f__Parvoviridae	g__Dependoparvovirus	s__Adeno-associated virus	t__Adeno-associated virus	4	0.041451092230373486	0.9867549668874173	0.9867549668874173	set:MK139297
XX-000103-54E1-ITD01-01-01-DB01-04-10.p2058	20593100	k__Viruses	p__Cossaviricota	c__Quintoviricetes	o__Piccovirales	f__Parvoviridae	g__Erythroparvovirus	s__Erythroparvovirus primate1	t__Human parvovirus B19	30	0.26196702687223095	0.9898454746136867	0.9908854166666666	acc:ON023025.1
XX-000097-54E1-OBD01-01-01-DB01-03-79.p2058	19397514	k__Viruses	p__Cossaviricota	c__Quintoviricetes	o__Piccovirales	f__Parvoviridae	g__Erythroparvovirus	s__Erythroparvovirus primate1	t__Human parvovirus B19	10	0.09127655449177983	0.9887417218543048	0.9900662251655629	acc:ON023019.1
XX-000076-54E1-OBD01-01-01-DB01-03-04.p2058	21443756	k__Viruses	p__Peploviricota	c__Herviviricetes	o__Herpesvirales	f__Orthoherpesviridae	g__Lymphocryptovirus	s__Lymphocryptovirus humangamma4	t__Human herpesvirus 4 type 2	1179	0.31824361384424127	0.992440722519358	0.9993288723080871	GCF_000872045.1
XX-000099-54E1-FBD01-01-01-DB01-03-70.p2058	21388164	k__Viruses	p__Cossaviricota	c__Quintoviricetes	o__Piccovirales	f__Parvoviridae	g__Erythroparvovirus	s__Erythroparvovirus primate1	t__Human parvovirus B19	82	0.6910411261702825	0.9920045226942338	0.9940828402366864	acc:ON023021.1
XX-000086-54E1-FBD01-01-01-DB01-03-30.p2058	26086408	k__Viruses	p__unclassified_Viruses	c__unclassified_Viruses	o__unclassified_Viruses	f__Anelloviridae	g__unclassified_Anelloviridae	s__Torque teno virus	t__unclassified_Torque teno virus	12	0.12326089830387096	0.9072847682119202	0.9072847682119205	acc:MT783405.1
XX-000086-54E1-FBD01-01-01-DB01-03-30.p2058	26086408	k__Viruses	p__Negarnaviricota	c__Monjiviricetes	o__Mononegavirales	f__Paramyxoviridae	g__Respirovirus	s__Respirovirus pneumoniae	t__Human respirovirus 3	595	1.4611667473824343	0.9846021427499522	0.9772136222910217	set:MN306039
XX-000089-54E1-ITD01-01-01-DB01-03-56.p2058	24991752	k__Viruses	p__Peploviricota	c__Herviviricetes	o__Herpesvirales	f__Orthoherpesviridae	g__Roseolovirus	s__Roseolovirus humanbeta7	t__Human betaherpesvirus 7	8	0.0020911001387679726	1.0	1.0	GCF_000848125.1
XX-000089-54E1-ITD01-01-01-DB01-03-56.p2058	24991752	k__Viruses	p__Pisuviricota	c__Pisoniviricetes	o__Picornavirales	f__Picornaviridae	g__Enterovirus	s__Enterovirus D	t__enterovirus D68	1	0.00544842063661835	0.9735099337748344	0.9735099337748344	acc:PQ238712.1
XX-000100-54E1-FBD01-01-01-DB01-03-74.p2058	29659626	k__Viruses	p__Cossaviricota	c__Quintoviricetes	o__Piccovirales	f__Parvoviridae	g__Erythroparvovirus	s__Erythroparvovirus primate1	t__Human parvovirus B19	318	1.93252444974474	0.9880403479647479	0.9861359570661896	acc:ON023021.1
XX-000101-54E1-FBD01-01-01-DB01-03-80.p2058	18330466	k__Viruses	p__Cossaviricota	c__Quintoviricetes	o__Piccovirales	f__Parvoviridae	g__Erythroparvovirus	s__Erythroparvovirus primate1	t__Human parvovirus B19	8	0.07866472500214612	0.9809602649006623	0.9770491803278688	acc:ON023021.1
XX-000089-54E1-OBD01-01-01-DB01-03-41.p2058	25652192	k__Viruses	p__Peploviricota	c__Herviviricetes	o__Herpesvirales	f__Orthoherpesviridae	g__Roseolovirus	s__Roseolovirus humanbeta6b	t__Human betaherpesvirus 6B	206	0.04953614624518079	0.9945009187369414	0.9962894248608535	GCF_000846365.1
XX-000093-54E1-ITD01-01-01-DB01-03-55.p2058	20812704	k__Viruses	p__unclassified_Viruses	c__unclassified_Viruses	o__unclassified_Viruses	f__Anelloviridae	g__unclassified_Anelloviridae	s__unclassified_Anelloviridae	t__unclassified_Anelloviridae	3	0.03722694506344548	0.9688621927644298	0.967741935483871	set:FR751487
XX-000093-54E1-ITD01-01-01-DB01-03-55.p2058	20812704	k__Viruses	p__Cossaviricota	c__Papovaviricetes	o__Zurhausenvirales	f__Papillomaviridae	g__Betapapillomavirus	s__Betapapillomavirus 2	t__Human papillomavirus 37	24	0.15538901095341426	1.0	1.0	set:U31786
XX-000093-54E1-ITD01-01-01-DB01-03-55.p2058	20812704	k__Viruses	p__Cossaviricota	c__Quintoviricetes	o__Piccovirales	f__Parvoviridae	g__Erythroparvovirus	s__Erythroparvovirus primate1	t__Human parvovirus B19	50	0.43200482912444077	0.9957615894039736	0.9749430523917996	acc:ON023025.1
XX-000083-54E1-ITD01-01-01-DB01-03-20.p2058	32927214	k__Viruses	p__unclassified_Viruses	c__unclassified_Viruses	o__unclassified_Viruses	f__Anelloviridae	g__unclassified_Anelloviridae	s__Torque teno virus	t__unclassified_Torque teno virus	6	0.04907624376021221	0.928722334004024	0.9469964664310954	acc:MN768563.1
XX-000083-54E1-ITD01-01-01-DB01-03-20.p2058	32927214	k__Viruses	p__Cossaviricota	c__Quintoviricetes	o__Piccovirales	f__Parvoviridae	g__Erythroparvovirus	s__Erythroparvovirus primate1	t__Human parvovirus B19	102	0.5484669940489297	0.9886378392416572	0.9889230769230769	acc:ON023019.1
XX-000098-54E1-FBD01-01-01-DB01-03-69.p2058	23626726	k__Viruses	p__unclassified_Viruses	c__unclassified_Viruses	o__unclassified_Viruses	f__Anelloviridae	g__unclassified_Anelloviridae	s__Torque teno virus	t__Torque teno virus	20	0.22724805446080526	0.9867549668874174	0.9867549668874173	GCF_000893775.1
XX-000098-54E1-FBD01-01-01-DB01-03-69.p2058	23626726	k__Viruses	p__Cossaviricota	c__Papovaviricetes	o__Zurhausenvirales	f__Papillomaviridae	g__Betapapillomavirus	s__Betapapillomavirus 1	t__human papillomavirus 21	18	0.09793663743152714	0.9944812362030907	0.9976635514018691	set:U31779
XX-000098-54E1-FBD01-01-01-DB01-03-69.p2058	23626726	k__Viruses	p__Cossaviricota	c__Quintoviricetes	o__Piccovirales	f__Parvoviridae	g__Erythroparvovirus	s__Erythroparvovirus primate1	t__Human parvovirus B19	492	3.7446278494004472	0.9887450388797218	0.988552531162554	acc:ON023025.1
XX-000095-54E1-FBD01-01-01-DB01-04-01.p2058	22951022	k__Viruses	p__Peploviricota	c__Herviviricetes	o__Herpesvirales	f__Orthoherpesviridae	g__Lymphocryptovirus	s__Lymphocryptovirus humangamma4	t__Human gammaherpesvirus 4	70	0.017653985276495466	0.9903534261386674	0.9976079921204446	GCF_000872045.1
XX-000095-54E1-FBD01-01-01-DB01-04-01.p2058	22951022	k__Viruses	p__Peploviricota	c__Herviviricetes	o__Herpesvirales	f__Orthoherpesviridae	g__Roseolovirus	s__Roseolovirus humanbeta6b	t__Human betaherpesvirus 6B	113	0.03037077626950843	0.9949598546562739	0.9961290322580645	GCF_000846365.1
XX-000095-54E1-FBD01-01-01-DB01-04-01.p2058	22951022	k__Viruses	p__Cossaviricota	c__Quintoviricetes	o__Piccovirales	f__Parvoviridae	g__Erythroparvovirus	s__Erythroparvovirus primate1	t__Human parvovirus B19	5	0.038930525787660354	0.9801324503311258	0.9801324503311258	GCF_000839645.1
XX-000078-54E1-ITD01-01-01-DB01-03-05.p2058	24035060	k__Viruses	p__Peploviricota	c__Herviviricetes	o__Herpesvirales	f__Orthoherpesviridae	g__Roseolovirus	s__Roseolovirus humanbeta6b	t__Human betaherpesvirus 6B	28	0.007186084157973624	0.9933774834437087	0.9933774834437086	GCF_000846365.1
XX-000078-54E1-ITD01-01-01-DB01-03-05.p2058	24035060	k__Viruses	p__Cossaviricota	c__Papovaviricetes	o__Zurhausenvirales	f__Papillomaviridae	g__Betapapillomavirus	s__Betapapillomavirus 1	t__human papillomavirus 20	72	0.38618330446865035	0.9969646799116999	0.9980237154150198	set:U31778
XX-000069-54E1-FBD01-01-01-DB01-02-69.p2058	22527582	k__Viruses	p__Cossaviricota	c__Quintoviricetes	o__Piccovirales	f__Parvoviridae	g__Erythroparvovirus	s__Human erythrovirus V9	t__unclassified_Human erythrovirus V9	596	5.261825139295783	0.9645856098892821	0.9475531695230229	acc:OK482575.1
XX-000079-54E1-FBD01-01-01-DB01-03-08.p2058	24669110	k__Viruses	p__Cossaviricota	c__Papovaviricetes	o__Zurhausenvirales	f__Papillomaviridae	g__Betapapillomavirus	s__Betapapillomavirus 1	t__human papillomavirus 21	6	0.03126612050395597	0.9812362030905079	0.9875518672199171	set:U31779
XX-000079-54E1-FBD01-01-01-DB01-03-08.p2058	24669110	k__Viruses	p__Cossaviricota	c__Papovaviricetes	o__Zurhausenvirales	f__Papillomaviridae	g__Betapapillomavirus	s__Betapapillomavirus 2	t__Human papillomavirus 104	220	1.207424255529835	0.9955156363101236	0.9955323901712584	set:FM955840
XX-000079-54E1-FBD01-01-01-DB01-03-08.p2058	24669110	k__Viruses	p__Cossaviricota	c__Papovaviricetes	o__Zurhausenvirales	f__Papillomaviridae	g__Betapapillomavirus	s__Betapapillomavirus 2	t__Human papillomavirus 111	24	0.13175468656569528	0.9919977924944815	0.9917864476386037	set:EU410349
XX-000079-54E1-FBD01-01-01-DB01-03-08.p2058	24669110	k__Viruses	p__Cossaviricota	c__Quintoviricetes	o__Piccovirales	f__Parvoviridae	g__Erythroparvovirus	s__Erythroparvovirus primate1	t__Human parvovirus B19	1694	12.348295944136643	0.9786858218302511	0.9723053892215568	acc:ON023025.1
XX-000094-54E1-ITD01-01-01-DB01-03-57.p2058	22487146	k__Viruses	p__Peploviricota	c__Herviviricetes	o__Herpesvirales	f__Orthoherpesviridae	g__Roseolovirus	s__Roseolovirus humanbeta6b	t__Human betaherpesvirus 6B	18	0.00493761977594257	0.9959529065489332	0.9966887417218543	GCF_000846365.1
XX-000094-54E1-ITD01-01-01-DB01-03-57.p2058	22487146	k__Viruses	p__Cossaviricota	c__Papovaviricetes	o__Zurhausenvirales	f__Papillomaviridae	g__Alphapapillomavirus	s__Alphapapillomavirus 9	t__Human papillomavirus type 16	274	1.5412014651731463	0.9994440953255667	0.9994256174612292	GCF_000863945.3
XX-000104-54E1-FBD01-01-01-DB01-04-07.p2058	26448642	k__Viruses	p__unclassified_Viruses	c__unclassified_Viruses	o__unclassified_Viruses	f__Anelloviridae	g__Alphatorquevirus	s__unclassified_Alphatorquevirus	t__unclassified_Alphatorquevirus	28	0.2775709197350972	0.8470111448834855	0.8920863309352518	set:FR848323
XX-000104-54E1-FBD01-01-01-DB01-04-07.p2058	26448642	k__Viruses	p__unclassified_Viruses	c__unclassified_Viruses	o__unclassified_Viruses	f__Anelloviridae	g__Betatorquevirus	s__unclassified_Betatorquevirus	t__unclassified_Betatorquevirus	15	0.19429149314888797	0.8807947019867549	0.8662420382165605	acc:MN769473.1
XX-000104-54E1-FBD01-01-01-DB01-04-07.p2058	26448642	k__Viruses	p__unclassified_Viruses	c__unclassified_Viruses	o__unclassified_Viruses	f__Anelloviridae	g__unclassified_Anelloviridae	s__Torque teno virus	t__Torque teno virus	8	0.086817737237138	0.959407308590214	0.9893617021276596	set:KP343838
XX-000104-54E1-FBD01-01-01-DB01-04-07.p2058	26448642	k__Viruses	p__unclassified_Viruses	c__unclassified_Viruses	o__unclassified_Viruses	f__Anelloviridae	g__unclassified_Anelloviridae	s__Torque teno virus	t__unclassified_Torque teno virus	53	0.5191408295437826	0.9538713192343087	0.9478123352662098	set:FR751490
XX-000104-54E1-FBD01-01-01-DB01-04-07.p2058	26448642	k__Viruses	p__Peploviricota	c__Herviviricetes	o__Herpesvirales	f__Orthoherpesviridae	g__Roseolovirus	s__Roseolovirus humanbeta6b	t__Human betaherpesvirus 6B	4	0.0009329021445840236	0.9966887417218543	0.9966887417218543	GCF_000846365.1
XX-000104-54E1-FBD01-01-01-DB01-04-07.p2058	26448642	k__Viruses	p__Peploviricota	c__Herviviricetes	o__Herpesvirales	f__Orthoherpesviridae	g__Simplexvirus	s__Simplexvirus humanalpha2	t__Human alphaherpesvirus 2	22	0.005377732280388034	0.9990969295605058	1.0	GCF_000858385.2
XX-000104-54E1-FBD01-01-01-DB01-04-07.p2058	26448642	k__Viruses	p__Cossaviricota	c__Papovaviricetes	o__Zurhausenvirales	f__Papillomaviridae	g__Alphapapillomavirus	s__Alphapapillomavirus 6	t__human papillomavirus 56	14	0.06729312788390927	0.9877276771082081	0.9918032786885246	acc:OP971047.1
XX-000104-54E1-FBD01-01-01-DB01-04-07.p2058	26448642	k__Viruses	p__Cossaviricota	c__Papovaviricetes	o__Zurhausenvirales	f__Papillomaviridae	g__Betapapillomavirus	s__Betapapillomavirus 1	t__human papillomavirus 12	8	0.039420434840895184	0.985927152317881	0.9867549668874173	set:X74466
XX-000104-54E1-FBD01-01-01-DB01-04-07.p2058	26448642	k__Viruses	p__Cossaviricota	c__Papovaviricetes	o__Zurhausenvirales	f__Papillomaviridae	g__Betapapillomavirus	s__Betapapillomavirus 2	t__Human papillomavirus 110	22	0.11205721951623591	0.9966685388037448	1.0	set:EU410348
XX-000104-54E1-FBD01-01-01-DB01-04-07.p2058	26448642	k__Viruses	p__Cossaviricota	c__Quintoviricetes	o__Piccovirales	f__Parvoviridae	g__Erythroparvovirus	s__Erythroparvovirus primate1	t__Human parvovirus B19	133	0.9042642631506724	0.9873363379811619	0.9879032258064516	acc:ON023025.1
XX-000107-54E1-OBD01-01-01-DB01-04-21.p2058	21881152	k__Viruses	p__unclassified_Viruses	c__unclassified_Viruses	o__unclassified_Viruses	f__Anelloviridae	g__Alphatorquevirus	s__Alphatorquevirus homin13	t__unclassified_Alphatorquevirus homin13	20	0.2759748363795091	0.94635761589404	0.9111111111111111	GCF_002818305.1
XX-000107-54E1-OBD01-01-01-DB01-04-21.p2058	21881152	k__Viruses	p__unclassified_Viruses	c__unclassified_Viruses	o__unclassified_Viruses	f__Anelloviridae	g__unclassified_Anelloviridae	s__Torque teno virus	t__Torque teno virus	60	0.7763907063633224	0.9763019036116863	0.9786306763290499	set:AB064597,set:FR751472,set:KP343838
XX-000107-54E1-OBD01-01-01-DB01-04-21.p2058	21881152	k__Viruses	p__Cossaviricota	c__Quintoviricetes	o__Piccovirales	f__Parvoviridae	g__Erythroparvovirus	s__Erythroparvovirus primate1	t__Human parvovirus B19	20	0.16183226949166682	0.9880794701986757	0.9913644214162349	acc:ON023019.1
XX-000095-54E1-OBD01-01-01-DB01-03-60.p2058	23975126	k__Viruses	p__Negarnaviricota	c__Monjiviricetes	o__Mononegavirales	f__Paramyxoviridae	g__Respirovirus	s__Respirovirus laryngotracheitidis	t__Human respirovirus 1	2	0.005385744140683739	0.9768211920529801	0.9757085020242915	set:KF530213
XX-000095-54E1-OBD01-01-01-DB01-03-60.p2058	23975126	k__Viruses	p__Cossaviricota	c__Quintoviricetes	o__Piccovirales	f__Parvoviridae	g__Erythroparvovirus	s__Erythroparvovirus primate1	t__Human parvovirus B19	96	0.7200413536706386	0.9769627244448227	0.9743944636678201	acc:ON023025.1
XX-000087-54E1-ITD01-01-01-DB01-03-50.p2058	26243378	k__Viruses	p__unclassified_Viruses	c__unclassified_Viruses	o__unclassified_Viruses	f__Anelloviridae	g__unclassified_Anelloviridae	s__Torque teno virus	t__Torque teno virus	8	0.08238886633276257	0.962748344370861	0.9797979797979798	acc:MT783404.1
XX-000087-54E1-ITD01-01-01-DB01-03-50.p2058	26243378	k__Viruses	p__unclassified_Viruses	c__unclassified_Viruses	o__unclassified_Viruses	f__Anelloviridae	g__unclassified_Anelloviridae	s__unclassified_Anelloviridae	t__unclassified_Anelloviridae	11	0.136443150217425	0.8603251053582182	0.8636363636363636	set:KP343840
XX-000087-54E1-ITD01-01-01-DB01-03-50.p2058	26243378	k__Viruses	p__Peploviricota	c__Herviviricetes	o__Herpesvirales	f__Orthoherpesviridae	g__Roseolovirus	s__Roseolovirus humanbeta6b	t__Human betaherpesvirus 6B	124	0.029146165563639994	0.9724301569143625	0.970989010989011	GCF_000846365.1
XX-000087-54E1-ITD01-01-01-DB01-03-50.p2058	26243378	k__Viruses	p__Cossaviricota	c__Papovaviricetes	o__Zurhausenvirales	f__Papillomaviridae	g__Betapapillomavirus	s__Betapapillomavirus 1	t__Human papillomavirus 98	6	0.030622703465499085	0.9801324503311258	0.9810606060606061	set:FM955837
XX-000087-54E1-ITD01-01-01-DB01-03-50.p2058	26243378	k__Viruses	p__Cossaviricota	c__Quintoviricetes	o__Piccovirales	f__Parvoviridae	g__Erythroparvovirus	s__Erythroparvovirus primate1	t__Human parvovirus B19	28	0.19066043942267252	0.9865184484389785	0.9860627177700348	GCF_000839645.1
XX-000100-54E1-OBD01-01-01-DB01-03-71.p2058	21549038	k__Viruses	p__Peploviricota	c__Herviviricetes	o__Herpesvirales	f__Orthoherpesviridae	g__Lymphocryptovirus	s__Lymphocryptovirus humangamma4	t__Human gammaherpesvirus 4	2	0.0005393418741933003	0.9933774834437086	0.9933774834437086	set:LN827548
XX-000100-54E1-OBD01-01-01-DB01-03-71.p2058	21549038	k__Viruses	p__Cossaviricota	c__Quintoviricetes	o__Piccovirales	f__Parvoviridae	g__Erythroparvovirus	s__Erythroparvovirus primate1	t__Human parvovirus B19	181	1.4871541926665928	0.9797605508923335	0.9874832364774251	acc:ON023019.1
XX-000100-54E1-OBD01-01-01-DB01-03-71.p2058	21549038	k__Viruses	p__Negarnaviricota	c__Monjiviricetes	o__Mononegavirales	f__Pneumoviridae	g__Metapneumovirus	s__Metapneumovirus hominis	t__Human metapneumovirus	3	0.010456463242091674	0.9955849889624724	0.9953488372093023	set:MN306019
XX-000108-54E1-ITD01-01-01-DB01-04-25.p2058	26647760	k__Viruses	p__unclassified_Viruses	c__unclassified_Viruses	o__unclassified_Viruses	f__Anelloviridae	g__Alphatorquevirus	s__Alphatorquevirus homin13	t__Torque teno virus 13	65	0.7364823108859543	0.9800028416868535	0.9815384615384616	GCF_002818305.1
XX-000108-54E1-ITD01-01-01-DB01-04-25.p2058	26647760	k__Viruses	p__unclassified_Viruses	c__unclassified_Viruses	o__unclassified_Viruses	f__Anelloviridae	g__unclassified_Anelloviridae	s__Torque teno virus	t__Torque teno virus	156	1.5084129329477642	0.9719825212374901	0.9614643545279383	set:FR751497
XX-000108-54E1-ITD01-01-01-DB01-04-25.p2058	26647760	k__Viruses	p__unclassified_Viruses	c__unclassified_Viruses	o__unclassified_Viruses	f__Anelloviridae	g__unclassified_Anelloviridae	s__Torque teno virus	t__unclassified_Torque teno virus	6	0.05928373833161455	0.9338235294117646	0.9338235294117647	acc:PP374835.1
XX-000108-54E1-ITD01-01-01-DB01-04-25.p2058	26647760	k__Viruses	p__Peploviricota	c__Herviviricetes	o__Herpesvirales	f__Orthoherpesviridae	g__Lymphocryptovirus	s__Lymphocryptovirus humangamma4	t__Human gammaherpesvirus 4	14	0.0030576377382234518	0.9735099337748346	0.9735099337748344	GCF_002402265.1
XX-000108-54E1-ITD01-01-01-DB01-04-25.p2058	26647760	k__Viruses	p__Peploviricota	c__Herviviricetes	o__Herpesvirales	f__Orthoherpesviridae	g__Roseolovirus	s__Roseolovirus humanbeta6b	t__Human betaherpesvirus 6B	30	0.006944484689276436	0.9986754966887418	0.9988597491448119	GCF_000846365.1
XX-000108-54E1-ITD01-01-01-DB01-04-25.p2058	26647760	k__Viruses	p__Cossaviricota	c__Papovaviricetes	o__Zurhausenvirales	f__Papillomaviridae	g__Betapapillomavirus	s__Betapapillomavirus 1	t__Human papillomavirus type 195	28	0.13882216649353102	0.9944946556895269	0.9956331877729258	set:KR816182
XX-000108-54E1-ITD01-01-01-DB01-04-25.p2058	26647760	k__Viruses	p__Cossaviricota	c__Papovaviricetes	o__Zurhausenvirales	f__Papillomaviridae	g__Betapapillomavirus	s__Betapapillomavirus 1	t__human papillomavirus 12	30	0.14672203713245932	0.9688935624366093	0.9745042492917847	set:X74466
XX-000108-54E1-ITD01-01-01-DB01-04-25.p2058	26647760	k__Viruses	p__Cossaviricota	c__Papovaviricetes	o__Zurhausenvirales	f__Papillomaviridae	g__Betapapillomavirus	s__Betapapillomavirus 1	t__human papillomavirus 24	140	0.70500870785664	0.9904919583727534	0.9928840519045625	set:U31782
XX-000108-54E1-ITD01-01-01-DB01-04-25.p2058	26647760	k__Viruses	p__Cossaviricota	c__Papovaviricetes	o__Zurhausenvirales	f__Papillomaviridae	g__Betapapillomavirus	s__Betapapillomavirus 1	t__unclassified_Betapapillomavirus 1	9	0.043416821863376795	0.8947755702722591	0.9124087591240876	set:U31779
XX-000108-54E1-ITD01-01-01-DB01-04-25.p2058	26647760	k__Viruses	p__Cossaviricota	c__Papovaviricetes	o__Zurhausenvirales	f__Papillomaviridae	g__Betapapillomavirus	s__Betapapillomavirus 2	t__Human papillomavirus 107	35	0.1736883394256705	0.9950804162724693	0.997610513739546	set:EF422221
XX-000108-54E1-ITD01-01-01-DB01-04-25.p2058	26647760	k__Viruses	p__Cossaviricota	c__Papovaviricetes	o__Zurhausenvirales	f__Papillomaviridae	g__Betapapillomavirus	s__Betapapillomavirus 2	t__Human papillomavirus 122	112	0.5682006100795113	0.9992313150425733	1.0	set:GQ845444
XX-000108-54E1-ITD01-01-01-DB01-04-25.p2058	26647760	k__Viruses	p__Cossaviricota	c__Papovaviricetes	o__Zurhausenvirales	f__Papillomaviridae	g__Betapapillomavirus	s__Betapapillomavirus 2	t__Human papillomavirus 151	28	0.14226170839284272	0.9933774834437087	0.9915254237288136	set:FN677756
XX-000108-54E1-ITD01-01-01-DB01-04-25.p2058	26647760	k__Viruses	p__Cossaviricota	c__Papovaviricetes	o__Zurhausenvirales	f__Papillomaviridae	g__Betapapillomavirus	s__Betapapillomavirus 2	t__Human papillomavirus 174	111	0.5660352366346287	0.9952270150945649	0.9970414201183432	set:HF930491
XX-000108-54E1-ITD01-01-01-DB01-04-25.p2058	26647760	k__Viruses	p__Cossaviricota	c__Papovaviricetes	o__Zurhausenvirales	f__Papillomaviridae	g__Betapapillomavirus	s__Betapapillomavirus 2	t__Human papillomavirus 37	32	0.16181800345575856	0.9859271523178812	0.9886649874055415	set:U31786
XX-000108-54E1-ITD01-01-01-DB01-04-25.p2058	26647760	k__Viruses	p__Cossaviricota	c__Papovaviricetes	o__Zurhausenvirales	f__Papillomaviridae	g__Betapapillomavirus	s__Betapapillomavirus 3	t__human papillomavirus 76	80	0.397685588702207	0.9950331125827814	0.9954983922829582	set:Y15174
XX-000108-54E1-ITD01-01-01-DB01-04-25.p2058	26647760	k__Viruses	p__Cossaviricota	c__Papovaviricetes	o__Zurhausenvirales	f__Papillomaviridae	g__Betapapillomavirus	s__Betapapillomavirus 5	t__Human papillomavirus type 96	4	0.020181019824636735	1.0	1.0	GCF_000864825.1
XX-000108-54E1-ITD01-01-01-DB01-04-25.p2058	26647760	k__Viruses	p__Cossaviricota	c__Papovaviricetes	o__Zurhausenvirales	f__Papillomaviridae	g__Gammapapillomavirus	s__Gammapapillomavirus 11	t__Human papillomavirus 136	70	0.3589100212424977	0.9860927152317884	0.9855072463768116	GCF_000899695.1
XX-000108-54E1-ITD01-01-01-DB01-04-25.p2058	26647760	k__Viruses	p__Cossaviricota	c__Papovaviricetes	o__Zurhausenvirales	f__Papillomaviridae	g__Gammapapillomavirus	s__Gammapapillomavirus 19	t__Gammapapillomavirus 19	2	0.010306675738509203	1.0	1.0	set:MF588733
XX-000108-54E1-ITD01-01-01-DB01-04-25.p2058	26647760	k__Viruses	p__Cossaviricota	c__Papovaviricetes	o__Zurhausenvirales	f__Papillomaviridae	g__Gammapapillomavirus	s__Gammapapillomavirus 8	t__Gammapapillomavirus 8	4	0.02077022629800028	0.9884105960264902	1.0	set:MF588704
XX-000108-54E1-ITD01-01-01-DB01-04-25.p2058	26647760	k__Viruses	p__Cossaviricota	c__Papovaviricetes	o__Zurhausenvirales	f__Papillomaviridae	g__unclassified_Papillomaviridae	s__Human papillomavirus	t__Human papillomavirus	106	0.5407974871466077	0.9985517863846736	0.9990286546867411	set:KX781287,set:MH777312
XX-000108-54E1-ITD01-01-01-DB01-04-25.p2058	26647760	k__Viruses	p__Cossaviricota	c__Quintoviricetes	o__Piccovirales	f__Parvoviridae	g__Erythroparvovirus	s__Erythroparvovirus primate1	t__Human parvovirus B19	10	0.06705969686188708	0.9933774834437086	0.9921259842519685	GCF_000839645.1
XX-000108-54E1-ITD01-01-01-DB01-04-25.p2058	26647760	k__Viruses	p__Pisuviricota	c__Pisoniviricetes	o__Picornavirales	f__Picornaviridae	g__Enterovirus	s__Rhinovirus A	t__rhinovirus A77	9	0.047408682941494674	0.9984978813021745	0.9976470588235294	acc:PP411922.1
XX-000096-54E1-OBD01-01-01-DB01-03-61.p2058	23579548	k__Viruses	p__Cossaviricota	c__Quintoviricetes	o__Piccovirales	f__Parvoviridae	g__Erythroparvovirus	s__Erythroparvovirus primate1	t__Human parvovirus B19	12	0.09094274619589758	0.9988425925925926	0.9981481481481481	GCF_000839645.1
XX-000088-54E1-FBD01-01-01-DB01-03-35.p2058	24196136	k__Viruses	p__Negarnaviricota	c__Monjiviricetes	o__Mononegavirales	f__Paramyxoviridae	g__Respirovirus	s__Respirovirus laryngotracheitidis	t__Human respirovirus 1	55	0.1467551304620703	0.9876864219668419	0.9885303265940902	set:KF530213
XX-000088-54E1-FBD01-01-01-DB01-03-35.p2058	24196136	k__Viruses	p__Cossaviricota	c__Quintoviricetes	o__Piccovirales	f__Parvoviridae	g__Erythroparvovirus	s__Erythroparvovirus primate1	t__Human parvovirus B19	273	1.9976616948669617	0.9655670868631112	0.9641657334826428	acc:ON023019.1
XX-000074-54E1-OBD01-01-01-DB01-02-77.p2058	18189388	k__Viruses	p__Peploviricota	c__Herviviricetes	o__Herpesvirales	f__Orthoherpesviridae	g__Roseolovirus	s__Roseolovirus humanbeta6b	t__Human betaherpesvirus 6B	14	0.004747767321856721	1.0	1.0	GCF_000846365.1
XX-000074-54E1-OBD01-01-01-DB01-02-77.p2058	18189388	k__Viruses	p__Cossaviricota	c__Quintoviricetes	o__Piccovirales	f__Parvoviridae	g__Dependoparvovirus	s__Dependoparvovirus primate1	t__adeno-associated virus 2	156	1.8329620195404228	0.9738854047628891	0.9801418439716312	GCF_000838645.1
XX-000074-54E1-OBD01-01-01-DB01-02-77.p2058	18189388	k__Viruses	p__Cossaviricota	c__Quintoviricetes	o__Piccovirales	f__Parvoviridae	g__Erythroparvovirus	s__Erythroparvovirus primate1	t__Human parvovirus B19	62	0.6035022789376744	0.98216193121128	0.9872340425531915	acc:ON023019.1
XX-000077-54E1-FBD01-01-01-DB01-03-02.p2058	21481964	k__Viruses	p__Preplasmiviricota	c__Tectiliviricetes	o__Rowavirales	f__Adenoviridae	g__Mastadenovirus	s__Human mastadenovirus D	t__Human mastadenovirus D	52	0.06879345447738522	0.9666327050433019	0.9662162162162162	acc:MW694832.1
XX-000077-54E1-FBD01-01-01-DB01-03-02.p2058	21481964	k__Viruses	p__unclassified_Viruses	c__unclassified_Viruses	o__unclassified_Viruses	f__Anelloviridae	g__Alphatorquevirus	s__Torque teno virus 12	t__Torque teno virus 12	26	0.32197862233250246	0.9523688232297505	0.9539641943734015	GCF_000889775.1
XX-000077-54E1-FBD01-01-01-DB01-03-02.p2058	21481964	k__Viruses	p__Peploviricota	c__Herviviricetes	o__Herpesvirales	f__Orthoherpesviridae	g__Roseolovirus	s__Roseolovirus humanbeta6b	t__Human betaherpesvirus 6B	10	0.0028714780039589345	0.9920529801324506	0.9933774834437086	GCF_000846365.1
XX-000077-54E1-FBD01-01-01-DB01-03-02.p2058	21481964	k__Viruses	p__Cossaviricota	c__Papovaviricetes	o__Zurhausenvirales	f__Papillomaviridae	g__Betapapillomavirus	s__Betapapillomavirus 2	t__Betapapillomavirus 2	3	0.0188286417069084	1.0	1.0	set:MF588680
XX-000077-54E1-FBD01-01-01-DB01-03-02.p2058	21481964	k__Viruses	p__Cossaviricota	c__Papovaviricetes	o__Zurhausenvirales	f__Papillomaviridae	g__Betapapillomavirus	s__Betapapillomavirus 2	t__Human papillomavirus 110	6	0.03762684508692971	0.9933774834437087	0.9941176470588236	set:EU410348
XX-000077-54E1-FBD01-01-01-DB01-03-02.p2058	21481964	k__Viruses	p__Cossaviricota	c__Papovaviricetes	o__Zurhausenvirales	f__Papillomaviridae	g__Gammapapillomavirus	s__Gammapapillomavirus sp.	t__Gammapapillomavirus sp.	10	0.06392567771680839	0.9913907284768213	0.9933774834437086	GCF_004131665.1
XX-000081-54E1-FBD01-01-01-DB01-03-38.p2058	22520420	k__Viruses	p__Cossaviricota	c__Papovaviricetes	o__Zurhausenvirales	f__Papillomaviridae	g__Betapapillomavirus	s__Betapapillomavirus 1	t__human papillomavirus 21	14	0.0799149033321376	0.9990539262062441	1.0	set:U31779
XX-000081-54E1-FBD01-01-01-DB01-03-38.p2058	22520420	k__Viruses	p__Cossaviricota	c__Quintoviricetes	o__Piccovirales	f__Parvoviridae	g__Erythroparvovirus	s__Erythroparvovirus primate1	t__Human parvovirus B19	129	1.02361235397312	0.9890761479395399	0.9900497512437811	GCF_000839645.1
XX-000092-54E1-OBD01-01-01-DB01-03-53.p2058	20940856	k__Viruses	p__Preplasmiviricota	c__Tectiliviricetes	o__Rowavirales	f__Adenoviridae	g__Mastadenovirus	s__Human mastadenovirus D	t__unclassified_Human mastadenovirus D	52	0.07078026589807776	0.9828069281711669	0.9833333333333333	GCF_000845985.1
XX-000092-54E1-OBD01-01-01-DB01-03-53.p2058	20940856	k__Viruses	p__unclassified_Viruses	c__unclassified_Viruses	o__unclassified_Viruses	f__Anelloviridae	g__unclassified_Anelloviridae	s__SEN virus	t__SEN virus	11	0.13679399415827764	0.9719800747198009	0.9726027397260274	set:KM593802
XX-000092-54E1-OBD01-01-01-DB01-03-53.p2058	20940856	k__Viruses	p__Peploviricota	c__Herviviricetes	o__Herpesvirales	f__Orthoherpesviridae	g__Lymphocryptovirus	s__Lymphocryptovirus humangamma4	t__Human gammaherpesvirus 4	70	0.019348636200378987	0.9929044465468306	0.9952380952380953	GCF_000872045.1
XX-000092-54E1-OBD01-01-01-DB01-03-53.p2058	20940856	k__Viruses	p__Cossaviricota	c__Papovaviricetes	o__Zurhausenvirales	f__Papillomaviridae	g__Betapapillomavirus	s__Betapapillomavirus 2	t__Human papillomavirus 159	8	0.05132719578545173	0.9966887417218544	0.9963369963369964	set:HE963025
XX-000092-54E1-OBD01-01-01-DB01-03-53.p2058	20940856	k__Viruses	p__Cossaviricota	c__Quintoviricetes	o__Piccovirales	f__Parvoviridae	g__Erythroparvovirus	s__Erythroparvovirus primate1	t__Human parvovirus B19	244	2.0821772169494412	0.9833080013027905	0.9861605377619612	GCF_000839645.1
XX-000073-54E1-OBD01-01-01-DB01-03-06.p2058	25751482	k__Viruses	p__unclassified_Viruses	c__unclassified_Viruses	o__unclassified_Viruses	f__Anelloviridae	g__Betatorquevirus	s__TTV-like mini virus	t__TTV-like mini virus	20	0.27619286274196425	0.9864238410596027	0.9867549668874173	acc:MN769971.1
XX-000073-54E1-OBD01-01-01-DB01-03-06.p2058	25751482	k__Viruses	p__unclassified_Viruses	c__unclassified_Viruses	o__unclassified_Viruses	f__Anelloviridae	g__unclassified_Anelloviridae	s__Torque teno midi virus	t__Torque teno midi virus	16	0.19446743787928727	0.9702628738822078	0.9787234042553191	acc:MN774944.1
XX-000073-54E1-OBD01-01-01-DB01-03-06.p2058	25751482	k__Viruses	p__unclassified_Viruses	c__unclassified_Viruses	o__unclassified_Viruses	f__Anelloviridae	g__unclassified_Anelloviridae	s__Torque teno virus	t__Torque teno virus	135	1.3941448102805822	0.9661408875672756	0.9656997279370094	acc:MN765200.1,set:AF122914,set:AF122920,acc:MT783405.1
XX-000073-54E1-OBD01-01-01-DB01-03-06.p2058	25751482	k__Viruses	p__unclassified_Viruses	c__unclassified_Viruses	o__unclassified_Viruses	f__Anelloviridae	g__unclassified_Anelloviridae	s__Torque teno virus	t__unclassified_Torque teno virus	103	1.0884354640844116	0.9410518453752769	0.9478964852032628	acc:MN768565.1,set:AM712003
XX-000073-54E1-OBD01-01-01-DB01-03-06.p2058	25751482	k__Viruses	p__unclassified_Viruses	c__unclassified_Viruses	o__unclassified_Viruses	f__Anelloviridae	g__unclassified_Anelloviridae	s__unclassified_Anelloviridae	t__unclassified_Anelloviridae	4	0.05121360567295771	0.8807947019867549	0.881578947368421	set:KP343843
XX-000073-54E1-OBD01-01-01-DB01-03-06.p2058	25751482	k__Viruses	p__Peploviricota	c__Herviviricetes	o__Herpesvirales	f__Orthoherpesviridae	g__Roseolovirus	s__Roseolovirus humanbeta6b	t__Human betaherpesvirus 6B	22	0.005269870356868895	0.9909849042299373	0.9940273037542662	GCF_000846365.1
XX-000074-54E1-FBD01-01-01-DB01-02-78.p2058	23905936	k__Viruses	p__Peploviricota	c__Herviviricetes	o__Herpesvirales	f__Orthoherpesviridae	g__Cytomegalovirus	s__Cytomegalovirus humanbeta5	t__Human betaherpesvirus 5	16	0.002840234235391408	1.0	1.0	GCF_000845245.1
XX-000074-54E1-FBD01-01-01-DB01-02-78.p2058	23905936	k__Viruses	p__Peploviricota	c__Herviviricetes	o__Herpesvirales	f__Orthoherpesviridae	g__Lymphocryptovirus	s__Lymphocryptovirus humangamma4	t__unclassified_Lymphocryptovirus humangamma4	58	0.014113221361395534	0.9968029230417904	0.9963942307692307	set:LN827563
XX-000074-54E1-FBD01-01-01-DB01-02-78.p2058	23905936	k__Viruses	p__Cossaviricota	c__Quintoviricetes	o__Piccovirales	f__Parvoviridae	g__Dependoparvovirus	s__Dependoparvovirus primate1	t__adeno-associated virus 2	1838	16.431859368074566	0.9776065528422246	0.9737952476127026	GCF_000838645.1
XX-000074-54E1-FBD01-01-01-DB01-02-78.p2058	23905936	k__Viruses	p__Cossaviricota	c__Quintoviricetes	o__Piccovirales	f__Parvoviridae	g__Erythroparvovirus	s__Erythroparvovirus primate1	t__Human parvovirus B19	1808	13.390536745668191	0.9766640692278603	0.9720988093122446	acc:ON023019.1
XX-000072-54E1-OBD01-01-01-DB01-02-74.p2058	21604200	k__Viruses	p__unclassified_Viruses	c__unclassified_Viruses	o__unclassified_Viruses	f__Anelloviridae	g__unclassified_Anelloviridae	s__Torque teno virus	t__Torque teno virus	5	0.07600541213258281	0.9536423841059601	0.9536423841059603	set:KP343846
XX-000072-54E1-OBD01-01-01-DB01-02-74.p2058	21604200	k__Viruses	p__Peploviricota	c__Herviviricetes	o__Herpesvirales	f__Orthoherpesviridae	g__Roseolovirus	s__Roseolovirus humanbeta6b	t__Human betaherpesvirus 6B	36	0.010278832522760191	0.9924576894775571	0.9933774834437086	GCF_000846365.1
XX-000072-54E1-OBD01-01-01-DB01-02-74.p2058	21604200	k__Viruses	p__Cossaviricota	c__Quintoviricetes	o__Piccovirales	f__Parvoviridae	g__Dependoparvovirus	s__Dependoparvovirus primate1	t__adeno-associated virus 2	4	0.03957024662427265	0.9784768211920529	0.9811320754716981	GCF_000838645.1
XX-000072-54E1-OBD01-01-01-DB01-02-74.p2058	21604200	k__Viruses	p__Cossaviricota	c__Quintoviricetes	o__Piccovirales	f__Parvoviridae	g__Erythroparvovirus	s__Erythroparvovirus primate1	t__Human parvovirus B19	253	2.1058597168048845	0.9886219993491286	0.9921104536489151	acc:ON023025.1
XX-000072-54E1-OBD01-01-01-DB01-02-74.p2058	21604200	k__Viruses	p__Cossaviricota	c__Papovaviricetes	o__Sepolyvirales	f__Polyomaviridae	g__Alphapolyomavirus	s__Alphapolyomavirus quintihominis	t__Merkel cell polyomavirus	20	0.171848138068472	0.9983443708609272	1.0	GCF_000874865.1
XX-000098-54E1-OBD01-01-01-DB01-04-12.p2058	21584996	k__Viruses	p__unclassified_Viruses	c__unclassified_Viruses	o__unclassified_Viruses	f__Anelloviridae	g__unclassified_Anelloviridae	s__Torque teno virus	t__TT virus sle1957	24	0.2946947941441678	0.98233995584989	0.9762675296655879	set:AM711976
XX-000098-54E1-OBD01-01-01-DB01-04-12.p2058	21584996	k__Viruses	p__unclassified_Viruses	c__unclassified_Viruses	o__unclassified_Viruses	f__Anelloviridae	g__unclassified_Anelloviridae	s__Torque teno virus	t__Torque teno virus	8	0.10063204437559466	0.9933774834437087	0.9943820224719101	set:KP343845
XX-000088-54E1-ITD01-01-01-DB01-03-36.p2058	28740708	k__Viruses	p__unclassified_Viruses	c__unclassified_Viruses	o__unclassified_Viruses	f__Anelloviridae	g__unclassified_Anelloviridae	s__Torque teno virus	t__TT virus cyb/2019	562	5.201954239675312	0.9554761594182891	0.9528138528138528	acc:MT501648.1
XX-000088-54E1-ITD01-01-01-DB01-03-36.p2058	28740708	k__Viruses	p__unclassified_Viruses	c__unclassified_Viruses	o__unclassified_Viruses	f__Anelloviridae	g__unclassified_Anelloviridae	s__Torque teno virus	t__Torque teno virus	115	1.0917354073178716	0.9611801976853932	0.9837736125705627	set:AB064606,set:KP343842
XX-000088-54E1-ITD01-01-01-DB01-03-36.p2058	28740708	k__Viruses	p__unclassified_Viruses	c__unclassified_Viruses	o__unclassified_Viruses	f__Anelloviridae	g__unclassified_Anelloviridae	s__Torque teno virus	t__unclassified_Torque teno virus	275	2.547473341068697	0.9409443729682001	0.9436997319034852	set:AF298585
XX-000088-54E1-ITD01-01-01-DB01-03-36.p2058	28740708	k__Viruses	p__Cossaviricota	c__Quintoviricetes	o__Piccovirales	f__Parvoviridae	g__Erythroparvovirus	s__Erythroparvovirus primate1	t__Human parvovirus B19	217	1.357717376916986	0.9859309671315656	0.9727420667209113	acc:ON023025.1
XX-000088-54E1-ITD01-01-01-DB01-03-36.p2058	28740708	k__Viruses	p__Cossaviricota	c__Papovaviricetes	o__Sepolyvirales	f__Polyomaviridae	g__Alphapolyomavirus	s__Alphapolyomavirus quintihominis	t__Merkel cell polyomavirus	46	0.29710734865179483	0.9994241289951051	1.0	GCF_000874865.1
XX-000082-54E1-ITD01-01-01-DB01-03-17.p2058	19380032	k__Viruses	p__unclassified_Viruses	c__unclassified_Viruses	o__unclassified_Viruses	f__Anelloviridae	g__unclassified_Anelloviridae	s__Torque teno virus	t__unclassified_Torque teno virus	11	0.15099614845218118	0.9397953040337147	0.9403973509933775	acc:MT501648.1
XX-000105-54E1-ITD01-01-01-DB01-04-15.p2058	20009002	k__Viruses	p__Peploviricota	c__Herviviricetes	o__Herpesvirales	f__Orthoherpesviridae	g__Roseolovirus	s__Roseolovirus humanbeta6a	t__Human betaherpesvirus 6A	246	0.07714029703432118	0.9744932912245247	0.9839008142116951	GCF_000845685.2
XX-000076-54E1-FBD01-01-01-DB01-02-81.p2058	22093290	k__Viruses	p__Peploviricota	c__Herviviricetes	o__Herpesvirales	f__Orthoherpesviridae	g__Lymphocryptovirus	s__Lymphocryptovirus humangamma4	t__Human gammaherpesvirus 4	230	0.06055797649847497	0.9938557324803063	0.9951100244498777	set:LN827563
XX-000076-54E1-FBD01-01-01-DB01-02-81.p2058	22093290	k__Viruses	p__Peploviricota	c__Herviviricetes	o__Herpesvirales	f__Orthoherpesviridae	g__Roseolovirus	s__Roseolovirus humanbeta6b	t__Human betaherpesvirus 6B	424	0.11838180069026924	0.9909561496004129	0.9909930452627979	GCF_000846365.1
XX-000076-54E1-FBD01-01-01-DB01-02-81.p2058	22093290	k__Viruses	p__Peploviricota	c__Herviviricetes	o__Herpesvirales	f__Orthoherpesviridae	g__Simplexvirus	s__Simplexvirus humanalpha1	t__Human alphaherpesvirus 1	39	0.011596496202402714	0.9939490910482425	0.9939849624060151	GCF_000859985.2
XX-000076-54E1-FBD01-01-01-DB01-02-81.p2058	22093290	k__Viruses	p__Cossaviricota	c__Papovaviricetes	o__Zurhausenvirales	f__Papillomaviridae	g__Betapapillomavirus	s__Betapapillomavirus 1	t__human papillomavirus 20	10	0.05835066573193265	0.990066225165563	0.9965635738831615	set:U31778
XX-000083-54E1-FBD01-01-01-DB01-03-19.p2058	33806556	k__Viruses	p__unclassified_Viruses	c__unclassified_Viruses	o__unclassified_Viruses	f__Anelloviridae	g__Alphatorquevirus	s__Alphatorquevirus homin13	t__Torque teno virus 13	57	0.5090771425381583	0.9739587560937185	0.9711011459890384	GCF_002818305.1
XX-000083-54E1-FBD01-01-01-DB01-03-19.p2058	33806556	k__Viruses	p__unclassified_Viruses	c__unclassified_Viruses	o__unclassified_Viruses	f__Anelloviridae	g__unclassified_Anelloviridae	s__Anellovirus D_HF7_66	t__Anellovirus D_HF7_66	52	0.40595491934867683	0.9945236882322976	0.992831541218638	acc:OR148955.1
XX-000083-54E1-FBD01-01-01-DB01-03-19.p2058	33806556	k__Viruses	p__unclassified_Viruses	c__unclassified_Viruses	o__unclassified_Viruses	f__Anelloviridae	g__unclassified_Anelloviridae	s__Torque teno virus	t__Torque teno virus	17	0.12956996719722474	0.9492617844949766	0.9501278772378516	set:FR751497
XX-000083-54E1-FBD01-01-01-DB01-03-19.p2058	33806556	k__Viruses	p__Peploviricota	c__Herviviricetes	o__Herpesvirales	f__Orthoherpesviridae	g__Roseolovirus	s__Roseolovirus humanbeta6b	t__Human betaherpesvirus 6B	30	0.005473937106267585	0.9951434878587198	0.9966887417218543	GCF_000846365.1
XX-000083-54E1-FBD01-01-01-DB01-03-19.p2058	33806556	k__Viruses	p__Cossaviricota	c__Quintoviricetes	o__Piccovirales	f__Parvoviridae	g__Erythroparvovirus	s__Erythroparvovirus primate1	t__Human parvovirus B19	725	3.8564187138581847	0.9850603310797311	0.9878534031413613	acc:ON023025.1
XX-000082-54E1-FBD01-01-01-DB01-03-16.p2058	24933180	k__Viruses	p__unclassified_Viruses	c__unclassified_Viruses	o__unclassified_Viruses	f__Anelloviridae	g__unclassified_Anelloviridae	s__Torque teno virus	t__unclassified_Torque teno virus	104	1.1115587383058463	0.9467925475126056	0.9444287935226051	set:AJ620216,acc:MT501648.1
XX-000082-54E1-FBD01-01-01-DB01-03-16.p2058	24933180	k__Viruses	p__Cossaviricota	c__Papovaviricetes	o__Zurhausenvirales	f__Papillomaviridae	g__Alphapapillomavirus	s__Alphapapillomavirus 2	t__Human papillomavirus 3	16	0.08206076423571317	0.9965517241379311	1.0	set:X74462
XX-000082-54E1-FBD01-01-01-DB01-03-16.p2058	24933180	k__Viruses	p__Cossaviricota	c__Papovaviricetes	o__Zurhausenvirales	f__Papillomaviridae	g__Gammapapillomavirus	s__Gammapapillomavirus 11	t__Human papillomavirus 136	16	0.0876779855613167	0.9900662251655631	0.9900662251655629	GCF_000899695.1
XX-000079-54E1-OBD01-01-01-DB01-03-10.p2058	26749024	k__Viruses	p__Cossaviricota	c__Quintoviricetes	o__Piccovirales	f__Parvoviridae	g__Erythroparvovirus	s__Erythroparvovirus primate1	t__Human parvovirus B19	1130	7.596571118038138	0.9834109572645345	0.9817666126418152	acc:ON023025.1
XX-000103-54E1-OBD01-01-01-DB01-04-06.p2058	23241852	k__Viruses	p__Cossaviricota	c__Quintoviricetes	o__Piccovirales	f__Parvoviridae	g__Erythroparvovirus	s__Erythroparvovirus primate1	t__Human parvovirus B19	58	0.44183750128996446	0.9913086456817904	0.989501312335958	acc:ON023019.1
XX-000086-54E1-ITD01-01-01-DB01-03-29.p2058	23541494	k__Viruses	p__unclassified_Viruses	c__unclassified_Viruses	o__unclassified_Viruses	f__Anelloviridae	g__unclassified_Anelloviridae	s__Torque teno virus	t__unclassified_Torque teno virus	118	1.3430938221428361	0.9500524196658129	0.9465346534653465	acc:MT783405.1
XX-000086-54E1-ITD01-01-01-DB01-03-29.p2058	23541494	k__Viruses	p__Negarnaviricota	c__Monjiviricetes	o__Mononegavirales	f__Paramyxoviridae	g__Respirovirus	s__Respirovirus laryngotracheitidis	t__Human respirovirus 1	25	0.06831047803780067	0.9799931881172093	0.9812940815700705	set:KF530218
XX-000086-54E1-ITD01-01-01-DB01-03-29.p2058	23541494	k__Viruses	p__Cossaviricota	c__Quintoviricetes	o__Piccovirales	f__Parvoviridae	g__Erythroparvovirus	s__Erythroparvovirus primate1	t__Human parvovirus B19	615	4.668349787841489	0.9893204600315727	0.9915509957754979	GCF_000839645.1
XX-000108-54E1-OBD01-01-01-DB01-04-23.p2058	26246798	k__Viruses	p__unclassified_Viruses	c__unclassified_Viruses	o__unclassified_Viruses	f__Anelloviridae	g__Alphatorquevirus	s__Alphatorquevirus homin13	t__Torque teno virus 13	198	2.277710549517399	0.9616746517993118	0.9630484988452656	GCF_002818305.1
XX-000108-54E1-OBD01-01-01-DB01-04-23.p2058	26246798	k__Viruses	p__unclassified_Viruses	c__unclassified_Viruses	o__unclassified_Viruses	f__Anelloviridae	g__unclassified_Anelloviridae	s__Torque teno virus	t__unclassified_Torque teno virus	261	2.6604850275205103	0.9338483427401338	0.9410147781855278	acc:PP374835.1,acc:MT783404.1
XX-000108-54E1-OBD01-01-01-DB01-04-23.p2058	26246798	k__Viruses	p__Peploviricota	c__Herviviricetes	o__Herpesvirales	f__Orthoherpesviridae	g__Roseolovirus	s__Roseolovirus humanbeta6b	t__Human betaherpesvirus 6B	6	0.0014101145695830256	0.9988962472406181	1.0	GCF_000846365.1
XX-000108-54E1-OBD01-01-01-DB01-04-23.p2058	26246798	k__Viruses	p__Peploviricota	c__Herviviricetes	o__Herpesvirales	f__Orthoherpesviridae	g__Roseolovirus	s__Roseolovirus humanbeta7	t__Human betaherpesvirus 7	72	0.017919987980144964	0.9927336276674027	0.9918604651162791	GCF_000848125.1
XX-000108-54E1-OBD01-01-01-DB01-04-23.p2058	26246798	k__Viruses	p__Cossaviricota	c__Papovaviricetes	o__Zurhausenvirales	f__Papillomaviridae	g__Betapapillomavirus	s__Betapapillomavirus 1	t__human papillomavirus 21	21	0.10285352830271746	0.9788256433642111	0.9814814814814815	set:U31779
XX-000108-54E1-OBD01-01-01-DB01-04-23.p2058	26246798	k__Viruses	p__Cossaviricota	c__Papovaviricetes	o__Zurhausenvirales	f__Papillomaviridae	g__Betapapillomavirus	s__Betapapillomavirus 1	t__human papillomavirus 24	10	0.05112706059522781	0.9920529801324504	0.9910313901345291	set:U31782
XX-000108-54E1-OBD01-01-01-DB01-04-23.p2058	26246798	k__Viruses	p__Cossaviricota	c__Papovaviricetes	o__Zurhausenvirales	f__Papillomaviridae	g__Betapapillomavirus	s__Betapapillomavirus 2	t__Human papillomavirus 120	8	0.04171330018400303	1.0	1.0	set:JQ963484
XX-000108-54E1-OBD01-01-01-DB01-04-23.p2058	26246798	k__Viruses	p__Cossaviricota	c__Papovaviricetes	o__Zurhausenvirales	f__Papillomaviridae	g__Betapapillomavirus	s__Betapapillomavirus 2	t__Human papillomavirus 151	38	0.19601890754284093	0.9923318229348207	0.9927710843373494	set:FN677756
XX-000108-54E1-OBD01-01-01-DB01-04-23.p2058	26246798	k__Viruses	p__Cossaviricota	c__Papovaviricetes	o__Zurhausenvirales	f__Papillomaviridae	g__Betapapillomavirus	s__Betapapillomavirus 2	t__Human papillomavirus 174	54	0.2795751895638597	0.9979684550660652	0.9988465974625144	set:HF930491
XX-000108-54E1-OBD01-01-01-DB01-04-23.p2058	26246798	k__Viruses	p__Cossaviricota	c__Papovaviricetes	o__Zurhausenvirales	f__Papillomaviridae	g__Betapapillomavirus	s__Betapapillomavirus 3	t__Human papillomavirus type 49	4	0.020158669606118396	0.9933774834437086	0.9933774834437086	GCF_000862825.1
XX-000108-54E1-OBD01-01-01-DB01-04-23.p2058	26246798	k__Viruses	p__Cossaviricota	c__Papovaviricetes	o__Zurhausenvirales	f__Papillomaviridae	g__Gammapapillomavirus	s__Gammapapillomavirus sp.	t__Gammapapillomavirus sp.	2	0.01046412676615319	0.9897278484072123	0.9895833333333334	GCF_004131665.1
XX-000080-54E1-OBD01-01-01-DB01-03-12.p2058	16173712	k__Viruses	p__Preplasmiviricota	c__Tectiliviricetes	o__Rowavirales	f__Adenoviridae	g__Mastadenovirus	s__Human mastadenovirus D	t__Human mastadenovirus D	4	0.007049422857447068	0.9884105960264901	0.9893048128342246	GCF_000845985.1
XX-000074-54E1-ITD01-01-01-DB01-02-79.p2058	22083784	k__Viruses	p__Peploviricota	c__Herviviricetes	o__Herpesvirales	f__Orthoherpesviridae	g__Cytomegalovirus	s__Cytomegalovirus humanbeta5	t__Human betaherpesvirus 5	980	0.1883182947133019	0.9886868174197756	0.9941440562170604	GCF_000845245.1
XX-000074-54E1-ITD01-01-01-DB01-02-79.p2058	22083784	k__Viruses	p__Peploviricota	c__Herviviricetes	o__Herpesvirales	f__Orthoherpesviridae	g__Roseolovirus	s__Roseolovirus humanbeta6b	t__Human betaherpesvirus 6B	56	0.01564206242027594	0.9955061494796595	0.9959514170040485	GCF_000846365.1
XX-000074-54E1-ITD01-01-01-DB01-02-79.p2058	22083784	k__Viruses	p__Cossaviricota	c__Quintoviricetes	o__Piccovirales	f__Parvoviridae	g__Dependoparvovirus	s__Dependoparvovirus primate1	t__adeno-associated virus 2	468	4.529177250060632	0.9800843468629816	0.9752911104799773	GCF_000838645.1
XX-000074-54E1-ITD01-01-01-DB01-02-79.p2058	22083784	k__Viruses	p__Cossaviricota	c__Quintoviricetes	o__Piccovirales	f__Parvoviridae	g__Erythroparvovirus	s__Erythroparvovirus primate1	t__Human parvovirus B19	333	2.7115514401887006	0.9820018694190834	0.981418918918919	acc:ON023025.1
XX-000102-54E1-FBD01-01-01-DB01-04-03.p2058	20044524	k__Viruses	p__Peploviricota	c__Herviviricetes	o__Herpesvirales	f__Orthoherpesviridae	g__Lymphocryptovirus	s__Lymphocryptovirus humangamma4	t__unclassified_Lymphocryptovirus humangamma4	8	0.002310154302882486	1.0	1.0	GCF_000872045.1
XX-000102-54E1-FBD01-01-01-DB01-04-03.p2058	20044524	k__Viruses	p__Cossaviricota	c__Papovaviricetes	o__Zurhausenvirales	f__Papillomaviridae	g__Betapapillomavirus	s__Betapapillomavirus 1	t__human papillomavirus 47	4	0.025829115841521477	0.9652317880794702	0.9668874172185431	set:M32305
XX-000102-54E1-FBD01-01-01-DB01-04-03.p2058	20044524	k__Viruses	p__Cossaviricota	c__Papovaviricetes	o__Zurhausenvirales	f__Papillomaviridae	g__Betapapillomavirus	s__Betapapillomavirus 3	t__human papillomavirus 115	24	0.1601571019194181	0.9933774834437087	0.9952542372881356	acc:OL700030.1
XX-000102-54E1-FBD01-01-01-DB01-04-03.p2058	20044524	k__Viruses	p__Cossaviricota	c__Papovaviricetes	o__Zurhausenvirales	f__Papillomaviridae	g__unclassified_Papillomaviridae	s__Human papillomavirus	t__Human papillomavirus	25	0.17499977987897689	0.9923178807947021	0.9969834087481146	set:MH777375
XX-000102-54E1-FBD01-01-01-DB01-04-03.p2058	20044524	k__Viruses	p__Cossaviricota	c__Quintoviricetes	o__Piccovirales	f__Parvoviridae	g__Erythroparvovirus	s__Erythroparvovirus primate1	t__Human parvovirus B19	26	0.22965870546129022	0.9824152117198476	0.9853107344632769	acc:ON023019.1
XX-000085-54E1-FBD01-01-01-DB01-03-54.p2058	21456928	k__Viruses	p__unclassified_Viruses	c__unclassified_Viruses	o__unclassified_Viruses	f__Anelloviridae	g__unclassified_Anelloviridae	s__Torque teno virus	t__unclassified_Torque teno virus	86	1.1068846951672642	0.9013800965793236	0.9128329297820823	acc:MN768564.1
XX-000081-54E1-OBD01-01-01-DB01-03-13.p2058	27921784	k__Viruses	p__Cossaviricota	c__Papovaviricetes	o__Zurhausenvirales	f__Papillomaviridae	g__Betapapillomavirus	s__Betapapillomavirus 1	t__human papillomavirus 21	20	0.09207952304496317	0.9960264900662252	0.9966887417218543	set:U31779
XX-000081-54E1-OBD01-01-01-DB01-03-13.p2058	27921784	k__Viruses	p__Cossaviricota	c__Papovaviricetes	o__Zurhausenvirales	f__Papillomaviridae	g__Betapapillomavirus	s__Betapapillomavirus 3	t__human papillomavirus 75	20	0.09503603685375726	0.9834437086092717	0.9834437086092715	set:Y15173
XX-000081-54E1-OBD01-01-01-DB01-03-13.p2058	27921784	k__Viruses	p__Cossaviricota	c__Quintoviricetes	o__Piccovirales	f__Parvoviridae	g__Erythroparvovirus	s__Erythroparvovirus primate1	t__Human parvovirus B19	1812	11.596777491935171	0.990587844555594	0.9921372408863474	GCF_000839645.1
XX-000092-54E1-ITD01-01-01-DB01-03-73.p2058	21579404	k__Viruses	p__unclassified_Viruses	c__unclassified_Viruses	o__unclassified_Viruses	f__Anelloviridae	g__unclassified_Anelloviridae	s__Torque teno virus	t__Torque teno virus	85	1.0327585313079866	0.958706661472537	0.955955955955956	set:FR848323
XX-000072-54E1-FBD01-01-01-DB01-02-72.p2058	22374262	k__Viruses	p__Peploviricota	c__Herviviricetes	o__Herpesvirales	f__Orthoherpesviridae	g__Roseolovirus	s__Roseolovirus humanbeta6b	t__Human betaherpesvirus 6B	154	0.04245721273223226	0.9923423530581486	0.9889014296463506	GCF_000846365.1
XX-000072-54E1-FBD01-01-01-DB01-02-72.p2058	22374262	k__Viruses	p__Cossaviricota	c__Quintoviricetes	o__Piccovirales	f__Parvoviridae	g__Dependoparvovirus	s__Adeno-associated virus	t__Adeno-associated virus	38	0.36243705514793695	0.9768211920529806	0.9768211920529801	set:MK139297
XX-000070-54E1-OBD01-01-01-DB01-02-70.p2058	27244936	k__Viruses	p__unclassified_Viruses	c__unclassified_Viruses	o__unclassified_Viruses	f__Anelloviridae	g__Betatorquevirus	s__TTV-like mini virus	t__unclassified_TTV-like mini virus	11	0.13836352111773684	0.9072847682119203	0.9006622516556292	acc:MN769340.1
XX-000070-54E1-OBD01-01-01-DB01-02-70.p2058	27244936	k__Viruses	p__Cossaviricota	c__Papovaviricetes	o__Zurhausenvirales	f__Papillomaviridae	g__Betapapillomavirus	s__Betapapillomavirus 1	t__Human papillomavirus 5	6	0.02843072703482544	0.9635761589403974	0.9618055555555556	GCF_000866505.1
XX-000070-54E1-FBD01-01-01-DB01-03-34.p2058	31878664	k__Viruses	p__unclassified_Viruses	c__unclassified_Viruses	o__unclassified_Viruses	f__Anelloviridae	g__Betatorquevirus	s__TTV-like mini virus	t__unclassified_TTV-like mini virus	33	0.36006091314131666	0.9079795286222819	0.9029850746268657	acc:MN769671.1
XX-000070-54E1-FBD01-01-01-DB01-03-34.p2058	31878664	k__Viruses	p__unclassified_Viruses	c__unclassified_Viruses	o__unclassified_Viruses	f__Anelloviridae	g__Betatorquevirus	s__unclassified_Betatorquevirus	t__unclassified_Betatorquevirus	26	0.2811418555494283	0.886359051855296	0.8877887788778878	acc:MN770737.1
XX-000070-54E1-FBD01-01-01-DB01-03-34.p2058	31878664	k__Viruses	p__Cossaviricota	c__Papovaviricetes	o__Zurhausenvirales	f__Papillomaviridae	g__Betapapillomavirus	s__Betapapillomavirus 1	t__Human papillomavirus 5	69	0.27942900595579606	0.9711111286414316	0.9775401069518717	GCF_000866505.1
XX-000070-54E1-FBD01-01-01-DB01-03-34.p2058	31878664	k__Viruses	p__Cossaviricota	c__Papovaviricetes	o__Zurhausenvirales	f__Papillomaviridae	g__unclassified_Papillomaviridae	s__Human papillomavirus	t__Human papillomavirus	46	0.19462791836467913	0.9981284192340916	0.9979123173277662	set:MH777175
XX-000070-54E1-FBD01-01-01-DB01-03-34.p2058	31878664	k__Viruses	p__Cossaviricota	c__Quintoviricetes	o__Piccovirales	f__Parvoviridae	g__Erythroparvovirus	s__Erythroparvovirus primate1	t__Human parvovirus B19	212	1.195866922559342	0.9835999000374863	0.9809098294069862	acc:ON023025.1
XX-000071-54E1-ITD01-01-01-DB01-02-76.p2058	21280852	k__Viruses	p__Peploviricota	c__Herviviricetes	o__Herpesvirales	f__Orthoherpesviridae	g__Simplexvirus	s__Simplexvirus humanalpha1	t__Human alphaherpesvirus 1	32	0.009878330293902561	0.9995860927152318	1.0	GCF_000859985.2
XX-000071-54E1-ITD01-01-01-DB01-02-76.p2058	21280852	k__Viruses	p__Cossaviricota	c__Papovaviricetes	o__Zurhausenvirales	f__Papillomaviridae	g__Gammapapillomavirus	s__Gammapapillomavirus 22	t__Human papillomavirus 172	7	0.04566627775748408	1.0	1.0	GCF_002827005.1
XX-000071-54E1-ITD01-01-01-DB01-02-76.p2058	21280852	k__Viruses	p__Cossaviricota	c__Quintoviricetes	o__Piccovirales	f__Parvoviridae	g__Erythroparvovirus	s__Erythroparvovirus primate1	t__Human parvovirus B19	1027	8.678177667215843	0.9844256494817393	0.9739632853068091	acc:ON023025.1
XX-000071-54E1-ITD01-01-01-DB01-02-76.p2058	21280852	k__Viruses	p__Artverviricota	c__Revtraviricetes	o__Ortervirales	f__Retroviridae	g__Gammaretrovirus	s__Gammaretrovirus porConc	t__unclassified_Gammaretrovirus porConc	16	0.09314291340426387	0.9495033112582779	0.9388888888888889	set:AF356697
XX-000084-54E1-OBD01-01-01-DB01-03-23.p2058	26991950	k__Viruses	p__Peploviricota	c__Herviviricetes	o__Herpesvirales	f__Orthoherpesviridae	g__Lymphocryptovirus	s__Lymphocryptovirus humangamma4	t__Human gammaherpesvirus 4	185	0.03986955422697903	0.9918739931984966	0.9946294307196563	set:LN827563
XX-000084-54E1-OBD01-01-01-DB01-03-23.p2058	26991950	k__Viruses	p__Cossaviricota	c__Quintoviricetes	o__Piccovirales	f__Parvoviridae	g__Dependoparvovirus	s__Dependoparvovirus primate1	t__adeno-associated virus 2	688	5.447548836029228	0.9753523149953345	0.9750617283950618	GCF_000838645.1
XX-000087-54E1-FBD01-01-01-DB01-03-51.p2058	24496502	k__Viruses	p__Peploviricota	c__Herviviricetes	o__Herpesvirales	f__Orthoherpesviridae	g__Roseolovirus	s__Roseolovirus humanbeta6b	t__Human betaherpesvirus 6B	29	0.007302530892481274	0.9937838346117165	0.9950041631973355	GCF_000846365.1
XX-000087-54E1-FBD01-01-01-DB01-03-51.p2058	24496502	k__Viruses	p__Cossaviricota	c__Papovaviricetes	o__Zurhausenvirales	f__Papillomaviridae	g__Betapapillomavirus	s__Betapapillomavirus 1	t__Human papillomavirus type 8	16	0.08533505081705915	0.997930463576159	1.0	set:M12737
XX-000087-54E1-FBD01-01-01-DB01-03-51.p2058	24496502	k__Viruses	p__Cossaviricota	c__Quintoviricetes	o__Piccovirales	f__Parvoviridae	g__Erythroparvovirus	s__Erythroparvovirus primate1	t__Human parvovirus B19	66	0.4814621561265733	0.9788911019198315	0.9806070826306914	GCF_000839645.1
XX-000073-54E1-ITD01-01-01-DB01-02-73.p2058	22601408	k__Viruses	p__unclassified_Viruses	c__unclassified_Viruses	o__unclassified_Viruses	f__Anelloviridae	g__Alphatorquevirus	s__Alphatorquevirus homin10	t__unclassified_Alphatorquevirus homin10	44	0.5167988767361756	0.9340724629152661	0.9305993690851735	set:GU797360
XX-000073-54E1-ITD01-01-01-DB01-02-73.p2058	22601408	k__Viruses	p__unclassified_Viruses	c__unclassified_Viruses	o__unclassified_Viruses	f__Anelloviridae	g__Alphatorquevirus	s__Torque teno virus 16	t__Torque teno virus 16	8	0.0927082893787882	0.9950331125827816	1.0	GCF_000889855.1
XX-000073-54E1-ITD01-01-01-DB01-02-73.p2058	22601408	k__Viruses	p__unclassified_Viruses	c__unclassified_Viruses	o__unclassified_Viruses	f__Anelloviridae	g__Betatorquevirus	s__unclassified_Betatorquevirus	t__unclassified_Betatorquevirus	12	0.18232842488747256	0.9272644013400559	0.9297658862876255	GCF_002818485.1
XX-000073-54E1-ITD01-01-01-DB01-02-73.p2058	22601408	k__Viruses	p__unclassified_Viruses	c__unclassified_Viruses	o__unclassified_Viruses	f__Anelloviridae	g__unclassified_Anelloviridae	s__Torque teno virus	t__TT virus sle1931	361	4.250254451643328	0.9677918872372506	0.960042621204049	set:AJ620222
XX-000073-54E1-ITD01-01-01-DB01-02-73.p2058	22601408	k__Viruses	p__unclassified_Viruses	c__unclassified_Viruses	o__unclassified_Viruses	f__Anelloviridae	g__unclassified_Anelloviridae	s__Torque teno virus	t__Torque teno virus	284	3.3335656329566143	0.9719612997547087	0.9757537054622016	GCF_000893775.1,set:AF122920,set:AF122914,acc:MN765200.1,set:MK820645
XX-000073-54E1-ITD01-01-01-DB01-02-73.p2058	22601408	k__Viruses	p__unclassified_Viruses	c__unclassified_Viruses	o__unclassified_Viruses	f__Anelloviridae	g__unclassified_Anelloviridae	s__Torque teno virus	t__unclassified_Torque teno virus	72	0.8384910925908557	0.9286027429405499	0.9319529517501441	set:FR751487,set:AJ620226
XX-000097-54E1-FBD01-01-01-DB01-03-68.p2058	26010422	k__Viruses	p__Negarnaviricota	c__Monjiviricetes	o__Mononegavirales	f__Paramyxoviridae	g__Orthorubulavirus	s__Orthorubulavirus laryngotracheitidis	t__Human orthorubulavirus 2	2	0.00491449923037302	0.9668874172185431	0.956140350877193	GCF_000863525.1
XX-000078-54E1-FBD01-01-01-DB01-03-07.p2058	26920214	k__Viruses	p__Peploviricota	c__Herviviricetes	o__Herpesvirales	f__Orthoherpesviridae	g__Roseolovirus	s__Roseolovirus humanbeta6b	t__Human betaherpesvirus 6B	5	0.0011457001624845494	0.9919455879720781	0.9917355371900827	GCF_000846365.1
XX-000075-54E1-ITD01-01-01-DB01-03-21.p2058	27439248	k__Viruses	p__Cossaviricota	c__Papovaviricetes	o__Zurhausenvirales	f__Papillomaviridae	g__Betapapillomavirus	s__Betapapillomavirus 1	t__Human papillomavirus 99	30	0.14202707501535008	0.9947019867549669	0.9975728155339806	set:FM955838
XX-000086-54E1-OBD01-01-01-DB01-03-52.p2058	21073352	k__Viruses	p__Cossaviricota	c__Quintoviricetes	o__Piccovirales	f__Parvoviridae	g__Erythroparvovirus	s__Erythroparvovirus primate1	t__Human parvovirus B19	26	0.22047635515629563	0.990830361691289	0.9898580121703854	GCF_000839645.1
XX-000093-54E1-OBD01-01-01-DB01-03-66.p2058	22716530	k__Viruses	p__Cossaviricota	c__Papovaviricetes	o__Zurhausenvirales	f__Papillomaviridae	g__Betapapillomavirus	s__Betapapillomavirus 1	t__human papillomavirus 21	26	0.1471321508729471	0.999745287824758	1.0	set:U31779
XX-000093-54E1-OBD01-01-01-DB01-03-66.p2058	22716530	k__Viruses	p__Cossaviricota	c__Quintoviricetes	o__Piccovirales	f__Parvoviridae	g__Erythroparvovirus	s__Erythroparvovirus primate1	t__Human parvovirus B19	20	0.15588104729252772	0.9923841059602649	0.9923371647509579	acc:ON023019.1
XX-000090-54E1-FBD01-01-01-DB01-03-44.p2058	28573426	k__Viruses	p__unclassified_Viruses	c__unclassified_Viruses	o__unclassified_Viruses	f__Anelloviridae	g__unclassified_Anelloviridae	s__unclassified_Anelloviridae	t__unclassified_Anelloviridae	2	0.023355057271302854	0.9912280701754386	1.0	acc:MN774970.1
XX-000090-54E1-FBD01-01-01-DB01-03-44.p2058	28573426	k__Viruses	p__Peploviricota	c__Herviviricetes	o__Herpesvirales	f__Orthoherpesviridae	g__Roseolovirus	s__Roseolovirus humanbeta6b	t__Human betaherpesvirus 6B	415	0.08959118045470864	0.9949805454775822	0.9948301329394387	GCF_000846365.1
XX-000090-54E1-FBD01-01-01-DB01-03-44.p2058	28573426	k__Viruses	p__Peploviricota	c__Herviviricetes	o__Herpesvirales	f__Orthoherpesviridae	g__Roseolovirus	s__unclassified_Roseolovirus	t__unclassified_Roseolovirus	15	0.00329382536997396	0.8395402298850574	0.8414634146341463	GCF_000845685.2
XX-000090-54E1-FBD01-01-01-DB01-03-44.p2058	28573426	k__Viruses	p__Cossaviricota	c__Quintoviricetes	o__Piccovirales	f__Parvoviridae	g__Erythroparvovirus	s__Erythroparvovirus primate1	t__Human parvovirus B19	18	0.1125725446352487	0.9885945548197204	0.9900662251655629	GCF_000839645.1
XX-000075-54E1-FBD01-01-01-DB01-02-80.p2058	23683820	k__Viruses	p__Peploviricota	c__Herviviricetes	o__Herpesvirales	f__Orthoherpesviridae	g__Cytomegalovirus	s__Cytomegalovirus humanbeta5	t__Human betaherpesvirus 5	225	0.04031537410788801	0.9912181986128726	0.9950950337216432	GCF_000845245.1
XX-000075-54E1-FBD01-01-01-DB01-02-80.p2058	23683820	k__Viruses	p__Peploviricota	c__Herviviricetes	o__Herpesvirales	f__Orthoherpesviridae	g__Lymphocryptovirus	s__Lymphocryptovirus humangamma4	t__Human gammaherpesvirus 4	412	0.1012428044770951	0.9916366118311918	0.9921588019214468	GCF_002402265.1
XX-000075-54E1-FBD01-01-01-DB01-02-80.p2058	23683820	k__Viruses	p__Cossaviricota	c__Quintoviricetes	o__Piccovirales	f__Parvoviridae	g__Dependoparvovirus	s__Dependoparvovirus primate1	t__adeno-associated virus 2	4808	43.3870040216643	0.9740349953756617	0.974088713219148	GCF_000838645.1
XX-000075-54E1-FBD01-01-01-DB01-02-80.p2058	23683820	k__Viruses	p__Cossaviricota	c__Quintoviricetes	o__Piccovirales	f__Parvoviridae	g__Erythroparvovirus	s__Erythroparvovirus primate1	t__Human parvovirus B19	3102	23.552507278130577	0.982469537687139	0.9739401725087172	acc:ON023025.1
XX-000077-54E1-ITD01-01-01-DB01-03-01.p2058	24589978	k__Viruses	p__unclassified_Viruses	c__unclassified_Viruses	o__unclassified_Viruses	f__Anelloviridae	g__unclassified_Anelloviridae	s__Torque teno virus	t__unclassified_Torque teno virus	218	2.4402423252355208	0.94302567398549	0.9299931365820179	acc:MT783406.1
XX-000077-54E1-ITD01-01-01-DB01-03-01.p2058	24589978	k__Viruses	p__Cossaviricota	c__Quintoviricetes	o__Piccovirales	f__Parvoviridae	g__Erythroparvovirus	s__Erythroparvovirus primate1	t__Human parvovirus B19	375	2.725181435168914	0.9854900828229467	0.9868932038834951	GCF_000839645.1
XX-000080-54E1-FBD01-01-01-DB01-03-46.p2058	20542010	k__Viruses	p__Peploviricota	c__Herviviricetes	o__Herpesvirales	f__Orthoherpesviridae	g__Lymphocryptovirus	s__Lymphocryptovirus humangamma4	t__Human gammaherpesvirus 4	61	0.01728246162558165	0.9983715123222234	1.0	GCF_002402265.1
XX-000080-54E1-FBD01-01-01-DB01-03-46.p2058	20542010	k__Viruses	p__Peploviricota	c__Herviviricetes	o__Herpesvirales	f__Orthoherpesviridae	g__Roseolovirus	s__Roseolovirus humanbeta6b	t__Human betaherpesvirus 6B	12	0.0036034440899116115	0.9966887417218544	0.9966887417218543	GCF_000846365.1
XX-000099-54E1-OBD01-01-01-DB01-03-76.p2058	24266822	k__Viruses	p__Cossaviricota	c__Quintoviricetes	o__Piccovirales	f__Parvoviridae	g__Erythroparvovirus	s__Erythroparvovirus primate1	t__Human parvovirus B19	104	0.7724741983793949	0.9853300616194116	0.9890023566378633	acc:ON023021.1
XX-000099-54E1-OBD01-01-01-DB01-03-76.p2058	24266822	k__Viruses	p__Cossaviricota	c__Papovaviricetes	o__Sepolyvirales	f__Polyomaviridae	g__Betapolyomavirus	s__Betapolyomavirus secuhominis	t__JC polyomavirus	274	2.2010012700832844	0.9859465613743671	0.9829092290163312	GCF_000863805.1
XX-000096-54E1-FBD01-01-01-DB01-03-64.p2058	22312826	k__Viruses	p__Cossaviricota	c__Quintoviricetes	o__Piccovirales	f__Parvoviridae	g__Erythroparvovirus	s__Erythroparvovirus primate1	t__Human parvovirus B19	504	4.036437682321161	0.989316245429482	0.992603550295858	GCF_000839645.1
